ARM GAS  C:\Users\igorn\AppData\Local\Temp\ccEIC3Pq.s 			page 1


   1              		.cpu cortex-m3
   2              		.arch armv7-m
   3              		.fpu softvfp
   4              		.eabi_attribute 20, 1
   5              		.eabi_attribute 21, 1
   6              		.eabi_attribute 23, 3
   7              		.eabi_attribute 24, 1
   8              		.eabi_attribute 25, 1
   9              		.eabi_attribute 26, 1
  10              		.eabi_attribute 30, 1
  11              		.eabi_attribute 34, 1
  12              		.eabi_attribute 18, 4
  13              		.file	"NOS_WS2812B_Strip_Effects.c"
  14              		.text
  15              	.Ltext0:
  16              		.cfi_sections	.debug_frame
  17              		.file 1 "Core/Src/NOS_WS2812B_Strip_Effects.c"
  18              		.section	.text.NOS_WS2812B_Strip_Effect_Init,"ax",%progbits
  19              		.align	1
  20              		.global	NOS_WS2812B_Strip_Effect_Init
  21              		.syntax unified
  22              		.thumb
  23              		.thumb_func
  25              	NOS_WS2812B_Strip_Effect_Init:
  26              	.LVL0:
  27              	.LFB69:
   1:Core/Src/NOS_WS2812B_Strip_Effects.c **** #include "NOS_WS2812B_Strip_Effects.h"
   2:Core/Src/NOS_WS2812B_Strip_Effects.c **** #include "NOS_WS2812B_Strip.h"
   3:Core/Src/NOS_WS2812B_Strip_Effects.c **** 
   4:Core/Src/NOS_WS2812B_Strip_Effects.c **** void NOS_WS2812B_Strip_Effects_AddEffect(WS2812B_Strip* strip,Effect_Struct effect)
   5:Core/Src/NOS_WS2812B_Strip_Effects.c **** {
   6:Core/Src/NOS_WS2812B_Strip_Effects.c ****     if(strip->effectsCounter < 10)
   7:Core/Src/NOS_WS2812B_Strip_Effects.c ****     {
   8:Core/Src/NOS_WS2812B_Strip_Effects.c ****         switch(effect.effectId)
   9:Core/Src/NOS_WS2812B_Strip_Effects.c ****         {
  10:Core/Src/NOS_WS2812B_Strip_Effects.c ****             case EFFECT_BREATHE_ID:
  11:Core/Src/NOS_WS2812B_Strip_Effects.c ****                 NOS_WS2812B_Strip_Effect_Init(&strip->effects[strip->effectsCounter],&effect.color,
  12:Core/Src/NOS_WS2812B_Strip_Effects.c ****                 break;
  13:Core/Src/NOS_WS2812B_Strip_Effects.c ****             case EFFECT_RAINBOW_ID:
  14:Core/Src/NOS_WS2812B_Strip_Effects.c ****                 NOS_WS2812B_Strip_Effect_Init(&strip->effects[strip->effectsCounter],&effect.color,
  15:Core/Src/NOS_WS2812B_Strip_Effects.c ****                 break;
  16:Core/Src/NOS_WS2812B_Strip_Effects.c ****             case EFFECT_DOTS_ID:
  17:Core/Src/NOS_WS2812B_Strip_Effects.c ****                 NOS_WS2812B_Strip_Effect_Init(&strip->effects[strip->effectsCounter],&effect.color,
  18:Core/Src/NOS_WS2812B_Strip_Effects.c ****                 break;
  19:Core/Src/NOS_WS2812B_Strip_Effects.c ****             case EFFECT_WALKING_PIXELS_ID:
  20:Core/Src/NOS_WS2812B_Strip_Effects.c ****                 NOS_WS2812B_Strip_Effect_Init(&strip->effects[strip->effectsCounter],&effect.color,
  21:Core/Src/NOS_WS2812B_Strip_Effects.c ****                 break;
  22:Core/Src/NOS_WS2812B_Strip_Effects.c ****             case EFFECT_STEADY_COLOR_ID:
  23:Core/Src/NOS_WS2812B_Strip_Effects.c ****                 NOS_WS2812B_Strip_Effect_Init(&strip->effects[strip->effectsCounter],&effect.color,
  24:Core/Src/NOS_WS2812B_Strip_Effects.c ****                 break;
  25:Core/Src/NOS_WS2812B_Strip_Effects.c ****         }
  26:Core/Src/NOS_WS2812B_Strip_Effects.c **** 
  27:Core/Src/NOS_WS2812B_Strip_Effects.c ****         //NOS_WS2812B_Strip_Effects_Check_Conflicts(strip,effect);
  28:Core/Src/NOS_WS2812B_Strip_Effects.c ****         strip->effectsCounter++;
  29:Core/Src/NOS_WS2812B_Strip_Effects.c ****     }
  30:Core/Src/NOS_WS2812B_Strip_Effects.c **** }
  31:Core/Src/NOS_WS2812B_Strip_Effects.c **** 
ARM GAS  C:\Users\igorn\AppData\Local\Temp\ccEIC3Pq.s 			page 2


  32:Core/Src/NOS_WS2812B_Strip_Effects.c **** void NOS_WS2812B_Strip_Effects_Handler(WS2812B_Strip* strip)
  33:Core/Src/NOS_WS2812B_Strip_Effects.c **** {
  34:Core/Src/NOS_WS2812B_Strip_Effects.c ****     for(int i = 0; i < strip->effectsCounter; i++)
  35:Core/Src/NOS_WS2812B_Strip_Effects.c ****     {
  36:Core/Src/NOS_WS2812B_Strip_Effects.c ****         switch(strip->effects[i].effectId)
  37:Core/Src/NOS_WS2812B_Strip_Effects.c ****         {
  38:Core/Src/NOS_WS2812B_Strip_Effects.c ****             case EFFECT_BREATHE_ID:
  39:Core/Src/NOS_WS2812B_Strip_Effects.c ****                 NOS_WS2812B_Strip_Effect_Breathe_Handler(strip,&strip->effects[i]);
  40:Core/Src/NOS_WS2812B_Strip_Effects.c ****                 break;
  41:Core/Src/NOS_WS2812B_Strip_Effects.c ****             case EFFECT_RAINBOW_ID:
  42:Core/Src/NOS_WS2812B_Strip_Effects.c ****                 NOS_WS2812B_Strip_Effect_Rainbow_Handler(strip,&strip->effects[i]);
  43:Core/Src/NOS_WS2812B_Strip_Effects.c ****                 break;
  44:Core/Src/NOS_WS2812B_Strip_Effects.c ****             case EFFECT_DOTS_ID:
  45:Core/Src/NOS_WS2812B_Strip_Effects.c ****                 NOS_WS2812B_Strip_Effect_Dots_Handler(strip,&strip->effects[i]);
  46:Core/Src/NOS_WS2812B_Strip_Effects.c ****                 break;
  47:Core/Src/NOS_WS2812B_Strip_Effects.c ****             case EFFECT_WALKING_PIXELS_ID:
  48:Core/Src/NOS_WS2812B_Strip_Effects.c ****                 NOS_WS2812B_Strip_Effect_Walking_Pixels_Handler(strip,&strip->effects[i]);
  49:Core/Src/NOS_WS2812B_Strip_Effects.c ****                 break;
  50:Core/Src/NOS_WS2812B_Strip_Effects.c ****             case EFFECT_STEADY_COLOR_ID:
  51:Core/Src/NOS_WS2812B_Strip_Effects.c ****                 NOS_WS2812B_Strip_Effect_Steady_Color_Handler(strip,&strip->effects[i]);
  52:Core/Src/NOS_WS2812B_Strip_Effects.c ****                 break;
  53:Core/Src/NOS_WS2812B_Strip_Effects.c ****         }
  54:Core/Src/NOS_WS2812B_Strip_Effects.c ****     }
  55:Core/Src/NOS_WS2812B_Strip_Effects.c **** }
  56:Core/Src/NOS_WS2812B_Strip_Effects.c **** 
  57:Core/Src/NOS_WS2812B_Strip_Effects.c **** void NOS_WS2812B_Strip_Effects_Check_Conflicts(WS2812B_Strip* strip,Effect_Struct effect)
  58:Core/Src/NOS_WS2812B_Strip_Effects.c **** {
  59:Core/Src/NOS_WS2812B_Strip_Effects.c ****     PixelColor color = {0,0,0};
  60:Core/Src/NOS_WS2812B_Strip_Effects.c ****     switch(effect.effectId)
  61:Core/Src/NOS_WS2812B_Strip_Effects.c ****     {
  62:Core/Src/NOS_WS2812B_Strip_Effects.c ****         case EFFECT_RAINBOW_ID:
  63:Core/Src/NOS_WS2812B_Strip_Effects.c **** 
  64:Core/Src/NOS_WS2812B_Strip_Effects.c ****             NOS_WS2812B_Strip_Effect_Enable(strip,EFFECT_RAINBOW_ID);
  65:Core/Src/NOS_WS2812B_Strip_Effects.c ****             NOS_WS2812B_Strip_Effect_Disable(strip,EFFECT_STEADY_COLOR_ID);
  66:Core/Src/NOS_WS2812B_Strip_Effects.c ****             NOS_WS2812B_Strip_Effect_Disable(strip,EFFECT_DOTS_ID);
  67:Core/Src/NOS_WS2812B_Strip_Effects.c ****             
  68:Core/Src/NOS_WS2812B_Strip_Effects.c ****             NOS_WS2812B_Strip_ColorFill(strip,color);
  69:Core/Src/NOS_WS2812B_Strip_Effects.c ****         break;
  70:Core/Src/NOS_WS2812B_Strip_Effects.c ****         
  71:Core/Src/NOS_WS2812B_Strip_Effects.c ****         case EFFECT_DOTS_ID:
  72:Core/Src/NOS_WS2812B_Strip_Effects.c **** 
  73:Core/Src/NOS_WS2812B_Strip_Effects.c ****             NOS_WS2812B_Strip_Effect_Enable(strip,EFFECT_DOTS_ID);
  74:Core/Src/NOS_WS2812B_Strip_Effects.c ****             NOS_WS2812B_Strip_Effect_Disable(strip,EFFECT_RAINBOW_ID);
  75:Core/Src/NOS_WS2812B_Strip_Effects.c ****             NOS_WS2812B_Strip_Effect_Disable(strip,EFFECT_WALKING_PIXELS_ID);
  76:Core/Src/NOS_WS2812B_Strip_Effects.c ****             NOS_WS2812B_Strip_Effect_Disable(strip,EFFECT_STEADY_COLOR_ID);
  77:Core/Src/NOS_WS2812B_Strip_Effects.c **** 
  78:Core/Src/NOS_WS2812B_Strip_Effects.c ****             NOS_WS2812B_Strip_ColorFill(strip,color);
  79:Core/Src/NOS_WS2812B_Strip_Effects.c ****         break;
  80:Core/Src/NOS_WS2812B_Strip_Effects.c **** 
  81:Core/Src/NOS_WS2812B_Strip_Effects.c ****         case EFFECT_WALKING_PIXELS_ID:
  82:Core/Src/NOS_WS2812B_Strip_Effects.c **** 
  83:Core/Src/NOS_WS2812B_Strip_Effects.c ****             NOS_WS2812B_Strip_Effect_Enable(strip,EFFECT_WALKING_PIXELS_ID);
  84:Core/Src/NOS_WS2812B_Strip_Effects.c ****             NOS_WS2812B_Strip_Effect_Disable(strip,EFFECT_DOTS_ID);
  85:Core/Src/NOS_WS2812B_Strip_Effects.c **** 
  86:Core/Src/NOS_WS2812B_Strip_Effects.c ****             NOS_WS2812B_Strip_ColorFill(strip,color);
  87:Core/Src/NOS_WS2812B_Strip_Effects.c ****         break;
  88:Core/Src/NOS_WS2812B_Strip_Effects.c **** 
ARM GAS  C:\Users\igorn\AppData\Local\Temp\ccEIC3Pq.s 			page 3


  89:Core/Src/NOS_WS2812B_Strip_Effects.c ****         case EFFECT_STEADY_COLOR_ID:
  90:Core/Src/NOS_WS2812B_Strip_Effects.c **** 
  91:Core/Src/NOS_WS2812B_Strip_Effects.c ****             NOS_WS2812B_Strip_Effect_Enable(strip,EFFECT_STEADY_COLOR_ID);
  92:Core/Src/NOS_WS2812B_Strip_Effects.c ****             NOS_WS2812B_Strip_Effect_Disable(strip,EFFECT_RAINBOW_ID);
  93:Core/Src/NOS_WS2812B_Strip_Effects.c ****             NOS_WS2812B_Strip_Effect_Disable(strip,EFFECT_DOTS_ID);
  94:Core/Src/NOS_WS2812B_Strip_Effects.c **** 
  95:Core/Src/NOS_WS2812B_Strip_Effects.c ****             NOS_WS2812B_Strip_ColorFill(strip,color);
  96:Core/Src/NOS_WS2812B_Strip_Effects.c ****         break;
  97:Core/Src/NOS_WS2812B_Strip_Effects.c ****     }
  98:Core/Src/NOS_WS2812B_Strip_Effects.c **** }
  99:Core/Src/NOS_WS2812B_Strip_Effects.c **** 
 100:Core/Src/NOS_WS2812B_Strip_Effects.c **** void NOS_WS2812B_Strip_Effects_UpdateEffect(WS2812B_Strip* strip,Effect_Struct effect)
 101:Core/Src/NOS_WS2812B_Strip_Effects.c **** {
 102:Core/Src/NOS_WS2812B_Strip_Effects.c ****         switch(effect.effectId)
 103:Core/Src/NOS_WS2812B_Strip_Effects.c ****         {
 104:Core/Src/NOS_WS2812B_Strip_Effects.c ****             case EFFECT_BREATHE_ID:
 105:Core/Src/NOS_WS2812B_Strip_Effects.c ****                 NOS_WS2812B_Strip_Effect_Init(&strip->effects[0],&effect.color,effect.speed.data,ef
 106:Core/Src/NOS_WS2812B_Strip_Effects.c ****                 break;
 107:Core/Src/NOS_WS2812B_Strip_Effects.c ****             case EFFECT_RAINBOW_ID:
 108:Core/Src/NOS_WS2812B_Strip_Effects.c ****                 NOS_WS2812B_Strip_Effect_Init(&strip->effects[1],&effect.color,effect.speed.data,ef
 109:Core/Src/NOS_WS2812B_Strip_Effects.c ****                 break;
 110:Core/Src/NOS_WS2812B_Strip_Effects.c ****             case EFFECT_DOTS_ID:
 111:Core/Src/NOS_WS2812B_Strip_Effects.c ****                 NOS_WS2812B_Strip_Effect_Init(&strip->effects[2],&effect.color,effect.speed.data,ef
 112:Core/Src/NOS_WS2812B_Strip_Effects.c ****                 break;
 113:Core/Src/NOS_WS2812B_Strip_Effects.c ****             case EFFECT_WALKING_PIXELS_ID:
 114:Core/Src/NOS_WS2812B_Strip_Effects.c ****                 NOS_WS2812B_Strip_Effect_Init(&strip->effects[3],&effect.color,effect.speed.data,ef
 115:Core/Src/NOS_WS2812B_Strip_Effects.c ****                 break;
 116:Core/Src/NOS_WS2812B_Strip_Effects.c ****             case EFFECT_STEADY_COLOR_ID:
 117:Core/Src/NOS_WS2812B_Strip_Effects.c ****                 NOS_WS2812B_Strip_Effect_Init(&strip->effects[4],&effect.color,effect.speed.data,ef
 118:Core/Src/NOS_WS2812B_Strip_Effects.c ****                 break;
 119:Core/Src/NOS_WS2812B_Strip_Effects.c ****         }
 120:Core/Src/NOS_WS2812B_Strip_Effects.c **** 
 121:Core/Src/NOS_WS2812B_Strip_Effects.c ****         //NOS_WS2812B_Strip_Effects_Check_Conflicts(strip,effect);
 122:Core/Src/NOS_WS2812B_Strip_Effects.c **** }
 123:Core/Src/NOS_WS2812B_Strip_Effects.c **** 
 124:Core/Src/NOS_WS2812B_Strip_Effects.c **** void NOS_WS2812B_Strip_Effect_Init(Effect_Struct* effect,PixelColor* color,uint16_t speed,uint16_t 
 125:Core/Src/NOS_WS2812B_Strip_Effects.c **** {
  28              		.loc 1 125 1 view -0
  29              		.cfi_startproc
  30              		@ args = 32, pretend = 0, frame = 0
  31              		@ frame_needed = 0, uses_anonymous_args = 0
  32              		.loc 1 125 1 is_stmt 0 view .LVU1
  33 0000 2DE9F843 		push	{r3, r4, r5, r6, r7, r8, r9, lr}
  34              		.cfi_def_cfa_offset 32
  35              		.cfi_offset 3, -32
  36              		.cfi_offset 4, -28
  37              		.cfi_offset 5, -24
  38              		.cfi_offset 6, -20
  39              		.cfi_offset 7, -16
  40              		.cfi_offset 8, -12
  41              		.cfi_offset 9, -8
  42              		.cfi_offset 14, -4
  43 0004 0446     		mov	r4, r0
  44 0006 0D46     		mov	r5, r1
  45 0008 1746     		mov	r7, r2
  46 000a 1E46     		mov	r6, r3
  47 000c BDF82090 		ldrh	r9, [sp, #32]
ARM GAS  C:\Users\igorn\AppData\Local\Temp\ccEIC3Pq.s 			page 4


  48 0010 BDF82480 		ldrh	r8, [sp, #36]
 126:Core/Src/NOS_WS2812B_Strip_Effects.c ****         NOS_Math_SinValue_Init(&effect->value,minValue,maxValue,step);
  49              		.loc 1 126 9 is_stmt 1 view .LVU2
  50 0014 4246     		mov	r2, r8
  51              	.LVL1:
  52              		.loc 1 126 9 is_stmt 0 view .LVU3
  53 0016 4946     		mov	r1, r9
  54              	.LVL2:
  55              		.loc 1 126 9 view .LVU4
  56 0018 FFF7FEFF 		bl	NOS_Math_SinValue_Init
  57              	.LVL3:
 127:Core/Src/NOS_WS2812B_Strip_Effects.c ****         effect->minValue = minValue;
  58              		.loc 1 127 9 is_stmt 1 view .LVU5
  59              		.loc 1 127 26 is_stmt 0 view .LVU6
  60 001c A4F81A90 		strh	r9, [r4, #26]	@ movhi
 128:Core/Src/NOS_WS2812B_Strip_Effects.c ****         effect->maxValue = maxValue;
  61              		.loc 1 128 9 is_stmt 1 view .LVU7
  62              		.loc 1 128 26 is_stmt 0 view .LVU8
  63 0020 A4F81C80 		strh	r8, [r4, #28]	@ movhi
 129:Core/Src/NOS_WS2812B_Strip_Effects.c ****         effect->speed.data = speed;
  64              		.loc 1 129 9 is_stmt 1 view .LVU9
  65              		.loc 1 129 28 is_stmt 0 view .LVU10
  66 0024 A782     		strh	r7, [r4, #20]	@ movhi
 130:Core/Src/NOS_WS2812B_Strip_Effects.c ****         effect->step.data = step;
  67              		.loc 1 130 9 is_stmt 1 view .LVU11
  68              		.loc 1 130 27 is_stmt 0 view .LVU12
  69 0026 E682     		strh	r6, [r4, #22]	@ movhi
 131:Core/Src/NOS_WS2812B_Strip_Effects.c ****         effect->enabled = enabled;
  70              		.loc 1 131 9 is_stmt 1 view .LVU13
  71              		.loc 1 131 25 is_stmt 0 view .LVU14
  72 0028 9DF83C30 		ldrb	r3, [sp, #60]	@ zero_extendqisi2
  73 002c 84F82930 		strb	r3, [r4, #41]
 132:Core/Src/NOS_WS2812B_Strip_Effects.c ****         if(color != NULL)
  74              		.loc 1 132 9 is_stmt 1 view .LVU15
  75              		.loc 1 132 11 is_stmt 0 view .LVU16
  76 0030 C5B1     		cbz	r5, .L2
 133:Core/Src/NOS_WS2812B_Strip_Effects.c ****         {
 134:Core/Src/NOS_WS2812B_Strip_Effects.c ****             NOS_PixelColor_SetColor(&effect->color,color->R,color->G,color->B);
  77              		.loc 1 134 13 is_stmt 1 view .LVU17
  78 0032 AB78     		ldrb	r3, [r5, #2]	@ zero_extendqisi2
  79 0034 6A78     		ldrb	r2, [r5, #1]	@ zero_extendqisi2
  80 0036 2978     		ldrb	r1, [r5]	@ zero_extendqisi2
  81 0038 04F12600 		add	r0, r4, #38
  82 003c FFF7FEFF 		bl	NOS_PixelColor_SetColor
  83              	.LVL4:
  84              	.L3:
 135:Core/Src/NOS_WS2812B_Strip_Effects.c ****         }
 136:Core/Src/NOS_WS2812B_Strip_Effects.c ****         else
 137:Core/Src/NOS_WS2812B_Strip_Effects.c ****         {
 138:Core/Src/NOS_WS2812B_Strip_Effects.c ****             NOS_PixelColor_SetColor(&effect->color,0,0,0);
 139:Core/Src/NOS_WS2812B_Strip_Effects.c ****         }
 140:Core/Src/NOS_WS2812B_Strip_Effects.c **** 
 141:Core/Src/NOS_WS2812B_Strip_Effects.c ****         effect->effectId = effectID;
  85              		.loc 1 141 9 view .LVU18
  86              		.loc 1 141 26 is_stmt 0 view .LVU19
  87 0040 9DF83830 		ldrb	r3, [sp, #56]	@ zero_extendqisi2
  88 0044 84F82A30 		strb	r3, [r4, #42]
ARM GAS  C:\Users\igorn\AppData\Local\Temp\ccEIC3Pq.s 			page 5


 142:Core/Src/NOS_WS2812B_Strip_Effects.c ****         
 143:Core/Src/NOS_WS2812B_Strip_Effects.c ****         effect->param1 = param1;
  89              		.loc 1 143 9 is_stmt 1 view .LVU20
  90              		.loc 1 143 24 is_stmt 0 view .LVU21
  91 0048 BDF82830 		ldrh	r3, [sp, #40]
  92 004c E383     		strh	r3, [r4, #30]	@ movhi
 144:Core/Src/NOS_WS2812B_Strip_Effects.c ****         effect->param2 = param2;
  93              		.loc 1 144 9 is_stmt 1 view .LVU22
  94              		.loc 1 144 24 is_stmt 0 view .LVU23
  95 004e BDF82C30 		ldrh	r3, [sp, #44]
  96 0052 2384     		strh	r3, [r4, #32]	@ movhi
 145:Core/Src/NOS_WS2812B_Strip_Effects.c ****         effect->param3 = param3;
  97              		.loc 1 145 9 is_stmt 1 view .LVU24
  98              		.loc 1 145 24 is_stmt 0 view .LVU25
  99 0054 BDF83030 		ldrh	r3, [sp, #48]
 100 0058 6384     		strh	r3, [r4, #34]	@ movhi
 146:Core/Src/NOS_WS2812B_Strip_Effects.c ****         effect->param4 = param4;
 101              		.loc 1 146 9 is_stmt 1 view .LVU26
 102              		.loc 1 146 24 is_stmt 0 view .LVU27
 103 005a BDF83430 		ldrh	r3, [sp, #52]
 104 005e A384     		strh	r3, [r4, #36]	@ movhi
 147:Core/Src/NOS_WS2812B_Strip_Effects.c **** }
 105              		.loc 1 147 1 view .LVU28
 106 0060 BDE8F883 		pop	{r3, r4, r5, r6, r7, r8, r9, pc}
 107              	.LVL5:
 108              	.L2:
 138:Core/Src/NOS_WS2812B_Strip_Effects.c ****         }
 109              		.loc 1 138 13 is_stmt 1 view .LVU29
 110 0064 0023     		movs	r3, #0
 111 0066 1A46     		mov	r2, r3
 112 0068 1946     		mov	r1, r3
 113 006a 04F12600 		add	r0, r4, #38
 114 006e FFF7FEFF 		bl	NOS_PixelColor_SetColor
 115              	.LVL6:
 116 0072 E5E7     		b	.L3
 117              		.cfi_endproc
 118              	.LFE69:
 120              		.section	.text.NOS_WS2812B_Strip_Effects_AddEffect,"ax",%progbits
 121              		.align	1
 122              		.global	NOS_WS2812B_Strip_Effects_AddEffect
 123              		.syntax unified
 124              		.thumb
 125              		.thumb_func
 127              	NOS_WS2812B_Strip_Effects_AddEffect:
 128              	.LVL7:
 129              	.LFB65:
   5:Core/Src/NOS_WS2812B_Strip_Effects.c ****     if(strip->effectsCounter < 10)
 130              		.loc 1 5 1 view -0
 131              		.cfi_startproc
 132              		@ args = 48, pretend = 16, frame = 0
 133              		@ frame_needed = 0, uses_anonymous_args = 0
   5:Core/Src/NOS_WS2812B_Strip_Effects.c ****     if(strip->effectsCounter < 10)
 134              		.loc 1 5 1 is_stmt 0 view .LVU31
 135 0000 84B0     		sub	sp, sp, #16
 136              		.cfi_def_cfa_offset 16
 137 0002 10B5     		push	{r4, lr}
 138              		.cfi_def_cfa_offset 24
ARM GAS  C:\Users\igorn\AppData\Local\Temp\ccEIC3Pq.s 			page 6


 139              		.cfi_offset 4, -24
 140              		.cfi_offset 14, -20
 141 0004 88B0     		sub	sp, sp, #32
 142              		.cfi_def_cfa_offset 56
 143 0006 0446     		mov	r4, r0
 144 0008 0BA8     		add	r0, sp, #44
 145              	.LVL8:
   5:Core/Src/NOS_WS2812B_Strip_Effects.c ****     if(strip->effectsCounter < 10)
 146              		.loc 1 5 1 view .LVU32
 147 000a 80E80E00 		stm	r0, {r1, r2, r3}
   6:Core/Src/NOS_WS2812B_Strip_Effects.c ****     {
 148              		.loc 1 6 5 is_stmt 1 view .LVU33
   6:Core/Src/NOS_WS2812B_Strip_Effects.c ****     {
 149              		.loc 1 6 13 is_stmt 0 view .LVU34
 150 000e 94F8EC00 		ldrb	r0, [r4, #236]	@ zero_extendqisi2
   6:Core/Src/NOS_WS2812B_Strip_Effects.c ****     {
 151              		.loc 1 6 7 view .LVU35
 152 0012 0928     		cmp	r0, #9
 153 0014 32D8     		bhi	.L5
   8:Core/Src/NOS_WS2812B_Strip_Effects.c ****         {
 154              		.loc 1 8 9 is_stmt 1 view .LVU36
   8:Core/Src/NOS_WS2812B_Strip_Effects.c ****         {
 155              		.loc 1 8 22 is_stmt 0 view .LVU37
 156 0016 9DF85620 		ldrb	r2, [sp, #86]	@ zero_extendqisi2
   8:Core/Src/NOS_WS2812B_Strip_Effects.c ****         {
 157              		.loc 1 8 9 view .LVU38
 158 001a A2F12003 		sub	r3, r2, #32
 159 001e 042B     		cmp	r3, #4
 160 0020 27D8     		bhi	.L7
 161 0022 DFE803F0 		tbb	[pc, r3]
 162              	.L9:
 163 0026 03       		.byte	(.L13-.L9)/2
 164 0027 30       		.byte	(.L12-.L9)/2
 165 0028 54       		.byte	(.L11-.L9)/2
 166 0029 78       		.byte	(.L10-.L9)/2
 167 002a 9C       		.byte	(.L8-.L9)/2
 168 002b 00       		.p2align 1
 169              	.L13:
  11:Core/Src/NOS_WS2812B_Strip_Effects.c ****                 break;
 170              		.loc 1 11 17 is_stmt 1 view .LVU39
 171 002c 2C23     		movs	r3, #44
 172 002e 03FB00F0 		mul	r0, r3, r0
 173 0032 1030     		adds	r0, r0, #16
 174 0034 9DF85530 		ldrb	r3, [sp, #85]	@ zero_extendqisi2
 175 0038 0793     		str	r3, [sp, #28]
 176 003a 0692     		str	r2, [sp, #24]
 177 003c BDF85030 		ldrh	r3, [sp, #80]
 178 0040 0593     		str	r3, [sp, #20]
 179 0042 BDF84E30 		ldrh	r3, [sp, #78]
 180 0046 0493     		str	r3, [sp, #16]
 181 0048 BDF84C30 		ldrh	r3, [sp, #76]
 182 004c 0393     		str	r3, [sp, #12]
 183 004e BDF84A30 		ldrh	r3, [sp, #74]
 184 0052 0293     		str	r3, [sp, #8]
 185 0054 BDF84830 		ldrh	r3, [sp, #72]
 186 0058 0193     		str	r3, [sp, #4]
 187 005a BDF84630 		ldrh	r3, [sp, #70]
ARM GAS  C:\Users\igorn\AppData\Local\Temp\ccEIC3Pq.s 			page 7


 188 005e 0093     		str	r3, [sp]
 189 0060 BDF84230 		ldrh	r3, [sp, #66]
 190 0064 BDF84020 		ldrh	r2, [sp, #64]
 191 0068 0DF15201 		add	r1, sp, #82
 192 006c 2044     		add	r0, r0, r4
 193 006e FFF7FEFF 		bl	NOS_WS2812B_Strip_Effect_Init
 194              	.LVL9:
  12:Core/Src/NOS_WS2812B_Strip_Effects.c ****             case EFFECT_RAINBOW_ID:
 195              		.loc 1 12 17 view .LVU40
 196              	.L7:
  28:Core/Src/NOS_WS2812B_Strip_Effects.c ****     }
 197              		.loc 1 28 9 view .LVU41
  28:Core/Src/NOS_WS2812B_Strip_Effects.c ****     }
 198              		.loc 1 28 14 is_stmt 0 view .LVU42
 199 0072 94F8EC30 		ldrb	r3, [r4, #236]	@ zero_extendqisi2
  28:Core/Src/NOS_WS2812B_Strip_Effects.c ****     }
 200              		.loc 1 28 30 view .LVU43
 201 0076 0133     		adds	r3, r3, #1
 202 0078 84F8EC30 		strb	r3, [r4, #236]
 203              	.L5:
  30:Core/Src/NOS_WS2812B_Strip_Effects.c **** 
 204              		.loc 1 30 1 view .LVU44
 205 007c 08B0     		add	sp, sp, #32
 206              		.cfi_remember_state
 207              		.cfi_def_cfa_offset 24
 208              		@ sp needed
 209 007e BDE81040 		pop	{r4, lr}
 210              		.cfi_restore 14
 211              		.cfi_restore 4
 212              		.cfi_def_cfa_offset 16
 213              	.LVL10:
  30:Core/Src/NOS_WS2812B_Strip_Effects.c **** 
 214              		.loc 1 30 1 view .LVU45
 215 0082 04B0     		add	sp, sp, #16
 216              		.cfi_def_cfa_offset 0
 217 0084 7047     		bx	lr
 218              	.LVL11:
 219              	.L12:
 220              		.cfi_restore_state
  14:Core/Src/NOS_WS2812B_Strip_Effects.c ****                 break;
 221              		.loc 1 14 17 is_stmt 1 view .LVU46
 222 0086 2C23     		movs	r3, #44
 223 0088 03FB00F0 		mul	r0, r3, r0
 224 008c 1030     		adds	r0, r0, #16
 225 008e 9DF85530 		ldrb	r3, [sp, #85]	@ zero_extendqisi2
 226 0092 0793     		str	r3, [sp, #28]
 227 0094 0692     		str	r2, [sp, #24]
 228 0096 BDF85030 		ldrh	r3, [sp, #80]
 229 009a 0593     		str	r3, [sp, #20]
 230 009c BDF84E30 		ldrh	r3, [sp, #78]
 231 00a0 0493     		str	r3, [sp, #16]
 232 00a2 BDF84C30 		ldrh	r3, [sp, #76]
 233 00a6 0393     		str	r3, [sp, #12]
 234 00a8 BDF84A30 		ldrh	r3, [sp, #74]
 235 00ac 0293     		str	r3, [sp, #8]
 236 00ae BDF84830 		ldrh	r3, [sp, #72]
 237 00b2 0193     		str	r3, [sp, #4]
ARM GAS  C:\Users\igorn\AppData\Local\Temp\ccEIC3Pq.s 			page 8


 238 00b4 BDF84630 		ldrh	r3, [sp, #70]
 239 00b8 0093     		str	r3, [sp]
 240 00ba BDF84230 		ldrh	r3, [sp, #66]
 241 00be BDF84020 		ldrh	r2, [sp, #64]
 242 00c2 0DF15201 		add	r1, sp, #82
 243 00c6 2044     		add	r0, r0, r4
 244 00c8 FFF7FEFF 		bl	NOS_WS2812B_Strip_Effect_Init
 245              	.LVL12:
  15:Core/Src/NOS_WS2812B_Strip_Effects.c ****             case EFFECT_DOTS_ID:
 246              		.loc 1 15 17 view .LVU47
 247 00cc D1E7     		b	.L7
 248              	.L11:
  17:Core/Src/NOS_WS2812B_Strip_Effects.c ****                 break;
 249              		.loc 1 17 17 view .LVU48
 250 00ce 2C23     		movs	r3, #44
 251 00d0 03FB00F0 		mul	r0, r3, r0
 252 00d4 1030     		adds	r0, r0, #16
 253 00d6 9DF85530 		ldrb	r3, [sp, #85]	@ zero_extendqisi2
 254 00da 0793     		str	r3, [sp, #28]
 255 00dc 0692     		str	r2, [sp, #24]
 256 00de BDF85030 		ldrh	r3, [sp, #80]
 257 00e2 0593     		str	r3, [sp, #20]
 258 00e4 BDF84E30 		ldrh	r3, [sp, #78]
 259 00e8 0493     		str	r3, [sp, #16]
 260 00ea BDF84C30 		ldrh	r3, [sp, #76]
 261 00ee 0393     		str	r3, [sp, #12]
 262 00f0 BDF84A30 		ldrh	r3, [sp, #74]
 263 00f4 0293     		str	r3, [sp, #8]
 264 00f6 BDF84830 		ldrh	r3, [sp, #72]
 265 00fa 0193     		str	r3, [sp, #4]
 266 00fc BDF84630 		ldrh	r3, [sp, #70]
 267 0100 0093     		str	r3, [sp]
 268 0102 BDF84230 		ldrh	r3, [sp, #66]
 269 0106 BDF84020 		ldrh	r2, [sp, #64]
 270 010a 0DF15201 		add	r1, sp, #82
 271 010e 2044     		add	r0, r0, r4
 272 0110 FFF7FEFF 		bl	NOS_WS2812B_Strip_Effect_Init
 273              	.LVL13:
  18:Core/Src/NOS_WS2812B_Strip_Effects.c ****             case EFFECT_WALKING_PIXELS_ID:
 274              		.loc 1 18 17 view .LVU49
 275 0114 ADE7     		b	.L7
 276              	.L10:
  20:Core/Src/NOS_WS2812B_Strip_Effects.c ****                 break;
 277              		.loc 1 20 17 view .LVU50
 278 0116 2C23     		movs	r3, #44
 279 0118 03FB00F0 		mul	r0, r3, r0
 280 011c 1030     		adds	r0, r0, #16
 281 011e 9DF85530 		ldrb	r3, [sp, #85]	@ zero_extendqisi2
 282 0122 0793     		str	r3, [sp, #28]
 283 0124 0692     		str	r2, [sp, #24]
 284 0126 BDF85030 		ldrh	r3, [sp, #80]
 285 012a 0593     		str	r3, [sp, #20]
 286 012c BDF84E30 		ldrh	r3, [sp, #78]
 287 0130 0493     		str	r3, [sp, #16]
 288 0132 BDF84C30 		ldrh	r3, [sp, #76]
 289 0136 0393     		str	r3, [sp, #12]
 290 0138 BDF84A30 		ldrh	r3, [sp, #74]
ARM GAS  C:\Users\igorn\AppData\Local\Temp\ccEIC3Pq.s 			page 9


 291 013c 0293     		str	r3, [sp, #8]
 292 013e BDF84830 		ldrh	r3, [sp, #72]
 293 0142 0193     		str	r3, [sp, #4]
 294 0144 BDF84630 		ldrh	r3, [sp, #70]
 295 0148 0093     		str	r3, [sp]
 296 014a BDF84230 		ldrh	r3, [sp, #66]
 297 014e BDF84020 		ldrh	r2, [sp, #64]
 298 0152 0DF15201 		add	r1, sp, #82
 299 0156 2044     		add	r0, r0, r4
 300 0158 FFF7FEFF 		bl	NOS_WS2812B_Strip_Effect_Init
 301              	.LVL14:
  21:Core/Src/NOS_WS2812B_Strip_Effects.c ****             case EFFECT_STEADY_COLOR_ID:
 302              		.loc 1 21 17 view .LVU51
 303 015c 89E7     		b	.L7
 304              	.L8:
  23:Core/Src/NOS_WS2812B_Strip_Effects.c ****                 break;
 305              		.loc 1 23 17 view .LVU52
 306 015e 2C23     		movs	r3, #44
 307 0160 03FB00F0 		mul	r0, r3, r0
 308 0164 1030     		adds	r0, r0, #16
 309 0166 9DF85530 		ldrb	r3, [sp, #85]	@ zero_extendqisi2
 310 016a 0793     		str	r3, [sp, #28]
 311 016c 0692     		str	r2, [sp, #24]
 312 016e BDF85030 		ldrh	r3, [sp, #80]
 313 0172 0593     		str	r3, [sp, #20]
 314 0174 BDF84E30 		ldrh	r3, [sp, #78]
 315 0178 0493     		str	r3, [sp, #16]
 316 017a BDF84C30 		ldrh	r3, [sp, #76]
 317 017e 0393     		str	r3, [sp, #12]
 318 0180 BDF84A30 		ldrh	r3, [sp, #74]
 319 0184 0293     		str	r3, [sp, #8]
 320 0186 BDF84830 		ldrh	r3, [sp, #72]
 321 018a 0193     		str	r3, [sp, #4]
 322 018c BDF84630 		ldrh	r3, [sp, #70]
 323 0190 0093     		str	r3, [sp]
 324 0192 BDF84230 		ldrh	r3, [sp, #66]
 325 0196 BDF84020 		ldrh	r2, [sp, #64]
 326 019a 0DF15201 		add	r1, sp, #82
 327 019e 2044     		add	r0, r0, r4
 328 01a0 FFF7FEFF 		bl	NOS_WS2812B_Strip_Effect_Init
 329              	.LVL15:
  24:Core/Src/NOS_WS2812B_Strip_Effects.c ****         }
 330              		.loc 1 24 17 view .LVU53
 331 01a4 65E7     		b	.L7
 332              		.cfi_endproc
 333              	.LFE65:
 335              		.section	.text.NOS_WS2812B_Strip_Effects_UpdateEffect,"ax",%progbits
 336              		.align	1
 337              		.global	NOS_WS2812B_Strip_Effects_UpdateEffect
 338              		.syntax unified
 339              		.thumb
 340              		.thumb_func
 342              	NOS_WS2812B_Strip_Effects_UpdateEffect:
 343              	.LVL16:
 344              	.LFB68:
 101:Core/Src/NOS_WS2812B_Strip_Effects.c ****         switch(effect.effectId)
 345              		.loc 1 101 1 view -0
ARM GAS  C:\Users\igorn\AppData\Local\Temp\ccEIC3Pq.s 			page 10


 346              		.cfi_startproc
 347              		@ args = 48, pretend = 16, frame = 0
 348              		@ frame_needed = 0, uses_anonymous_args = 0
 101:Core/Src/NOS_WS2812B_Strip_Effects.c ****         switch(effect.effectId)
 349              		.loc 1 101 1 is_stmt 0 view .LVU55
 350 0000 84B0     		sub	sp, sp, #16
 351              		.cfi_def_cfa_offset 16
 352 0002 00B5     		push	{lr}
 353              		.cfi_def_cfa_offset 20
 354              		.cfi_offset 14, -20
 355 0004 89B0     		sub	sp, sp, #36
 356              		.cfi_def_cfa_offset 56
 357 0006 0DF12C0C 		add	ip, sp, #44
 358 000a 8CE80E00 		stm	ip, {r1, r2, r3}
 102:Core/Src/NOS_WS2812B_Strip_Effects.c ****         {
 359              		.loc 1 102 9 is_stmt 1 view .LVU56
 102:Core/Src/NOS_WS2812B_Strip_Effects.c ****         {
 360              		.loc 1 102 22 is_stmt 0 view .LVU57
 361 000e 9DF85620 		ldrb	r2, [sp, #86]	@ zero_extendqisi2
 102:Core/Src/NOS_WS2812B_Strip_Effects.c ****         {
 362              		.loc 1 102 9 view .LVU58
 363 0012 A2F12003 		sub	r3, r2, #32
 364 0016 042B     		cmp	r3, #4
 365 0018 23D8     		bhi	.L16
 366 001a DFE803F0 		tbb	[pc, r3]
 367              	.L19:
 368 001e 03       		.byte	(.L23-.L19)/2
 369 001f 27       		.byte	(.L22-.L19)/2
 370 0020 47       		.byte	(.L21-.L19)/2
 371 0021 67       		.byte	(.L20-.L19)/2
 372 0022 87       		.byte	(.L18-.L19)/2
 373 0023 00       		.p2align 1
 374              	.L23:
 105:Core/Src/NOS_WS2812B_Strip_Effects.c ****                 break;
 375              		.loc 1 105 17 is_stmt 1 view .LVU59
 376 0024 9DF85530 		ldrb	r3, [sp, #85]	@ zero_extendqisi2
 377 0028 0793     		str	r3, [sp, #28]
 378 002a 0692     		str	r2, [sp, #24]
 379 002c BDF85030 		ldrh	r3, [sp, #80]
 380 0030 0593     		str	r3, [sp, #20]
 381 0032 BDF84E30 		ldrh	r3, [sp, #78]
 382 0036 0493     		str	r3, [sp, #16]
 383 0038 BDF84C30 		ldrh	r3, [sp, #76]
 384 003c 0393     		str	r3, [sp, #12]
 385 003e BDF84A30 		ldrh	r3, [sp, #74]
 386 0042 0293     		str	r3, [sp, #8]
 387 0044 BDF84830 		ldrh	r3, [sp, #72]
 388 0048 0193     		str	r3, [sp, #4]
 389 004a BDF84630 		ldrh	r3, [sp, #70]
 390 004e 0093     		str	r3, [sp]
 391 0050 BDF84230 		ldrh	r3, [sp, #66]
 392 0054 BDF84020 		ldrh	r2, [sp, #64]
 393 0058 0DF15201 		add	r1, sp, #82
 394 005c 1030     		adds	r0, r0, #16
 395              	.LVL17:
 105:Core/Src/NOS_WS2812B_Strip_Effects.c ****                 break;
 396              		.loc 1 105 17 is_stmt 0 view .LVU60
ARM GAS  C:\Users\igorn\AppData\Local\Temp\ccEIC3Pq.s 			page 11


 397 005e FFF7FEFF 		bl	NOS_WS2812B_Strip_Effect_Init
 398              	.LVL18:
 106:Core/Src/NOS_WS2812B_Strip_Effects.c ****             case EFFECT_RAINBOW_ID:
 399              		.loc 1 106 17 is_stmt 1 view .LVU61
 400              	.L16:
 122:Core/Src/NOS_WS2812B_Strip_Effects.c **** 
 401              		.loc 1 122 1 is_stmt 0 view .LVU62
 402 0062 09B0     		add	sp, sp, #36
 403              		.cfi_remember_state
 404              		.cfi_def_cfa_offset 20
 405              		@ sp needed
 406 0064 5DF804EB 		ldr	lr, [sp], #4
 407              		.cfi_restore 14
 408              		.cfi_def_cfa_offset 16
 409 0068 04B0     		add	sp, sp, #16
 410              		.cfi_def_cfa_offset 0
 411 006a 7047     		bx	lr
 412              	.LVL19:
 413              	.L22:
 414              		.cfi_restore_state
 108:Core/Src/NOS_WS2812B_Strip_Effects.c ****                 break;
 415              		.loc 1 108 17 is_stmt 1 view .LVU63
 416 006c 9DF85530 		ldrb	r3, [sp, #85]	@ zero_extendqisi2
 417 0070 0793     		str	r3, [sp, #28]
 418 0072 0692     		str	r2, [sp, #24]
 419 0074 BDF85030 		ldrh	r3, [sp, #80]
 420 0078 0593     		str	r3, [sp, #20]
 421 007a BDF84E30 		ldrh	r3, [sp, #78]
 422 007e 0493     		str	r3, [sp, #16]
 423 0080 BDF84C30 		ldrh	r3, [sp, #76]
 424 0084 0393     		str	r3, [sp, #12]
 425 0086 BDF84A30 		ldrh	r3, [sp, #74]
 426 008a 0293     		str	r3, [sp, #8]
 427 008c BDF84830 		ldrh	r3, [sp, #72]
 428 0090 0193     		str	r3, [sp, #4]
 429 0092 BDF84630 		ldrh	r3, [sp, #70]
 430 0096 0093     		str	r3, [sp]
 431 0098 BDF84230 		ldrh	r3, [sp, #66]
 432 009c BDF84020 		ldrh	r2, [sp, #64]
 433 00a0 0DF15201 		add	r1, sp, #82
 434 00a4 3C30     		adds	r0, r0, #60
 435              	.LVL20:
 108:Core/Src/NOS_WS2812B_Strip_Effects.c ****                 break;
 436              		.loc 1 108 17 is_stmt 0 view .LVU64
 437 00a6 FFF7FEFF 		bl	NOS_WS2812B_Strip_Effect_Init
 438              	.LVL21:
 109:Core/Src/NOS_WS2812B_Strip_Effects.c ****             case EFFECT_DOTS_ID:
 439              		.loc 1 109 17 is_stmt 1 view .LVU65
 440 00aa DAE7     		b	.L16
 441              	.LVL22:
 442              	.L21:
 111:Core/Src/NOS_WS2812B_Strip_Effects.c ****                 break;
 443              		.loc 1 111 17 view .LVU66
 444 00ac 9DF85530 		ldrb	r3, [sp, #85]	@ zero_extendqisi2
 445 00b0 0793     		str	r3, [sp, #28]
 446 00b2 0692     		str	r2, [sp, #24]
 447 00b4 BDF85030 		ldrh	r3, [sp, #80]
ARM GAS  C:\Users\igorn\AppData\Local\Temp\ccEIC3Pq.s 			page 12


 448 00b8 0593     		str	r3, [sp, #20]
 449 00ba BDF84E30 		ldrh	r3, [sp, #78]
 450 00be 0493     		str	r3, [sp, #16]
 451 00c0 BDF84C30 		ldrh	r3, [sp, #76]
 452 00c4 0393     		str	r3, [sp, #12]
 453 00c6 BDF84A30 		ldrh	r3, [sp, #74]
 454 00ca 0293     		str	r3, [sp, #8]
 455 00cc BDF84830 		ldrh	r3, [sp, #72]
 456 00d0 0193     		str	r3, [sp, #4]
 457 00d2 BDF84630 		ldrh	r3, [sp, #70]
 458 00d6 0093     		str	r3, [sp]
 459 00d8 BDF84230 		ldrh	r3, [sp, #66]
 460 00dc BDF84020 		ldrh	r2, [sp, #64]
 461 00e0 0DF15201 		add	r1, sp, #82
 462 00e4 6830     		adds	r0, r0, #104
 463              	.LVL23:
 111:Core/Src/NOS_WS2812B_Strip_Effects.c ****                 break;
 464              		.loc 1 111 17 is_stmt 0 view .LVU67
 465 00e6 FFF7FEFF 		bl	NOS_WS2812B_Strip_Effect_Init
 466              	.LVL24:
 112:Core/Src/NOS_WS2812B_Strip_Effects.c ****             case EFFECT_WALKING_PIXELS_ID:
 467              		.loc 1 112 17 is_stmt 1 view .LVU68
 468 00ea BAE7     		b	.L16
 469              	.LVL25:
 470              	.L20:
 114:Core/Src/NOS_WS2812B_Strip_Effects.c ****                 break;
 471              		.loc 1 114 17 view .LVU69
 472 00ec 9DF85530 		ldrb	r3, [sp, #85]	@ zero_extendqisi2
 473 00f0 0793     		str	r3, [sp, #28]
 474 00f2 0692     		str	r2, [sp, #24]
 475 00f4 BDF85030 		ldrh	r3, [sp, #80]
 476 00f8 0593     		str	r3, [sp, #20]
 477 00fa BDF84E30 		ldrh	r3, [sp, #78]
 478 00fe 0493     		str	r3, [sp, #16]
 479 0100 BDF84C30 		ldrh	r3, [sp, #76]
 480 0104 0393     		str	r3, [sp, #12]
 481 0106 BDF84A30 		ldrh	r3, [sp, #74]
 482 010a 0293     		str	r3, [sp, #8]
 483 010c BDF84830 		ldrh	r3, [sp, #72]
 484 0110 0193     		str	r3, [sp, #4]
 485 0112 BDF84630 		ldrh	r3, [sp, #70]
 486 0116 0093     		str	r3, [sp]
 487 0118 BDF84230 		ldrh	r3, [sp, #66]
 488 011c BDF84020 		ldrh	r2, [sp, #64]
 489 0120 0DF15201 		add	r1, sp, #82
 490 0124 9430     		adds	r0, r0, #148
 491              	.LVL26:
 114:Core/Src/NOS_WS2812B_Strip_Effects.c ****                 break;
 492              		.loc 1 114 17 is_stmt 0 view .LVU70
 493 0126 FFF7FEFF 		bl	NOS_WS2812B_Strip_Effect_Init
 494              	.LVL27:
 115:Core/Src/NOS_WS2812B_Strip_Effects.c ****             case EFFECT_STEADY_COLOR_ID:
 495              		.loc 1 115 17 is_stmt 1 view .LVU71
 496 012a 9AE7     		b	.L16
 497              	.LVL28:
 498              	.L18:
 117:Core/Src/NOS_WS2812B_Strip_Effects.c ****                 break;
ARM GAS  C:\Users\igorn\AppData\Local\Temp\ccEIC3Pq.s 			page 13


 499              		.loc 1 117 17 view .LVU72
 500 012c 9DF85530 		ldrb	r3, [sp, #85]	@ zero_extendqisi2
 501 0130 0793     		str	r3, [sp, #28]
 502 0132 0692     		str	r2, [sp, #24]
 503 0134 BDF85030 		ldrh	r3, [sp, #80]
 504 0138 0593     		str	r3, [sp, #20]
 505 013a BDF84E30 		ldrh	r3, [sp, #78]
 506 013e 0493     		str	r3, [sp, #16]
 507 0140 BDF84C30 		ldrh	r3, [sp, #76]
 508 0144 0393     		str	r3, [sp, #12]
 509 0146 BDF84A30 		ldrh	r3, [sp, #74]
 510 014a 0293     		str	r3, [sp, #8]
 511 014c BDF84830 		ldrh	r3, [sp, #72]
 512 0150 0193     		str	r3, [sp, #4]
 513 0152 BDF84630 		ldrh	r3, [sp, #70]
 514 0156 0093     		str	r3, [sp]
 515 0158 BDF84230 		ldrh	r3, [sp, #66]
 516 015c BDF84020 		ldrh	r2, [sp, #64]
 517 0160 0DF15201 		add	r1, sp, #82
 518 0164 C030     		adds	r0, r0, #192
 519              	.LVL29:
 117:Core/Src/NOS_WS2812B_Strip_Effects.c ****                 break;
 520              		.loc 1 117 17 is_stmt 0 view .LVU73
 521 0166 FFF7FEFF 		bl	NOS_WS2812B_Strip_Effect_Init
 522              	.LVL30:
 118:Core/Src/NOS_WS2812B_Strip_Effects.c ****         }
 523              		.loc 1 118 17 is_stmt 1 view .LVU74
 122:Core/Src/NOS_WS2812B_Strip_Effects.c **** 
 524              		.loc 1 122 1 is_stmt 0 view .LVU75
 525 016a 7AE7     		b	.L16
 526              		.cfi_endproc
 527              	.LFE68:
 529              		.section	.text.NOS_WS2812B_Strip_Effect_Copy,"ax",%progbits
 530              		.align	1
 531              		.global	NOS_WS2812B_Strip_Effect_Copy
 532              		.syntax unified
 533              		.thumb
 534              		.thumb_func
 536              	NOS_WS2812B_Strip_Effect_Copy:
 537              	.LVL31:
 538              	.LFB70:
 148:Core/Src/NOS_WS2812B_Strip_Effects.c **** 
 149:Core/Src/NOS_WS2812B_Strip_Effects.c **** void NOS_WS2812B_Strip_Effect_Copy(Effect_Struct* destination,Effect_Struct* source)
 150:Core/Src/NOS_WS2812B_Strip_Effects.c **** {
 539              		.loc 1 150 1 is_stmt 1 view -0
 540              		.cfi_startproc
 541              		@ args = 0, pretend = 0, frame = 0
 542              		@ frame_needed = 0, uses_anonymous_args = 0
 543              		.loc 1 150 1 is_stmt 0 view .LVU77
 544 0000 38B5     		push	{r3, r4, r5, lr}
 545              		.cfi_def_cfa_offset 16
 546              		.cfi_offset 3, -16
 547              		.cfi_offset 4, -12
 548              		.cfi_offset 5, -8
 549              		.cfi_offset 14, -4
 550 0002 0546     		mov	r5, r0
 551 0004 0C46     		mov	r4, r1
ARM GAS  C:\Users\igorn\AppData\Local\Temp\ccEIC3Pq.s 			page 14


 151:Core/Src/NOS_WS2812B_Strip_Effects.c ****     NOS_Math_SinValue_Init(&destination->value,source->minValue,source->maxValue,source->step.data)
 552              		.loc 1 151 5 is_stmt 1 view .LVU78
 553 0006 CB8A     		ldrh	r3, [r1, #22]
 554 0008 8A8B     		ldrh	r2, [r1, #28]
 555 000a 498B     		ldrh	r1, [r1, #26]
 556              	.LVL32:
 557              		.loc 1 151 5 is_stmt 0 view .LVU79
 558 000c FFF7FEFF 		bl	NOS_Math_SinValue_Init
 559              	.LVL33:
 152:Core/Src/NOS_WS2812B_Strip_Effects.c ****     destination->minValue = source->minValue;
 560              		.loc 1 152 5 is_stmt 1 view .LVU80
 561              		.loc 1 152 35 is_stmt 0 view .LVU81
 562 0010 638B     		ldrh	r3, [r4, #26]
 563              		.loc 1 152 27 view .LVU82
 564 0012 6B83     		strh	r3, [r5, #26]	@ movhi
 153:Core/Src/NOS_WS2812B_Strip_Effects.c ****     destination->maxValue = source->maxValue;
 565              		.loc 1 153 5 is_stmt 1 view .LVU83
 566              		.loc 1 153 35 is_stmt 0 view .LVU84
 567 0014 A38B     		ldrh	r3, [r4, #28]
 568              		.loc 1 153 27 view .LVU85
 569 0016 AB83     		strh	r3, [r5, #28]	@ movhi
 154:Core/Src/NOS_WS2812B_Strip_Effects.c ****     destination->speed.data = source->speed.data;
 570              		.loc 1 154 5 is_stmt 1 view .LVU86
 571              		.loc 1 154 44 is_stmt 0 view .LVU87
 572 0018 A38A     		ldrh	r3, [r4, #20]
 573              		.loc 1 154 29 view .LVU88
 574 001a AB82     		strh	r3, [r5, #20]	@ movhi
 155:Core/Src/NOS_WS2812B_Strip_Effects.c ****     destination->step.data = source->step.data;
 575              		.loc 1 155 5 is_stmt 1 view .LVU89
 576              		.loc 1 155 42 is_stmt 0 view .LVU90
 577 001c E38A     		ldrh	r3, [r4, #22]
 578              		.loc 1 155 28 view .LVU91
 579 001e EB82     		strh	r3, [r5, #22]	@ movhi
 156:Core/Src/NOS_WS2812B_Strip_Effects.c ****     destination->enabled = source->enabled;
 580              		.loc 1 156 5 is_stmt 1 view .LVU92
 581              		.loc 1 156 34 is_stmt 0 view .LVU93
 582 0020 94F82930 		ldrb	r3, [r4, #41]	@ zero_extendqisi2
 583              		.loc 1 156 26 view .LVU94
 584 0024 85F82930 		strb	r3, [r5, #41]
 157:Core/Src/NOS_WS2812B_Strip_Effects.c ****     NOS_PixelColor_SetColor(&destination->color,source->color.R,source->color.G,source->color.B);
 585              		.loc 1 157 5 is_stmt 1 view .LVU95
 586 0028 94F82830 		ldrb	r3, [r4, #40]	@ zero_extendqisi2
 587 002c 94F82720 		ldrb	r2, [r4, #39]	@ zero_extendqisi2
 588 0030 94F82610 		ldrb	r1, [r4, #38]	@ zero_extendqisi2
 589 0034 05F12600 		add	r0, r5, #38
 590 0038 FFF7FEFF 		bl	NOS_PixelColor_SetColor
 591              	.LVL34:
 158:Core/Src/NOS_WS2812B_Strip_Effects.c ****     destination->effectId = source->effectId;   
 592              		.loc 1 158 5 view .LVU96
 593              		.loc 1 158 35 is_stmt 0 view .LVU97
 594 003c 94F82A30 		ldrb	r3, [r4, #42]	@ zero_extendqisi2
 595              		.loc 1 158 27 view .LVU98
 596 0040 85F82A30 		strb	r3, [r5, #42]
 159:Core/Src/NOS_WS2812B_Strip_Effects.c **** }
 597              		.loc 1 159 1 view .LVU99
 598 0044 38BD     		pop	{r3, r4, r5, pc}
 599              		.loc 1 159 1 view .LVU100
ARM GAS  C:\Users\igorn\AppData\Local\Temp\ccEIC3Pq.s 			page 15


 600              		.cfi_endproc
 601              	.LFE70:
 603              		.section	.text.NOS_WS2812B_Strip_Effect_Breathe_Handler,"ax",%progbits
 604              		.align	1
 605              		.global	NOS_WS2812B_Strip_Effect_Breathe_Handler
 606              		.syntax unified
 607              		.thumb
 608              		.thumb_func
 610              	NOS_WS2812B_Strip_Effect_Breathe_Handler:
 611              	.LVL35:
 612              	.LFB71:
 160:Core/Src/NOS_WS2812B_Strip_Effects.c **** 
 161:Core/Src/NOS_WS2812B_Strip_Effects.c **** void NOS_WS2812B_Strip_Effect_Breathe_Handler(WS2812B_Strip* strip,Effect_Struct* effect)
 162:Core/Src/NOS_WS2812B_Strip_Effects.c **** {
 613              		.loc 1 162 1 is_stmt 1 view -0
 614              		.cfi_startproc
 615              		@ args = 0, pretend = 0, frame = 0
 616              		@ frame_needed = 0, uses_anonymous_args = 0
 163:Core/Src/NOS_WS2812B_Strip_Effects.c ****     if(strip != NULL)
 617              		.loc 1 163 5 view .LVU102
 618              		.loc 1 163 7 is_stmt 0 view .LVU103
 619 0000 D8B1     		cbz	r0, .L32
 162:Core/Src/NOS_WS2812B_Strip_Effects.c ****     if(strip != NULL)
 620              		.loc 1 162 1 view .LVU104
 621 0002 38B5     		push	{r3, r4, r5, lr}
 622              		.cfi_def_cfa_offset 16
 623              		.cfi_offset 3, -16
 624              		.cfi_offset 4, -12
 625              		.cfi_offset 5, -8
 626              		.cfi_offset 14, -4
 627 0004 0C46     		mov	r4, r1
 628 0006 0546     		mov	r5, r0
 164:Core/Src/NOS_WS2812B_Strip_Effects.c ****     {
 165:Core/Src/NOS_WS2812B_Strip_Effects.c ****         if(effect != NULL)
 629              		.loc 1 165 9 is_stmt 1 view .LVU105
 630              		.loc 1 165 11 is_stmt 0 view .LVU106
 631 0008 49B1     		cbz	r1, .L28
 166:Core/Src/NOS_WS2812B_Strip_Effects.c ****         {
 167:Core/Src/NOS_WS2812B_Strip_Effects.c ****             if(effect->enabled)
 632              		.loc 1 167 13 is_stmt 1 view .LVU107
 633              		.loc 1 167 22 is_stmt 0 view .LVU108
 634 000a 91F82930 		ldrb	r3, [r1, #41]	@ zero_extendqisi2
 635              		.loc 1 167 15 view .LVU109
 636 000e 33B1     		cbz	r3, .L28
 168:Core/Src/NOS_WS2812B_Strip_Effects.c ****             {
 169:Core/Src/NOS_WS2812B_Strip_Effects.c ****                 if(effect->timer > effect->speed.data)
 637              		.loc 1 169 17 is_stmt 1 view .LVU110
 638              		.loc 1 169 26 is_stmt 0 view .LVU111
 639 0010 0A8B     		ldrh	r2, [r1, #24]
 640              		.loc 1 169 49 view .LVU112
 641 0012 8B8A     		ldrh	r3, [r1, #20]
 642              		.loc 1 169 19 view .LVU113
 643 0014 9A42     		cmp	r2, r3
 644 0016 03D8     		bhi	.L35
 645              	.LVL36:
 646              	.L30:
 170:Core/Src/NOS_WS2812B_Strip_Effects.c ****                 {
ARM GAS  C:\Users\igorn\AppData\Local\Temp\ccEIC3Pq.s 			page 16


 171:Core/Src/NOS_WS2812B_Strip_Effects.c ****                     NOS_Math_SinValue_Handler(&effect->value);
 172:Core/Src/NOS_WS2812B_Strip_Effects.c ****                     NOS_WS2812B_Strip_SetBright(strip,effect->value.value);
 173:Core/Src/NOS_WS2812B_Strip_Effects.c ****                     NOS_WS2812B_Strip_Update(strip);
 174:Core/Src/NOS_WS2812B_Strip_Effects.c ****                     effect->timer = 0;
 175:Core/Src/NOS_WS2812B_Strip_Effects.c ****                 }
 176:Core/Src/NOS_WS2812B_Strip_Effects.c ****                 effect->timer++;
 647              		.loc 1 176 17 is_stmt 1 view .LVU114
 648              		.loc 1 176 23 is_stmt 0 view .LVU115
 649 0018 238B     		ldrh	r3, [r4, #24]
 650              		.loc 1 176 30 view .LVU116
 651 001a 0133     		adds	r3, r3, #1
 652 001c 2383     		strh	r3, [r4, #24]	@ movhi
 653              	.L28:
 177:Core/Src/NOS_WS2812B_Strip_Effects.c ****             }
 178:Core/Src/NOS_WS2812B_Strip_Effects.c ****         }
 179:Core/Src/NOS_WS2812B_Strip_Effects.c ****     }
 180:Core/Src/NOS_WS2812B_Strip_Effects.c **** }
 654              		.loc 1 180 1 view .LVU117
 655 001e 38BD     		pop	{r3, r4, r5, pc}
 656              	.LVL37:
 657              	.L35:
 171:Core/Src/NOS_WS2812B_Strip_Effects.c ****                     NOS_WS2812B_Strip_SetBright(strip,effect->value.value);
 658              		.loc 1 171 21 is_stmt 1 view .LVU118
 659 0020 0846     		mov	r0, r1
 660              	.LVL38:
 171:Core/Src/NOS_WS2812B_Strip_Effects.c ****                     NOS_WS2812B_Strip_SetBright(strip,effect->value.value);
 661              		.loc 1 171 21 is_stmt 0 view .LVU119
 662 0022 FFF7FEFF 		bl	NOS_Math_SinValue_Handler
 663              	.LVL39:
 172:Core/Src/NOS_WS2812B_Strip_Effects.c ****                     NOS_WS2812B_Strip_Update(strip);
 664              		.loc 1 172 21 is_stmt 1 view .LVU120
 665 0026 2178     		ldrb	r1, [r4]	@ zero_extendqisi2
 666 0028 2846     		mov	r0, r5
 667 002a FFF7FEFF 		bl	NOS_WS2812B_Strip_SetBright
 668              	.LVL40:
 173:Core/Src/NOS_WS2812B_Strip_Effects.c ****                     effect->timer = 0;
 669              		.loc 1 173 21 view .LVU121
 670 002e 2846     		mov	r0, r5
 671 0030 FFF7FEFF 		bl	NOS_WS2812B_Strip_Update
 672              	.LVL41:
 174:Core/Src/NOS_WS2812B_Strip_Effects.c ****                 }
 673              		.loc 1 174 21 view .LVU122
 174:Core/Src/NOS_WS2812B_Strip_Effects.c ****                 }
 674              		.loc 1 174 35 is_stmt 0 view .LVU123
 675 0034 0023     		movs	r3, #0
 676 0036 2383     		strh	r3, [r4, #24]	@ movhi
 677 0038 EEE7     		b	.L30
 678              	.LVL42:
 679              	.L32:
 680              		.cfi_def_cfa_offset 0
 681              		.cfi_restore 3
 682              		.cfi_restore 4
 683              		.cfi_restore 5
 684              		.cfi_restore 14
 174:Core/Src/NOS_WS2812B_Strip_Effects.c ****                 }
 685              		.loc 1 174 35 view .LVU124
 686 003a 7047     		bx	lr
ARM GAS  C:\Users\igorn\AppData\Local\Temp\ccEIC3Pq.s 			page 17


 687              		.cfi_endproc
 688              	.LFE71:
 690              		.section	.text.NOS_WS2812B_Strip_Effect_Rainbow_Handler,"ax",%progbits
 691              		.align	1
 692              		.global	NOS_WS2812B_Strip_Effect_Rainbow_Handler
 693              		.syntax unified
 694              		.thumb
 695              		.thumb_func
 697              	NOS_WS2812B_Strip_Effect_Rainbow_Handler:
 698              	.LVL43:
 699              	.LFB72:
 181:Core/Src/NOS_WS2812B_Strip_Effects.c **** 
 182:Core/Src/NOS_WS2812B_Strip_Effects.c **** void NOS_WS2812B_Strip_Effect_Rainbow_Handler(WS2812B_Strip* strip,Effect_Struct* effect)
 183:Core/Src/NOS_WS2812B_Strip_Effects.c **** {
 700              		.loc 1 183 1 is_stmt 1 view -0
 701              		.cfi_startproc
 702              		@ args = 0, pretend = 0, frame = 8
 703              		@ frame_needed = 0, uses_anonymous_args = 0
 184:Core/Src/NOS_WS2812B_Strip_Effects.c ****     if(strip != NULL)
 704              		.loc 1 184 5 view .LVU126
 705              		.loc 1 184 7 is_stmt 0 view .LVU127
 706 0000 0028     		cmp	r0, #0
 707 0002 00F00281 		beq	.L55
 183:Core/Src/NOS_WS2812B_Strip_Effects.c ****     if(strip != NULL)
 708              		.loc 1 183 1 view .LVU128
 709 0006 70B5     		push	{r4, r5, r6, lr}
 710              		.cfi_def_cfa_offset 16
 711              		.cfi_offset 4, -16
 712              		.cfi_offset 5, -12
 713              		.cfi_offset 6, -8
 714              		.cfi_offset 14, -4
 715 0008 82B0     		sub	sp, sp, #8
 716              		.cfi_def_cfa_offset 24
 717 000a 0C46     		mov	r4, r1
 718 000c 0546     		mov	r5, r0
 185:Core/Src/NOS_WS2812B_Strip_Effects.c ****     {
 186:Core/Src/NOS_WS2812B_Strip_Effects.c ****         if(effect != NULL)
 719              		.loc 1 186 9 is_stmt 1 view .LVU129
 720              		.loc 1 186 11 is_stmt 0 view .LVU130
 721 000e 49B1     		cbz	r1, .L36
 187:Core/Src/NOS_WS2812B_Strip_Effects.c ****         {
 188:Core/Src/NOS_WS2812B_Strip_Effects.c ****             if(effect->enabled)
 722              		.loc 1 188 13 is_stmt 1 view .LVU131
 723              		.loc 1 188 22 is_stmt 0 view .LVU132
 724 0010 91F82930 		ldrb	r3, [r1, #41]	@ zero_extendqisi2
 725              		.loc 1 188 15 view .LVU133
 726 0014 33B1     		cbz	r3, .L36
 189:Core/Src/NOS_WS2812B_Strip_Effects.c ****             {
 190:Core/Src/NOS_WS2812B_Strip_Effects.c ****                 if(effect->timer > effect->speed.data)
 727              		.loc 1 190 17 is_stmt 1 view .LVU134
 728              		.loc 1 190 26 is_stmt 0 view .LVU135
 729 0016 0A8B     		ldrh	r2, [r1, #24]
 730              		.loc 1 190 49 view .LVU136
 731 0018 8B8A     		ldrh	r3, [r1, #20]
 732              		.loc 1 190 19 view .LVU137
 733 001a 9A42     		cmp	r2, r3
 734 001c 04D8     		bhi	.L58
ARM GAS  C:\Users\igorn\AppData\Local\Temp\ccEIC3Pq.s 			page 18


 735              	.LVL44:
 736              	.L38:
 191:Core/Src/NOS_WS2812B_Strip_Effects.c ****                 {
 192:Core/Src/NOS_WS2812B_Strip_Effects.c ****                     NOS_Math_SinValue_Handler(&effect->value);
 193:Core/Src/NOS_WS2812B_Strip_Effects.c **** 
 194:Core/Src/NOS_WS2812B_Strip_Effects.c ****                     uint16_t number = NOS_Math_GetSinValue(&effect->value);
 195:Core/Src/NOS_WS2812B_Strip_Effects.c ****                     uint8_t iteration = number / 0x7F;
 196:Core/Src/NOS_WS2812B_Strip_Effects.c **** 
 197:Core/Src/NOS_WS2812B_Strip_Effects.c ****                     PixelColor curr = { 0,0,0 };
 198:Core/Src/NOS_WS2812B_Strip_Effects.c ****                     number = number - 0x7F * iteration;
 199:Core/Src/NOS_WS2812B_Strip_Effects.c **** 
 200:Core/Src/NOS_WS2812B_Strip_Effects.c ****                     switch (iteration)
 201:Core/Src/NOS_WS2812B_Strip_Effects.c ****                     {
 202:Core/Src/NOS_WS2812B_Strip_Effects.c ****                         case 0:
 203:Core/Src/NOS_WS2812B_Strip_Effects.c ****                         curr = NOS_GetBaseColor((NOS_BaseColors)iteration);
 204:Core/Src/NOS_WS2812B_Strip_Effects.c ****                         curr.G = number;
 205:Core/Src/NOS_WS2812B_Strip_Effects.c ****                         break;
 206:Core/Src/NOS_WS2812B_Strip_Effects.c **** 
 207:Core/Src/NOS_WS2812B_Strip_Effects.c ****                         case 1:
 208:Core/Src/NOS_WS2812B_Strip_Effects.c ****                         curr = NOS_GetBaseColor((NOS_BaseColors)iteration);
 209:Core/Src/NOS_WS2812B_Strip_Effects.c ****                         curr.G = 0x7F + number;
 210:Core/Src/NOS_WS2812B_Strip_Effects.c ****                         break;
 211:Core/Src/NOS_WS2812B_Strip_Effects.c **** 
 212:Core/Src/NOS_WS2812B_Strip_Effects.c ****                         case 2:
 213:Core/Src/NOS_WS2812B_Strip_Effects.c ****                         curr = NOS_GetBaseColor((NOS_BaseColors)iteration);
 214:Core/Src/NOS_WS2812B_Strip_Effects.c ****                         curr.B = 0xFF - number;
 215:Core/Src/NOS_WS2812B_Strip_Effects.c ****                         break;
 216:Core/Src/NOS_WS2812B_Strip_Effects.c **** 
 217:Core/Src/NOS_WS2812B_Strip_Effects.c ****                         case 3:
 218:Core/Src/NOS_WS2812B_Strip_Effects.c ****                         curr = NOS_GetBaseColor((NOS_BaseColors)iteration);
 219:Core/Src/NOS_WS2812B_Strip_Effects.c ****                         curr.B = 0x7F - number;
 220:Core/Src/NOS_WS2812B_Strip_Effects.c ****                         break;
 221:Core/Src/NOS_WS2812B_Strip_Effects.c **** 
 222:Core/Src/NOS_WS2812B_Strip_Effects.c ****                         case 4:
 223:Core/Src/NOS_WS2812B_Strip_Effects.c ****                         curr = NOS_GetBaseColor((NOS_BaseColors)iteration);
 224:Core/Src/NOS_WS2812B_Strip_Effects.c ****                         curr.R = number;
 225:Core/Src/NOS_WS2812B_Strip_Effects.c ****                         break;
 226:Core/Src/NOS_WS2812B_Strip_Effects.c **** 
 227:Core/Src/NOS_WS2812B_Strip_Effects.c ****                         case 5:
 228:Core/Src/NOS_WS2812B_Strip_Effects.c ****                         curr = NOS_GetBaseColor((NOS_BaseColors)iteration);
 229:Core/Src/NOS_WS2812B_Strip_Effects.c ****                         curr.R = 0x7F + number;
 230:Core/Src/NOS_WS2812B_Strip_Effects.c ****                         break;
 231:Core/Src/NOS_WS2812B_Strip_Effects.c **** 
 232:Core/Src/NOS_WS2812B_Strip_Effects.c ****                         case 6:
 233:Core/Src/NOS_WS2812B_Strip_Effects.c ****                         curr = NOS_GetBaseColor((NOS_BaseColors)iteration);
 234:Core/Src/NOS_WS2812B_Strip_Effects.c ****                         curr.G = 0xFF - number;
 235:Core/Src/NOS_WS2812B_Strip_Effects.c ****                         break;
 236:Core/Src/NOS_WS2812B_Strip_Effects.c **** 
 237:Core/Src/NOS_WS2812B_Strip_Effects.c ****                         case 7:
 238:Core/Src/NOS_WS2812B_Strip_Effects.c ****                         curr = NOS_GetBaseColor((NOS_BaseColors)iteration);
 239:Core/Src/NOS_WS2812B_Strip_Effects.c ****                         curr.G = 0x7F - number;
 240:Core/Src/NOS_WS2812B_Strip_Effects.c ****                         break;
 241:Core/Src/NOS_WS2812B_Strip_Effects.c **** 
 242:Core/Src/NOS_WS2812B_Strip_Effects.c ****                         case 8:
 243:Core/Src/NOS_WS2812B_Strip_Effects.c ****                         curr = NOS_GetBaseColor((NOS_BaseColors)iteration);
 244:Core/Src/NOS_WS2812B_Strip_Effects.c ****                         curr.B = number;
 245:Core/Src/NOS_WS2812B_Strip_Effects.c ****                         break;
ARM GAS  C:\Users\igorn\AppData\Local\Temp\ccEIC3Pq.s 			page 19


 246:Core/Src/NOS_WS2812B_Strip_Effects.c **** 
 247:Core/Src/NOS_WS2812B_Strip_Effects.c ****                         case 9:
 248:Core/Src/NOS_WS2812B_Strip_Effects.c ****                         curr = NOS_GetBaseColor((NOS_BaseColors)iteration);
 249:Core/Src/NOS_WS2812B_Strip_Effects.c ****                         curr.B = 0x7F + number;
 250:Core/Src/NOS_WS2812B_Strip_Effects.c ****                         break;
 251:Core/Src/NOS_WS2812B_Strip_Effects.c **** 
 252:Core/Src/NOS_WS2812B_Strip_Effects.c ****                         case 10:
 253:Core/Src/NOS_WS2812B_Strip_Effects.c ****                         curr = NOS_GetBaseColor((NOS_BaseColors)iteration);
 254:Core/Src/NOS_WS2812B_Strip_Effects.c ****                         curr.R = 0xFF - number;
 255:Core/Src/NOS_WS2812B_Strip_Effects.c ****                         break;
 256:Core/Src/NOS_WS2812B_Strip_Effects.c **** 
 257:Core/Src/NOS_WS2812B_Strip_Effects.c ****                         case 11:
 258:Core/Src/NOS_WS2812B_Strip_Effects.c ****                         curr = NOS_GetBaseColor((NOS_BaseColors)iteration);
 259:Core/Src/NOS_WS2812B_Strip_Effects.c ****                         curr.R = 0x7F - number;
 260:Core/Src/NOS_WS2812B_Strip_Effects.c ****                         break;
 261:Core/Src/NOS_WS2812B_Strip_Effects.c **** 
 262:Core/Src/NOS_WS2812B_Strip_Effects.c ****                         default:
 263:Core/Src/NOS_WS2812B_Strip_Effects.c ****                         break;
 264:Core/Src/NOS_WS2812B_Strip_Effects.c ****                     }
 265:Core/Src/NOS_WS2812B_Strip_Effects.c ****                     
 266:Core/Src/NOS_WS2812B_Strip_Effects.c **** 
 267:Core/Src/NOS_WS2812B_Strip_Effects.c ****                     NOS_WS2812B_Strip_ColorFill(strip,curr);
 268:Core/Src/NOS_WS2812B_Strip_Effects.c ****                     NOS_WS2812B_Strip_Update(strip);
 269:Core/Src/NOS_WS2812B_Strip_Effects.c ****                     effect->timer = 0;
 270:Core/Src/NOS_WS2812B_Strip_Effects.c ****                 }
 271:Core/Src/NOS_WS2812B_Strip_Effects.c ****                 effect->timer++;
 737              		.loc 1 271 17 is_stmt 1 view .LVU138
 738              		.loc 1 271 23 is_stmt 0 view .LVU139
 739 001e 238B     		ldrh	r3, [r4, #24]
 740              		.loc 1 271 30 view .LVU140
 741 0020 0133     		adds	r3, r3, #1
 742 0022 2383     		strh	r3, [r4, #24]	@ movhi
 743              	.L36:
 272:Core/Src/NOS_WS2812B_Strip_Effects.c ****             }
 273:Core/Src/NOS_WS2812B_Strip_Effects.c ****         }
 274:Core/Src/NOS_WS2812B_Strip_Effects.c ****     }
 275:Core/Src/NOS_WS2812B_Strip_Effects.c **** }
 744              		.loc 1 275 1 view .LVU141
 745 0024 02B0     		add	sp, sp, #8
 746              		.cfi_remember_state
 747              		.cfi_def_cfa_offset 16
 748              		@ sp needed
 749 0026 70BD     		pop	{r4, r5, r6, pc}
 750              	.LVL45:
 751              	.L58:
 752              		.cfi_restore_state
 753              	.LBB2:
 192:Core/Src/NOS_WS2812B_Strip_Effects.c **** 
 754              		.loc 1 192 21 is_stmt 1 view .LVU142
 755 0028 0846     		mov	r0, r1
 756              	.LVL46:
 192:Core/Src/NOS_WS2812B_Strip_Effects.c **** 
 757              		.loc 1 192 21 is_stmt 0 view .LVU143
 758 002a FFF7FEFF 		bl	NOS_Math_SinValue_Handler
 759              	.LVL47:
 194:Core/Src/NOS_WS2812B_Strip_Effects.c ****                     uint8_t iteration = number / 0x7F;
 760              		.loc 1 194 21 is_stmt 1 view .LVU144
ARM GAS  C:\Users\igorn\AppData\Local\Temp\ccEIC3Pq.s 			page 20


 194:Core/Src/NOS_WS2812B_Strip_Effects.c ****                     uint8_t iteration = number / 0x7F;
 761              		.loc 1 194 39 is_stmt 0 view .LVU145
 762 002e 2046     		mov	r0, r4
 763 0030 FFF7FEFF 		bl	NOS_Math_GetSinValue
 764              	.LVL48:
 194:Core/Src/NOS_WS2812B_Strip_Effects.c ****                     uint8_t iteration = number / 0x7F;
 765              		.loc 1 194 30 view .LVU146
 766 0034 82B2     		uxth	r2, r0
 767              	.LVL49:
 195:Core/Src/NOS_WS2812B_Strip_Effects.c **** 
 768              		.loc 1 195 21 is_stmt 1 view .LVU147
 195:Core/Src/NOS_WS2812B_Strip_Effects.c **** 
 769              		.loc 1 195 29 is_stmt 0 view .LVU148
 770 0036 754B     		ldr	r3, .L59
 771 0038 A3FB0213 		umull	r1, r3, r3, r2
 772 003c D11A     		subs	r1, r2, r3
 773 003e 03EB5100 		add	r0, r3, r1, lsr #1
 774 0042 C0F38710 		ubfx	r0, r0, #6, #8
 775              	.LVL50:
 197:Core/Src/NOS_WS2812B_Strip_Effects.c ****                     number = number - 0x7F * iteration;
 776              		.loc 1 197 21 is_stmt 1 view .LVU149
 197:Core/Src/NOS_WS2812B_Strip_Effects.c ****                     number = number - 0x7F * iteration;
 777              		.loc 1 197 32 is_stmt 0 view .LVU150
 778 0046 0023     		movs	r3, #0
 779 0048 8DF80430 		strb	r3, [sp, #4]
 780 004c 8DF80530 		strb	r3, [sp, #5]
 781 0050 8DF80630 		strb	r3, [sp, #6]
 198:Core/Src/NOS_WS2812B_Strip_Effects.c **** 
 782              		.loc 1 198 21 is_stmt 1 view .LVU151
 198:Core/Src/NOS_WS2812B_Strip_Effects.c **** 
 783              		.loc 1 198 37 is_stmt 0 view .LVU152
 784 0054 A0EBC013 		sub	r3, r0, r0, lsl #7
 785 0058 9BB2     		uxth	r3, r3
 198:Core/Src/NOS_WS2812B_Strip_Effects.c **** 
 786              		.loc 1 198 28 view .LVU153
 787 005a 1344     		add	r3, r3, r2
 788 005c 9EB2     		uxth	r6, r3
 789              	.LVL51:
 200:Core/Src/NOS_WS2812B_Strip_Effects.c ****                     {
 790              		.loc 1 200 21 is_stmt 1 view .LVU154
 791 005e 0B28     		cmp	r0, #11
 792 0060 15D8     		bhi	.L39
 793 0062 DFE800F0 		tbb	[pc, r0]
 794              	.L41:
 795 0066 06       		.byte	(.L52-.L41)/2
 796 0067 1E       		.byte	(.L51-.L41)/2
 797 0068 2F       		.byte	(.L50-.L41)/2
 798 0069 3F       		.byte	(.L49-.L41)/2
 799 006a 50       		.byte	(.L48-.L41)/2
 800 006b 5F       		.byte	(.L47-.L41)/2
 801 006c 70       		.byte	(.L46-.L41)/2
 802 006d 80       		.byte	(.L45-.L41)/2
 803 006e 91       		.byte	(.L44-.L41)/2
 804 006f A0       		.byte	(.L43-.L41)/2
 805 0070 B1       		.byte	(.L42-.L41)/2
 806 0071 C1       		.byte	(.L40-.L41)/2
 807              		.p2align 1
ARM GAS  C:\Users\igorn\AppData\Local\Temp\ccEIC3Pq.s 			page 21


 808              	.L52:
 203:Core/Src/NOS_WS2812B_Strip_Effects.c ****                         curr.G = number;
 809              		.loc 1 203 25 view .LVU155
 203:Core/Src/NOS_WS2812B_Strip_Effects.c ****                         curr.G = number;
 810              		.loc 1 203 32 is_stmt 0 view .LVU156
 811 0072 FFF7FEFF 		bl	NOS_GetBaseColor
 812              	.LVL52:
 203:Core/Src/NOS_WS2812B_Strip_Effects.c ****                         curr.G = number;
 813              		.loc 1 203 32 view .LVU157
 814 0076 8DF80400 		strb	r0, [sp, #4]
 815 007a C0F30723 		ubfx	r3, r0, #8, #8
 816 007e 8DF80530 		strb	r3, [sp, #5]
 817 0082 C0F30740 		ubfx	r0, r0, #16, #8
 818 0086 8DF80600 		strb	r0, [sp, #6]
 204:Core/Src/NOS_WS2812B_Strip_Effects.c ****                         break;
 819              		.loc 1 204 25 is_stmt 1 view .LVU158
 204:Core/Src/NOS_WS2812B_Strip_Effects.c ****                         break;
 820              		.loc 1 204 32 is_stmt 0 view .LVU159
 821 008a 8DF80560 		strb	r6, [sp, #5]
 205:Core/Src/NOS_WS2812B_Strip_Effects.c **** 
 822              		.loc 1 205 25 is_stmt 1 view .LVU160
 823              	.L39:
 267:Core/Src/NOS_WS2812B_Strip_Effects.c ****                     NOS_WS2812B_Strip_Update(strip);
 824              		.loc 1 267 21 view .LVU161
 825 008e 0199     		ldr	r1, [sp, #4]
 826 0090 2846     		mov	r0, r5
 827 0092 FFF7FEFF 		bl	NOS_WS2812B_Strip_ColorFill
 828              	.LVL53:
 268:Core/Src/NOS_WS2812B_Strip_Effects.c ****                     effect->timer = 0;
 829              		.loc 1 268 21 view .LVU162
 830 0096 2846     		mov	r0, r5
 831 0098 FFF7FEFF 		bl	NOS_WS2812B_Strip_Update
 832              	.LVL54:
 269:Core/Src/NOS_WS2812B_Strip_Effects.c ****                 }
 833              		.loc 1 269 21 view .LVU163
 269:Core/Src/NOS_WS2812B_Strip_Effects.c ****                 }
 834              		.loc 1 269 35 is_stmt 0 view .LVU164
 835 009c 0023     		movs	r3, #0
 836 009e 2383     		strh	r3, [r4, #24]	@ movhi
 837 00a0 BDE7     		b	.L38
 838              	.LVL55:
 839              	.L51:
 208:Core/Src/NOS_WS2812B_Strip_Effects.c ****                         curr.G = 0x7F + number;
 840              		.loc 1 208 25 is_stmt 1 view .LVU165
 208:Core/Src/NOS_WS2812B_Strip_Effects.c ****                         curr.G = 0x7F + number;
 841              		.loc 1 208 32 is_stmt 0 view .LVU166
 842 00a2 FFF7FEFF 		bl	NOS_GetBaseColor
 843              	.LVL56:
 208:Core/Src/NOS_WS2812B_Strip_Effects.c ****                         curr.G = 0x7F + number;
 844              		.loc 1 208 32 view .LVU167
 845 00a6 8DF80400 		strb	r0, [sp, #4]
 846 00aa C0F30723 		ubfx	r3, r0, #8, #8
 847 00ae 8DF80530 		strb	r3, [sp, #5]
 848 00b2 C0F30740 		ubfx	r0, r0, #16, #8
 849 00b6 8DF80600 		strb	r0, [sp, #6]
 209:Core/Src/NOS_WS2812B_Strip_Effects.c ****                         break;
 850              		.loc 1 209 25 is_stmt 1 view .LVU168
ARM GAS  C:\Users\igorn\AppData\Local\Temp\ccEIC3Pq.s 			page 22


 209:Core/Src/NOS_WS2812B_Strip_Effects.c ****                         break;
 851              		.loc 1 209 39 is_stmt 0 view .LVU169
 852 00ba 06F17F03 		add	r3, r6, #127
 209:Core/Src/NOS_WS2812B_Strip_Effects.c ****                         break;
 853              		.loc 1 209 32 view .LVU170
 854 00be 8DF80530 		strb	r3, [sp, #5]
 210:Core/Src/NOS_WS2812B_Strip_Effects.c **** 
 855              		.loc 1 210 25 is_stmt 1 view .LVU171
 856 00c2 E4E7     		b	.L39
 857              	.LVL57:
 858              	.L50:
 213:Core/Src/NOS_WS2812B_Strip_Effects.c ****                         curr.B = 0xFF - number;
 859              		.loc 1 213 25 view .LVU172
 213:Core/Src/NOS_WS2812B_Strip_Effects.c ****                         curr.B = 0xFF - number;
 860              		.loc 1 213 32 is_stmt 0 view .LVU173
 861 00c4 FFF7FEFF 		bl	NOS_GetBaseColor
 862              	.LVL58:
 213:Core/Src/NOS_WS2812B_Strip_Effects.c ****                         curr.B = 0xFF - number;
 863              		.loc 1 213 32 view .LVU174
 864 00c8 8DF80400 		strb	r0, [sp, #4]
 865 00cc C0F30723 		ubfx	r3, r0, #8, #8
 866 00d0 8DF80530 		strb	r3, [sp, #5]
 867 00d4 C0F30740 		ubfx	r0, r0, #16, #8
 868 00d8 8DF80600 		strb	r0, [sp, #6]
 214:Core/Src/NOS_WS2812B_Strip_Effects.c ****                         break;
 869              		.loc 1 214 25 is_stmt 1 view .LVU175
 214:Core/Src/NOS_WS2812B_Strip_Effects.c ****                         break;
 870              		.loc 1 214 39 is_stmt 0 view .LVU176
 871 00dc F343     		mvns	r3, r6
 214:Core/Src/NOS_WS2812B_Strip_Effects.c ****                         break;
 872              		.loc 1 214 32 view .LVU177
 873 00de 8DF80630 		strb	r3, [sp, #6]
 215:Core/Src/NOS_WS2812B_Strip_Effects.c **** 
 874              		.loc 1 215 25 is_stmt 1 view .LVU178
 875 00e2 D4E7     		b	.L39
 876              	.LVL59:
 877              	.L49:
 218:Core/Src/NOS_WS2812B_Strip_Effects.c ****                         curr.B = 0x7F - number;
 878              		.loc 1 218 25 view .LVU179
 218:Core/Src/NOS_WS2812B_Strip_Effects.c ****                         curr.B = 0x7F - number;
 879              		.loc 1 218 32 is_stmt 0 view .LVU180
 880 00e4 FFF7FEFF 		bl	NOS_GetBaseColor
 881              	.LVL60:
 218:Core/Src/NOS_WS2812B_Strip_Effects.c ****                         curr.B = 0x7F - number;
 882              		.loc 1 218 32 view .LVU181
 883 00e8 8DF80400 		strb	r0, [sp, #4]
 884 00ec C0F30723 		ubfx	r3, r0, #8, #8
 885 00f0 8DF80530 		strb	r3, [sp, #5]
 886 00f4 C0F30740 		ubfx	r0, r0, #16, #8
 887 00f8 8DF80600 		strb	r0, [sp, #6]
 219:Core/Src/NOS_WS2812B_Strip_Effects.c ****                         break;
 888              		.loc 1 219 25 is_stmt 1 view .LVU182
 219:Core/Src/NOS_WS2812B_Strip_Effects.c ****                         break;
 889              		.loc 1 219 39 is_stmt 0 view .LVU183
 890 00fc C6F17F03 		rsb	r3, r6, #127
 219:Core/Src/NOS_WS2812B_Strip_Effects.c ****                         break;
 891              		.loc 1 219 32 view .LVU184
ARM GAS  C:\Users\igorn\AppData\Local\Temp\ccEIC3Pq.s 			page 23


 892 0100 8DF80630 		strb	r3, [sp, #6]
 220:Core/Src/NOS_WS2812B_Strip_Effects.c **** 
 893              		.loc 1 220 25 is_stmt 1 view .LVU185
 894 0104 C3E7     		b	.L39
 895              	.LVL61:
 896              	.L48:
 223:Core/Src/NOS_WS2812B_Strip_Effects.c ****                         curr.R = number;
 897              		.loc 1 223 25 view .LVU186
 223:Core/Src/NOS_WS2812B_Strip_Effects.c ****                         curr.R = number;
 898              		.loc 1 223 32 is_stmt 0 view .LVU187
 899 0106 FFF7FEFF 		bl	NOS_GetBaseColor
 900              	.LVL62:
 223:Core/Src/NOS_WS2812B_Strip_Effects.c ****                         curr.R = number;
 901              		.loc 1 223 32 view .LVU188
 902 010a 8DF80400 		strb	r0, [sp, #4]
 903 010e C0F30723 		ubfx	r3, r0, #8, #8
 904 0112 8DF80530 		strb	r3, [sp, #5]
 905 0116 C0F30740 		ubfx	r0, r0, #16, #8
 906 011a 8DF80600 		strb	r0, [sp, #6]
 224:Core/Src/NOS_WS2812B_Strip_Effects.c ****                         break;
 907              		.loc 1 224 25 is_stmt 1 view .LVU189
 224:Core/Src/NOS_WS2812B_Strip_Effects.c ****                         break;
 908              		.loc 1 224 32 is_stmt 0 view .LVU190
 909 011e 8DF80460 		strb	r6, [sp, #4]
 225:Core/Src/NOS_WS2812B_Strip_Effects.c **** 
 910              		.loc 1 225 25 is_stmt 1 view .LVU191
 911 0122 B4E7     		b	.L39
 912              	.LVL63:
 913              	.L47:
 228:Core/Src/NOS_WS2812B_Strip_Effects.c ****                         curr.R = 0x7F + number;
 914              		.loc 1 228 25 view .LVU192
 228:Core/Src/NOS_WS2812B_Strip_Effects.c ****                         curr.R = 0x7F + number;
 915              		.loc 1 228 32 is_stmt 0 view .LVU193
 916 0124 FFF7FEFF 		bl	NOS_GetBaseColor
 917              	.LVL64:
 228:Core/Src/NOS_WS2812B_Strip_Effects.c ****                         curr.R = 0x7F + number;
 918              		.loc 1 228 32 view .LVU194
 919 0128 8DF80400 		strb	r0, [sp, #4]
 920 012c C0F30723 		ubfx	r3, r0, #8, #8
 921 0130 8DF80530 		strb	r3, [sp, #5]
 922 0134 C0F30740 		ubfx	r0, r0, #16, #8
 923 0138 8DF80600 		strb	r0, [sp, #6]
 229:Core/Src/NOS_WS2812B_Strip_Effects.c ****                         break;
 924              		.loc 1 229 25 is_stmt 1 view .LVU195
 229:Core/Src/NOS_WS2812B_Strip_Effects.c ****                         break;
 925              		.loc 1 229 39 is_stmt 0 view .LVU196
 926 013c 06F17F03 		add	r3, r6, #127
 229:Core/Src/NOS_WS2812B_Strip_Effects.c ****                         break;
 927              		.loc 1 229 32 view .LVU197
 928 0140 8DF80430 		strb	r3, [sp, #4]
 230:Core/Src/NOS_WS2812B_Strip_Effects.c **** 
 929              		.loc 1 230 25 is_stmt 1 view .LVU198
 930 0144 A3E7     		b	.L39
 931              	.LVL65:
 932              	.L46:
 233:Core/Src/NOS_WS2812B_Strip_Effects.c ****                         curr.G = 0xFF - number;
 933              		.loc 1 233 25 view .LVU199
ARM GAS  C:\Users\igorn\AppData\Local\Temp\ccEIC3Pq.s 			page 24


 233:Core/Src/NOS_WS2812B_Strip_Effects.c ****                         curr.G = 0xFF - number;
 934              		.loc 1 233 32 is_stmt 0 view .LVU200
 935 0146 FFF7FEFF 		bl	NOS_GetBaseColor
 936              	.LVL66:
 233:Core/Src/NOS_WS2812B_Strip_Effects.c ****                         curr.G = 0xFF - number;
 937              		.loc 1 233 32 view .LVU201
 938 014a 8DF80400 		strb	r0, [sp, #4]
 939 014e C0F30723 		ubfx	r3, r0, #8, #8
 940 0152 8DF80530 		strb	r3, [sp, #5]
 941 0156 C0F30740 		ubfx	r0, r0, #16, #8
 942 015a 8DF80600 		strb	r0, [sp, #6]
 234:Core/Src/NOS_WS2812B_Strip_Effects.c ****                         break;
 943              		.loc 1 234 25 is_stmt 1 view .LVU202
 234:Core/Src/NOS_WS2812B_Strip_Effects.c ****                         break;
 944              		.loc 1 234 39 is_stmt 0 view .LVU203
 945 015e F343     		mvns	r3, r6
 234:Core/Src/NOS_WS2812B_Strip_Effects.c ****                         break;
 946              		.loc 1 234 32 view .LVU204
 947 0160 8DF80530 		strb	r3, [sp, #5]
 235:Core/Src/NOS_WS2812B_Strip_Effects.c **** 
 948              		.loc 1 235 25 is_stmt 1 view .LVU205
 949 0164 93E7     		b	.L39
 950              	.LVL67:
 951              	.L45:
 238:Core/Src/NOS_WS2812B_Strip_Effects.c ****                         curr.G = 0x7F - number;
 952              		.loc 1 238 25 view .LVU206
 238:Core/Src/NOS_WS2812B_Strip_Effects.c ****                         curr.G = 0x7F - number;
 953              		.loc 1 238 32 is_stmt 0 view .LVU207
 954 0166 FFF7FEFF 		bl	NOS_GetBaseColor
 955              	.LVL68:
 238:Core/Src/NOS_WS2812B_Strip_Effects.c ****                         curr.G = 0x7F - number;
 956              		.loc 1 238 32 view .LVU208
 957 016a 8DF80400 		strb	r0, [sp, #4]
 958 016e C0F30723 		ubfx	r3, r0, #8, #8
 959 0172 8DF80530 		strb	r3, [sp, #5]
 960 0176 C0F30740 		ubfx	r0, r0, #16, #8
 961 017a 8DF80600 		strb	r0, [sp, #6]
 239:Core/Src/NOS_WS2812B_Strip_Effects.c ****                         break;
 962              		.loc 1 239 25 is_stmt 1 view .LVU209
 239:Core/Src/NOS_WS2812B_Strip_Effects.c ****                         break;
 963              		.loc 1 239 39 is_stmt 0 view .LVU210
 964 017e C6F17F03 		rsb	r3, r6, #127
 239:Core/Src/NOS_WS2812B_Strip_Effects.c ****                         break;
 965              		.loc 1 239 32 view .LVU211
 966 0182 8DF80530 		strb	r3, [sp, #5]
 240:Core/Src/NOS_WS2812B_Strip_Effects.c **** 
 967              		.loc 1 240 25 is_stmt 1 view .LVU212
 968 0186 82E7     		b	.L39
 969              	.LVL69:
 970              	.L44:
 243:Core/Src/NOS_WS2812B_Strip_Effects.c ****                         curr.B = number;
 971              		.loc 1 243 25 view .LVU213
 243:Core/Src/NOS_WS2812B_Strip_Effects.c ****                         curr.B = number;
 972              		.loc 1 243 32 is_stmt 0 view .LVU214
 973 0188 FFF7FEFF 		bl	NOS_GetBaseColor
 974              	.LVL70:
 243:Core/Src/NOS_WS2812B_Strip_Effects.c ****                         curr.B = number;
ARM GAS  C:\Users\igorn\AppData\Local\Temp\ccEIC3Pq.s 			page 25


 975              		.loc 1 243 32 view .LVU215
 976 018c 8DF80400 		strb	r0, [sp, #4]
 977 0190 C0F30723 		ubfx	r3, r0, #8, #8
 978 0194 8DF80530 		strb	r3, [sp, #5]
 979 0198 C0F30740 		ubfx	r0, r0, #16, #8
 980 019c 8DF80600 		strb	r0, [sp, #6]
 244:Core/Src/NOS_WS2812B_Strip_Effects.c ****                         break;
 981              		.loc 1 244 25 is_stmt 1 view .LVU216
 244:Core/Src/NOS_WS2812B_Strip_Effects.c ****                         break;
 982              		.loc 1 244 32 is_stmt 0 view .LVU217
 983 01a0 8DF80660 		strb	r6, [sp, #6]
 245:Core/Src/NOS_WS2812B_Strip_Effects.c **** 
 984              		.loc 1 245 25 is_stmt 1 view .LVU218
 985 01a4 73E7     		b	.L39
 986              	.LVL71:
 987              	.L43:
 248:Core/Src/NOS_WS2812B_Strip_Effects.c ****                         curr.B = 0x7F + number;
 988              		.loc 1 248 25 view .LVU219
 248:Core/Src/NOS_WS2812B_Strip_Effects.c ****                         curr.B = 0x7F + number;
 989              		.loc 1 248 32 is_stmt 0 view .LVU220
 990 01a6 FFF7FEFF 		bl	NOS_GetBaseColor
 991              	.LVL72:
 248:Core/Src/NOS_WS2812B_Strip_Effects.c ****                         curr.B = 0x7F + number;
 992              		.loc 1 248 32 view .LVU221
 993 01aa 8DF80400 		strb	r0, [sp, #4]
 994 01ae C0F30723 		ubfx	r3, r0, #8, #8
 995 01b2 8DF80530 		strb	r3, [sp, #5]
 996 01b6 C0F30740 		ubfx	r0, r0, #16, #8
 997 01ba 8DF80600 		strb	r0, [sp, #6]
 249:Core/Src/NOS_WS2812B_Strip_Effects.c ****                         break;
 998              		.loc 1 249 25 is_stmt 1 view .LVU222
 249:Core/Src/NOS_WS2812B_Strip_Effects.c ****                         break;
 999              		.loc 1 249 39 is_stmt 0 view .LVU223
 1000 01be 06F17F03 		add	r3, r6, #127
 249:Core/Src/NOS_WS2812B_Strip_Effects.c ****                         break;
 1001              		.loc 1 249 32 view .LVU224
 1002 01c2 8DF80630 		strb	r3, [sp, #6]
 250:Core/Src/NOS_WS2812B_Strip_Effects.c **** 
 1003              		.loc 1 250 25 is_stmt 1 view .LVU225
 1004 01c6 62E7     		b	.L39
 1005              	.LVL73:
 1006              	.L42:
 253:Core/Src/NOS_WS2812B_Strip_Effects.c ****                         curr.R = 0xFF - number;
 1007              		.loc 1 253 25 view .LVU226
 253:Core/Src/NOS_WS2812B_Strip_Effects.c ****                         curr.R = 0xFF - number;
 1008              		.loc 1 253 32 is_stmt 0 view .LVU227
 1009 01c8 FFF7FEFF 		bl	NOS_GetBaseColor
 1010              	.LVL74:
 253:Core/Src/NOS_WS2812B_Strip_Effects.c ****                         curr.R = 0xFF - number;
 1011              		.loc 1 253 32 view .LVU228
 1012 01cc 8DF80400 		strb	r0, [sp, #4]
 1013 01d0 C0F30723 		ubfx	r3, r0, #8, #8
 1014 01d4 8DF80530 		strb	r3, [sp, #5]
 1015 01d8 C0F30740 		ubfx	r0, r0, #16, #8
 1016 01dc 8DF80600 		strb	r0, [sp, #6]
 254:Core/Src/NOS_WS2812B_Strip_Effects.c ****                         break;
 1017              		.loc 1 254 25 is_stmt 1 view .LVU229
ARM GAS  C:\Users\igorn\AppData\Local\Temp\ccEIC3Pq.s 			page 26


 254:Core/Src/NOS_WS2812B_Strip_Effects.c ****                         break;
 1018              		.loc 1 254 39 is_stmt 0 view .LVU230
 1019 01e0 F343     		mvns	r3, r6
 254:Core/Src/NOS_WS2812B_Strip_Effects.c ****                         break;
 1020              		.loc 1 254 32 view .LVU231
 1021 01e2 8DF80430 		strb	r3, [sp, #4]
 255:Core/Src/NOS_WS2812B_Strip_Effects.c **** 
 1022              		.loc 1 255 25 is_stmt 1 view .LVU232
 1023 01e6 52E7     		b	.L39
 1024              	.LVL75:
 1025              	.L40:
 258:Core/Src/NOS_WS2812B_Strip_Effects.c ****                         curr.R = 0x7F - number;
 1026              		.loc 1 258 25 view .LVU233
 258:Core/Src/NOS_WS2812B_Strip_Effects.c ****                         curr.R = 0x7F - number;
 1027              		.loc 1 258 32 is_stmt 0 view .LVU234
 1028 01e8 FFF7FEFF 		bl	NOS_GetBaseColor
 1029              	.LVL76:
 258:Core/Src/NOS_WS2812B_Strip_Effects.c ****                         curr.R = 0x7F - number;
 1030              		.loc 1 258 32 view .LVU235
 1031 01ec 8DF80400 		strb	r0, [sp, #4]
 1032 01f0 C0F30723 		ubfx	r3, r0, #8, #8
 1033 01f4 8DF80530 		strb	r3, [sp, #5]
 1034 01f8 C0F30740 		ubfx	r0, r0, #16, #8
 1035 01fc 8DF80600 		strb	r0, [sp, #6]
 259:Core/Src/NOS_WS2812B_Strip_Effects.c ****                         break;
 1036              		.loc 1 259 25 is_stmt 1 view .LVU236
 259:Core/Src/NOS_WS2812B_Strip_Effects.c ****                         break;
 1037              		.loc 1 259 39 is_stmt 0 view .LVU237
 1038 0200 C6F17F03 		rsb	r3, r6, #127
 259:Core/Src/NOS_WS2812B_Strip_Effects.c ****                         break;
 1039              		.loc 1 259 32 view .LVU238
 1040 0204 8DF80430 		strb	r3, [sp, #4]
 260:Core/Src/NOS_WS2812B_Strip_Effects.c **** 
 1041              		.loc 1 260 25 is_stmt 1 view .LVU239
 1042 0208 41E7     		b	.L39
 1043              	.LVL77:
 1044              	.L55:
 1045              		.cfi_def_cfa_offset 0
 1046              		.cfi_restore 4
 1047              		.cfi_restore 5
 1048              		.cfi_restore 6
 1049              		.cfi_restore 14
 260:Core/Src/NOS_WS2812B_Strip_Effects.c **** 
 1050              		.loc 1 260 25 is_stmt 0 view .LVU240
 1051 020a 7047     		bx	lr
 1052              	.L60:
 1053              		.align	2
 1054              	.L59:
 1055 020c 11080402 		.word	33818641
 1056              	.LBE2:
 1057              		.cfi_endproc
 1058              	.LFE72:
 1060              		.section	.text.NOS_WS2812B_Strip_Effect_Dots_Handler,"ax",%progbits
 1061              		.align	1
 1062              		.global	NOS_WS2812B_Strip_Effect_Dots_Handler
 1063              		.syntax unified
 1064              		.thumb
ARM GAS  C:\Users\igorn\AppData\Local\Temp\ccEIC3Pq.s 			page 27


 1065              		.thumb_func
 1067              	NOS_WS2812B_Strip_Effect_Dots_Handler:
 1068              	.LVL78:
 1069              	.LFB73:
 276:Core/Src/NOS_WS2812B_Strip_Effects.c **** 
 277:Core/Src/NOS_WS2812B_Strip_Effects.c **** void NOS_WS2812B_Strip_Effect_Dots_Handler(WS2812B_Strip* strip,Effect_Struct* effect)
 278:Core/Src/NOS_WS2812B_Strip_Effects.c **** {
 1070              		.loc 1 278 1 is_stmt 1 view -0
 1071              		.cfi_startproc
 1072              		@ args = 0, pretend = 0, frame = 8
 1073              		@ frame_needed = 0, uses_anonymous_args = 0
 1074              		.loc 1 278 1 is_stmt 0 view .LVU242
 1075 0000 2DE9F043 		push	{r4, r5, r6, r7, r8, r9, lr}
 1076              		.cfi_def_cfa_offset 28
 1077              		.cfi_offset 4, -28
 1078              		.cfi_offset 5, -24
 1079              		.cfi_offset 6, -20
 1080              		.cfi_offset 7, -16
 1081              		.cfi_offset 8, -12
 1082              		.cfi_offset 9, -8
 1083              		.cfi_offset 14, -4
 1084 0004 83B0     		sub	sp, sp, #12
 1085              		.cfi_def_cfa_offset 40
 279:Core/Src/NOS_WS2812B_Strip_Effects.c ****     if(effect->enabled)
 1086              		.loc 1 279 5 is_stmt 1 view .LVU243
 1087              		.loc 1 279 14 is_stmt 0 view .LVU244
 1088 0006 91F82970 		ldrb	r7, [r1, #41]	@ zero_extendqisi2
 1089              		.loc 1 279 7 view .LVU245
 1090 000a 17B9     		cbnz	r7, .L82
 1091              	.LVL79:
 1092              	.L61:
 280:Core/Src/NOS_WS2812B_Strip_Effects.c ****     {
 281:Core/Src/NOS_WS2812B_Strip_Effects.c **** 	uint32_t i;
 282:Core/Src/NOS_WS2812B_Strip_Effects.c **** 	PixelColor temp = {0,0,0};
 283:Core/Src/NOS_WS2812B_Strip_Effects.c **** 	bool isR;
 284:Core/Src/NOS_WS2812B_Strip_Effects.c **** 	bool isG;
 285:Core/Src/NOS_WS2812B_Strip_Effects.c **** 	bool isB;
 286:Core/Src/NOS_WS2812B_Strip_Effects.c ****     uint32_t random = 50;
 287:Core/Src/NOS_WS2812B_Strip_Effects.c ****     uint32_t fadeOutFactor = 40;
 288:Core/Src/NOS_WS2812B_Strip_Effects.c ****     PixelColor color = {0,0,0};
 289:Core/Src/NOS_WS2812B_Strip_Effects.c **** 
 290:Core/Src/NOS_WS2812B_Strip_Effects.c ****     NOS_PixelColor_SetColor(&color,effect->color.R,effect->color.G,effect->color.B);
 291:Core/Src/NOS_WS2812B_Strip_Effects.c **** 
 292:Core/Src/NOS_WS2812B_Strip_Effects.c ****     if(effect->timer >= effect->speed.data)
 293:Core/Src/NOS_WS2812B_Strip_Effects.c ****     {
 294:Core/Src/NOS_WS2812B_Strip_Effects.c **** 
 295:Core/Src/NOS_WS2812B_Strip_Effects.c **** 	if(color.R == 0xFF)
 296:Core/Src/NOS_WS2812B_Strip_Effects.c **** 	{
 297:Core/Src/NOS_WS2812B_Strip_Effects.c **** 		isR = true;
 298:Core/Src/NOS_WS2812B_Strip_Effects.c **** 	}
 299:Core/Src/NOS_WS2812B_Strip_Effects.c **** 	else
 300:Core/Src/NOS_WS2812B_Strip_Effects.c **** 	{
 301:Core/Src/NOS_WS2812B_Strip_Effects.c **** 		isR = false;
 302:Core/Src/NOS_WS2812B_Strip_Effects.c **** 	}
 303:Core/Src/NOS_WS2812B_Strip_Effects.c **** 
 304:Core/Src/NOS_WS2812B_Strip_Effects.c **** 	if(color.G == 0xFF)
 305:Core/Src/NOS_WS2812B_Strip_Effects.c **** 	{
ARM GAS  C:\Users\igorn\AppData\Local\Temp\ccEIC3Pq.s 			page 28


 306:Core/Src/NOS_WS2812B_Strip_Effects.c **** 		isG = true;
 307:Core/Src/NOS_WS2812B_Strip_Effects.c **** 	}
 308:Core/Src/NOS_WS2812B_Strip_Effects.c **** 	else
 309:Core/Src/NOS_WS2812B_Strip_Effects.c **** 	{
 310:Core/Src/NOS_WS2812B_Strip_Effects.c **** 		isG = false;
 311:Core/Src/NOS_WS2812B_Strip_Effects.c **** 	}
 312:Core/Src/NOS_WS2812B_Strip_Effects.c **** 	if(color.B == 0xFF)
 313:Core/Src/NOS_WS2812B_Strip_Effects.c **** 	{
 314:Core/Src/NOS_WS2812B_Strip_Effects.c **** 		isB = true;
 315:Core/Src/NOS_WS2812B_Strip_Effects.c **** 	}
 316:Core/Src/NOS_WS2812B_Strip_Effects.c **** 	else
 317:Core/Src/NOS_WS2812B_Strip_Effects.c **** 	{
 318:Core/Src/NOS_WS2812B_Strip_Effects.c **** 		isB = false;
 319:Core/Src/NOS_WS2812B_Strip_Effects.c **** 	}
 320:Core/Src/NOS_WS2812B_Strip_Effects.c **** 
 321:Core/Src/NOS_WS2812B_Strip_Effects.c **** 	for( i = 0; i < strip->pixelCount; i++)
 322:Core/Src/NOS_WS2812B_Strip_Effects.c **** 	{
 323:Core/Src/NOS_WS2812B_Strip_Effects.c ****         temp.R = strip->pixels[i].R;
 324:Core/Src/NOS_WS2812B_Strip_Effects.c ****         temp.G = strip->pixels[i].G;
 325:Core/Src/NOS_WS2812B_Strip_Effects.c ****         temp.B = strip->pixels[i].B;
 326:Core/Src/NOS_WS2812B_Strip_Effects.c **** 
 327:Core/Src/NOS_WS2812B_Strip_Effects.c **** 		if(rand() % random == 0)
 328:Core/Src/NOS_WS2812B_Strip_Effects.c **** 		{	
 329:Core/Src/NOS_WS2812B_Strip_Effects.c **** 			if(isR)
 330:Core/Src/NOS_WS2812B_Strip_Effects.c **** 			{
 331:Core/Src/NOS_WS2812B_Strip_Effects.c **** 				temp.R = 255;
 332:Core/Src/NOS_WS2812B_Strip_Effects.c **** 			}
 333:Core/Src/NOS_WS2812B_Strip_Effects.c **** 			
 334:Core/Src/NOS_WS2812B_Strip_Effects.c **** 			if(isG)
 335:Core/Src/NOS_WS2812B_Strip_Effects.c **** 			{
 336:Core/Src/NOS_WS2812B_Strip_Effects.c **** 				temp.G = 255;
 337:Core/Src/NOS_WS2812B_Strip_Effects.c **** 			}
 338:Core/Src/NOS_WS2812B_Strip_Effects.c **** 
 339:Core/Src/NOS_WS2812B_Strip_Effects.c **** 			if(isB)
 340:Core/Src/NOS_WS2812B_Strip_Effects.c **** 			{
 341:Core/Src/NOS_WS2812B_Strip_Effects.c **** 				temp.B = 255;
 342:Core/Src/NOS_WS2812B_Strip_Effects.c **** 			}
 343:Core/Src/NOS_WS2812B_Strip_Effects.c **** 		}
 344:Core/Src/NOS_WS2812B_Strip_Effects.c **** 
 345:Core/Src/NOS_WS2812B_Strip_Effects.c **** 		if(isR)
 346:Core/Src/NOS_WS2812B_Strip_Effects.c **** 		{
 347:Core/Src/NOS_WS2812B_Strip_Effects.c **** 		if(temp.R > fadeOutFactor)
 348:Core/Src/NOS_WS2812B_Strip_Effects.c **** 			temp.R -= temp.R/fadeOutFactor;
 349:Core/Src/NOS_WS2812B_Strip_Effects.c **** 		else
 350:Core/Src/NOS_WS2812B_Strip_Effects.c **** 			temp.R = 0;
 351:Core/Src/NOS_WS2812B_Strip_Effects.c **** 		}
 352:Core/Src/NOS_WS2812B_Strip_Effects.c **** 
 353:Core/Src/NOS_WS2812B_Strip_Effects.c **** 		if(isG)
 354:Core/Src/NOS_WS2812B_Strip_Effects.c **** 		{
 355:Core/Src/NOS_WS2812B_Strip_Effects.c **** 		if(temp.G > fadeOutFactor)
 356:Core/Src/NOS_WS2812B_Strip_Effects.c **** 			temp.G -= temp.G/fadeOutFactor;
 357:Core/Src/NOS_WS2812B_Strip_Effects.c **** 		else
 358:Core/Src/NOS_WS2812B_Strip_Effects.c **** 			temp.G = 0;
 359:Core/Src/NOS_WS2812B_Strip_Effects.c **** 		}
 360:Core/Src/NOS_WS2812B_Strip_Effects.c **** 
 361:Core/Src/NOS_WS2812B_Strip_Effects.c **** 		if(isB)
 362:Core/Src/NOS_WS2812B_Strip_Effects.c **** 		{
ARM GAS  C:\Users\igorn\AppData\Local\Temp\ccEIC3Pq.s 			page 29


 363:Core/Src/NOS_WS2812B_Strip_Effects.c **** 		if(temp.B > fadeOutFactor)
 364:Core/Src/NOS_WS2812B_Strip_Effects.c **** 			temp.B -= temp.B/fadeOutFactor;
 365:Core/Src/NOS_WS2812B_Strip_Effects.c **** 		else
 366:Core/Src/NOS_WS2812B_Strip_Effects.c **** 			temp.B = 0;
 367:Core/Src/NOS_WS2812B_Strip_Effects.c **** 		}
 368:Core/Src/NOS_WS2812B_Strip_Effects.c **** 
 369:Core/Src/NOS_WS2812B_Strip_Effects.c ****         NOS_WS2812B_Strip_SetPixelByPixelColor(strip,i,temp);
 370:Core/Src/NOS_WS2812B_Strip_Effects.c **** 	}
 371:Core/Src/NOS_WS2812B_Strip_Effects.c ****     effect->timer = 0;
 372:Core/Src/NOS_WS2812B_Strip_Effects.c **** }
 373:Core/Src/NOS_WS2812B_Strip_Effects.c **** effect->timer++;
 374:Core/Src/NOS_WS2812B_Strip_Effects.c ****     }
 375:Core/Src/NOS_WS2812B_Strip_Effects.c **** }
 1093              		.loc 1 375 1 view .LVU246
 1094 000c 03B0     		add	sp, sp, #12
 1095              		.cfi_remember_state
 1096              		.cfi_def_cfa_offset 28
 1097              		@ sp needed
 1098 000e BDE8F083 		pop	{r4, r5, r6, r7, r8, r9, pc}
 1099              	.LVL80:
 1100              	.L82:
 1101              		.cfi_restore_state
 1102              		.loc 1 375 1 view .LVU247
 1103 0012 0546     		mov	r5, r0
 1104 0014 0E46     		mov	r6, r1
 1105              	.LBB3:
 281:Core/Src/NOS_WS2812B_Strip_Effects.c **** 	PixelColor temp = {0,0,0};
 1106              		.loc 1 281 2 is_stmt 1 view .LVU248
 282:Core/Src/NOS_WS2812B_Strip_Effects.c **** 	bool isR;
 1107              		.loc 1 282 2 view .LVU249
 282:Core/Src/NOS_WS2812B_Strip_Effects.c **** 	bool isR;
 1108              		.loc 1 282 13 is_stmt 0 view .LVU250
 1109 0016 0023     		movs	r3, #0
 1110 0018 8DF80030 		strb	r3, [sp]
 1111 001c 8DF80130 		strb	r3, [sp, #1]
 1112 0020 8DF80230 		strb	r3, [sp, #2]
 283:Core/Src/NOS_WS2812B_Strip_Effects.c **** 	bool isG;
 1113              		.loc 1 283 2 is_stmt 1 view .LVU251
 284:Core/Src/NOS_WS2812B_Strip_Effects.c **** 	bool isB;
 1114              		.loc 1 284 2 view .LVU252
 285:Core/Src/NOS_WS2812B_Strip_Effects.c ****     uint32_t random = 50;
 1115              		.loc 1 285 2 view .LVU253
 286:Core/Src/NOS_WS2812B_Strip_Effects.c ****     uint32_t fadeOutFactor = 40;
 1116              		.loc 1 286 5 view .LVU254
 1117              	.LVL81:
 287:Core/Src/NOS_WS2812B_Strip_Effects.c ****     PixelColor color = {0,0,0};
 1118              		.loc 1 287 5 view .LVU255
 288:Core/Src/NOS_WS2812B_Strip_Effects.c **** 
 1119              		.loc 1 288 5 view .LVU256
 288:Core/Src/NOS_WS2812B_Strip_Effects.c **** 
 1120              		.loc 1 288 16 is_stmt 0 view .LVU257
 1121 0024 8DF80430 		strb	r3, [sp, #4]
 1122 0028 8DF80530 		strb	r3, [sp, #5]
 1123 002c 8DF80630 		strb	r3, [sp, #6]
 290:Core/Src/NOS_WS2812B_Strip_Effects.c **** 
 1124              		.loc 1 290 5 is_stmt 1 view .LVU258
 1125 0030 91F82830 		ldrb	r3, [r1, #40]	@ zero_extendqisi2
ARM GAS  C:\Users\igorn\AppData\Local\Temp\ccEIC3Pq.s 			page 30


 1126 0034 91F82720 		ldrb	r2, [r1, #39]	@ zero_extendqisi2
 1127 0038 91F82610 		ldrb	r1, [r1, #38]	@ zero_extendqisi2
 1128              	.LVL82:
 290:Core/Src/NOS_WS2812B_Strip_Effects.c **** 
 1129              		.loc 1 290 5 is_stmt 0 view .LVU259
 1130 003c 01A8     		add	r0, sp, #4
 1131              	.LVL83:
 290:Core/Src/NOS_WS2812B_Strip_Effects.c **** 
 1132              		.loc 1 290 5 view .LVU260
 1133 003e FFF7FEFF 		bl	NOS_PixelColor_SetColor
 1134              	.LVL84:
 292:Core/Src/NOS_WS2812B_Strip_Effects.c ****     {
 1135              		.loc 1 292 5 is_stmt 1 view .LVU261
 292:Core/Src/NOS_WS2812B_Strip_Effects.c ****     {
 1136              		.loc 1 292 14 is_stmt 0 view .LVU262
 1137 0042 328B     		ldrh	r2, [r6, #24]
 292:Core/Src/NOS_WS2812B_Strip_Effects.c ****     {
 1138              		.loc 1 292 38 view .LVU263
 1139 0044 B38A     		ldrh	r3, [r6, #20]
 292:Core/Src/NOS_WS2812B_Strip_Effects.c ****     {
 1140              		.loc 1 292 7 view .LVU264
 1141 0046 9A42     		cmp	r2, r3
 1142 0048 7DD3     		bcc	.L63
 295:Core/Src/NOS_WS2812B_Strip_Effects.c **** 	{
 1143              		.loc 1 295 2 is_stmt 1 view .LVU265
 295:Core/Src/NOS_WS2812B_Strip_Effects.c **** 	{
 1144              		.loc 1 295 10 is_stmt 0 view .LVU266
 1145 004a 9DF80430 		ldrb	r3, [sp, #4]	@ zero_extendqisi2
 295:Core/Src/NOS_WS2812B_Strip_Effects.c **** 	{
 1146              		.loc 1 295 4 view .LVU267
 1147 004e FF2B     		cmp	r3, #255
 1148 0050 0ED0     		beq	.L83
 301:Core/Src/NOS_WS2812B_Strip_Effects.c **** 	}
 1149              		.loc 1 301 7 view .LVU268
 1150 0052 4FF00008 		mov	r8, #0
 1151              	.L64:
 1152              	.LVL85:
 304:Core/Src/NOS_WS2812B_Strip_Effects.c **** 	{
 1153              		.loc 1 304 2 is_stmt 1 view .LVU269
 304:Core/Src/NOS_WS2812B_Strip_Effects.c **** 	{
 1154              		.loc 1 304 10 is_stmt 0 view .LVU270
 1155 0056 9DF80530 		ldrb	r3, [sp, #5]	@ zero_extendqisi2
 304:Core/Src/NOS_WS2812B_Strip_Effects.c **** 	{
 1156              		.loc 1 304 4 view .LVU271
 1157 005a FF2B     		cmp	r3, #255
 1158 005c 0AD0     		beq	.L84
 310:Core/Src/NOS_WS2812B_Strip_Effects.c **** 	}
 1159              		.loc 1 310 7 view .LVU272
 1160 005e 4FF00009 		mov	r9, #0
 1161              	.L65:
 1162              	.LVL86:
 312:Core/Src/NOS_WS2812B_Strip_Effects.c **** 	{
 1163              		.loc 1 312 2 is_stmt 1 view .LVU273
 312:Core/Src/NOS_WS2812B_Strip_Effects.c **** 	{
 1164              		.loc 1 312 10 is_stmt 0 view .LVU274
 1165 0062 9DF80630 		ldrb	r3, [sp, #6]	@ zero_extendqisi2
 312:Core/Src/NOS_WS2812B_Strip_Effects.c **** 	{
ARM GAS  C:\Users\igorn\AppData\Local\Temp\ccEIC3Pq.s 			page 31


 1166              		.loc 1 312 4 view .LVU275
 1167 0066 FF2B     		cmp	r3, #255
 1168 0068 00D0     		beq	.L66
 318:Core/Src/NOS_WS2812B_Strip_Effects.c **** 	}
 1169              		.loc 1 318 7 view .LVU276
 1170 006a 0027     		movs	r7, #0
 1171              	.L66:
 1172              	.LVL87:
 321:Core/Src/NOS_WS2812B_Strip_Effects.c **** 	{
 1173              		.loc 1 321 2 is_stmt 1 view .LVU277
 321:Core/Src/NOS_WS2812B_Strip_Effects.c **** 	{
 1174              		.loc 1 321 9 is_stmt 0 view .LVU278
 1175 006c 0024     		movs	r4, #0
 321:Core/Src/NOS_WS2812B_Strip_Effects.c **** 	{
 1176              		.loc 1 321 2 view .LVU279
 1177 006e 14E0     		b	.L67
 1178              	.LVL88:
 1179              	.L83:
 297:Core/Src/NOS_WS2812B_Strip_Effects.c **** 	}
 1180              		.loc 1 297 7 view .LVU280
 1181 0070 B846     		mov	r8, r7
 1182 0072 F0E7     		b	.L64
 1183              	.LVL89:
 1184              	.L84:
 306:Core/Src/NOS_WS2812B_Strip_Effects.c **** 	}
 1185              		.loc 1 306 7 view .LVU281
 1186 0074 B946     		mov	r9, r7
 1187 0076 F4E7     		b	.L65
 1188              	.LVL90:
 1189              	.L72:
 350:Core/Src/NOS_WS2812B_Strip_Effects.c **** 		}
 1190              		.loc 1 350 4 is_stmt 1 view .LVU282
 350:Core/Src/NOS_WS2812B_Strip_Effects.c **** 		}
 1191              		.loc 1 350 11 is_stmt 0 view .LVU283
 1192 0078 0023     		movs	r3, #0
 1193 007a 8DF80030 		strb	r3, [sp]
 1194 007e 44E0     		b	.L71
 1195              	.L74:
 358:Core/Src/NOS_WS2812B_Strip_Effects.c **** 		}
 1196              		.loc 1 358 4 is_stmt 1 view .LVU284
 358:Core/Src/NOS_WS2812B_Strip_Effects.c **** 		}
 1197              		.loc 1 358 11 is_stmt 0 view .LVU285
 1198 0080 0023     		movs	r3, #0
 1199 0082 8DF80130 		strb	r3, [sp, #1]
 1200 0086 4EE0     		b	.L73
 1201              	.L76:
 366:Core/Src/NOS_WS2812B_Strip_Effects.c **** 		}
 1202              		.loc 1 366 4 is_stmt 1 view .LVU286
 366:Core/Src/NOS_WS2812B_Strip_Effects.c **** 		}
 1203              		.loc 1 366 11 is_stmt 0 view .LVU287
 1204 0088 0023     		movs	r3, #0
 1205 008a 8DF80230 		strb	r3, [sp, #2]
 1206              	.L75:
 369:Core/Src/NOS_WS2812B_Strip_Effects.c **** 	}
 1207              		.loc 1 369 9 is_stmt 1 discriminator 2 view .LVU288
 1208 008e 009A     		ldr	r2, [sp]
 1209 0090 2146     		mov	r1, r4
ARM GAS  C:\Users\igorn\AppData\Local\Temp\ccEIC3Pq.s 			page 32


 1210 0092 2846     		mov	r0, r5
 1211 0094 FFF7FEFF 		bl	NOS_WS2812B_Strip_SetPixelByPixelColor
 1212              	.LVL91:
 321:Core/Src/NOS_WS2812B_Strip_Effects.c **** 	{
 1213              		.loc 1 321 38 discriminator 2 view .LVU289
 1214 0098 0134     		adds	r4, r4, #1
 1215              	.LVL92:
 1216              	.L67:
 321:Core/Src/NOS_WS2812B_Strip_Effects.c **** 	{
 1217              		.loc 1 321 16 discriminator 1 view .LVU290
 321:Core/Src/NOS_WS2812B_Strip_Effects.c **** 	{
 1218              		.loc 1 321 23 is_stmt 0 discriminator 1 view .LVU291
 1219 009a AB68     		ldr	r3, [r5, #8]
 321:Core/Src/NOS_WS2812B_Strip_Effects.c **** 	{
 1220              		.loc 1 321 16 discriminator 1 view .LVU292
 1221 009c A342     		cmp	r3, r4
 1222 009e 50D9     		bls	.L85
 323:Core/Src/NOS_WS2812B_Strip_Effects.c ****         temp.G = strip->pixels[i].G;
 1223              		.loc 1 323 9 is_stmt 1 view .LVU293
 323:Core/Src/NOS_WS2812B_Strip_Effects.c ****         temp.G = strip->pixels[i].G;
 1224              		.loc 1 323 23 is_stmt 0 view .LVU294
 1225 00a0 6968     		ldr	r1, [r5, #4]
 323:Core/Src/NOS_WS2812B_Strip_Effects.c ****         temp.G = strip->pixels[i].G;
 1226              		.loc 1 323 31 view .LVU295
 1227 00a2 04EB4402 		add	r2, r4, r4, lsl #1
 1228 00a6 8B18     		adds	r3, r1, r2
 323:Core/Src/NOS_WS2812B_Strip_Effects.c ****         temp.G = strip->pixels[i].G;
 1229              		.loc 1 323 34 view .LVU296
 1230 00a8 8A5C     		ldrb	r2, [r1, r2]	@ zero_extendqisi2
 323:Core/Src/NOS_WS2812B_Strip_Effects.c ****         temp.G = strip->pixels[i].G;
 1231              		.loc 1 323 16 view .LVU297
 1232 00aa 8DF80020 		strb	r2, [sp]
 324:Core/Src/NOS_WS2812B_Strip_Effects.c ****         temp.B = strip->pixels[i].B;
 1233              		.loc 1 324 9 is_stmt 1 view .LVU298
 324:Core/Src/NOS_WS2812B_Strip_Effects.c ****         temp.B = strip->pixels[i].B;
 1234              		.loc 1 324 34 is_stmt 0 view .LVU299
 1235 00ae 5A78     		ldrb	r2, [r3, #1]	@ zero_extendqisi2
 324:Core/Src/NOS_WS2812B_Strip_Effects.c ****         temp.B = strip->pixels[i].B;
 1236              		.loc 1 324 16 view .LVU300
 1237 00b0 8DF80120 		strb	r2, [sp, #1]
 325:Core/Src/NOS_WS2812B_Strip_Effects.c **** 
 1238              		.loc 1 325 9 is_stmt 1 view .LVU301
 325:Core/Src/NOS_WS2812B_Strip_Effects.c **** 
 1239              		.loc 1 325 34 is_stmt 0 view .LVU302
 1240 00b4 9B78     		ldrb	r3, [r3, #2]	@ zero_extendqisi2
 325:Core/Src/NOS_WS2812B_Strip_Effects.c **** 
 1241              		.loc 1 325 16 view .LVU303
 1242 00b6 8DF80230 		strb	r3, [sp, #2]
 327:Core/Src/NOS_WS2812B_Strip_Effects.c **** 		{	
 1243              		.loc 1 327 3 is_stmt 1 view .LVU304
 1244              	.LBB4:
 327:Core/Src/NOS_WS2812B_Strip_Effects.c **** 		{	
 1245              		.loc 1 327 6 is_stmt 0 view .LVU305
 1246 00ba FFF7FEFF 		bl	rand
 1247              	.LVL93:
 327:Core/Src/NOS_WS2812B_Strip_Effects.c **** 		{	
 1248              		.loc 1 327 13 view .LVU306
ARM GAS  C:\Users\igorn\AppData\Local\Temp\ccEIC3Pq.s 			page 33


 1249 00be 244B     		ldr	r3, .L86
 1250 00c0 A3FB0023 		umull	r2, r3, r3, r0
 1251 00c4 1B09     		lsrs	r3, r3, #4
 1252 00c6 3222     		movs	r2, #50
 1253 00c8 02FB1303 		mls	r3, r2, r3, r0
 327:Core/Src/NOS_WS2812B_Strip_Effects.c **** 		{	
 1254              		.loc 1 327 5 view .LVU307
 1255 00cc 7BB9     		cbnz	r3, .L68
 329:Core/Src/NOS_WS2812B_Strip_Effects.c **** 			{
 1256              		.loc 1 329 4 is_stmt 1 view .LVU308
 329:Core/Src/NOS_WS2812B_Strip_Effects.c **** 			{
 1257              		.loc 1 329 6 is_stmt 0 view .LVU309
 1258 00ce B8F1000F 		cmp	r8, #0
 1259 00d2 02D0     		beq	.L69
 331:Core/Src/NOS_WS2812B_Strip_Effects.c **** 			}
 1260              		.loc 1 331 5 is_stmt 1 view .LVU310
 331:Core/Src/NOS_WS2812B_Strip_Effects.c **** 			}
 1261              		.loc 1 331 12 is_stmt 0 view .LVU311
 1262 00d4 FF23     		movs	r3, #255
 1263 00d6 8DF80030 		strb	r3, [sp]
 1264              	.L69:
 334:Core/Src/NOS_WS2812B_Strip_Effects.c **** 			{
 1265              		.loc 1 334 4 is_stmt 1 view .LVU312
 334:Core/Src/NOS_WS2812B_Strip_Effects.c **** 			{
 1266              		.loc 1 334 6 is_stmt 0 view .LVU313
 1267 00da B9F1000F 		cmp	r9, #0
 1268 00de 02D0     		beq	.L70
 336:Core/Src/NOS_WS2812B_Strip_Effects.c **** 			}
 1269              		.loc 1 336 5 is_stmt 1 view .LVU314
 336:Core/Src/NOS_WS2812B_Strip_Effects.c **** 			}
 1270              		.loc 1 336 12 is_stmt 0 view .LVU315
 1271 00e0 FF23     		movs	r3, #255
 1272 00e2 8DF80130 		strb	r3, [sp, #1]
 1273              	.L70:
 339:Core/Src/NOS_WS2812B_Strip_Effects.c **** 			{
 1274              		.loc 1 339 4 is_stmt 1 view .LVU316
 339:Core/Src/NOS_WS2812B_Strip_Effects.c **** 			{
 1275              		.loc 1 339 6 is_stmt 0 view .LVU317
 1276 00e6 17B1     		cbz	r7, .L68
 341:Core/Src/NOS_WS2812B_Strip_Effects.c **** 			}
 1277              		.loc 1 341 5 is_stmt 1 view .LVU318
 341:Core/Src/NOS_WS2812B_Strip_Effects.c **** 			}
 1278              		.loc 1 341 12 is_stmt 0 view .LVU319
 1279 00e8 FF23     		movs	r3, #255
 1280 00ea 8DF80230 		strb	r3, [sp, #2]
 1281              	.L68:
 1282              	.LBE4:
 345:Core/Src/NOS_WS2812B_Strip_Effects.c **** 		{
 1283              		.loc 1 345 3 is_stmt 1 view .LVU320
 345:Core/Src/NOS_WS2812B_Strip_Effects.c **** 		{
 1284              		.loc 1 345 5 is_stmt 0 view .LVU321
 1285 00ee B8F1000F 		cmp	r8, #0
 1286 00f2 0AD0     		beq	.L71
 347:Core/Src/NOS_WS2812B_Strip_Effects.c **** 			temp.R -= temp.R/fadeOutFactor;
 1287              		.loc 1 347 3 is_stmt 1 view .LVU322
 347:Core/Src/NOS_WS2812B_Strip_Effects.c **** 			temp.R -= temp.R/fadeOutFactor;
 1288              		.loc 1 347 10 is_stmt 0 view .LVU323
ARM GAS  C:\Users\igorn\AppData\Local\Temp\ccEIC3Pq.s 			page 34


 1289 00f4 9DF80030 		ldrb	r3, [sp]	@ zero_extendqisi2
 347:Core/Src/NOS_WS2812B_Strip_Effects.c **** 			temp.R -= temp.R/fadeOutFactor;
 1290              		.loc 1 347 5 view .LVU324
 1291 00f8 282B     		cmp	r3, #40
 1292 00fa BDD9     		bls	.L72
 348:Core/Src/NOS_WS2812B_Strip_Effects.c **** 		else
 1293              		.loc 1 348 4 is_stmt 1 view .LVU325
 348:Core/Src/NOS_WS2812B_Strip_Effects.c **** 		else
 1294              		.loc 1 348 20 is_stmt 0 view .LVU326
 1295 00fc 154A     		ldr	r2, .L86+4
 1296 00fe A2FB0312 		umull	r1, r2, r2, r3
 348:Core/Src/NOS_WS2812B_Strip_Effects.c **** 		else
 1297              		.loc 1 348 11 view .LVU327
 1298 0102 A3EB5213 		sub	r3, r3, r2, lsr #5
 1299 0106 8DF80030 		strb	r3, [sp]
 1300              	.L71:
 353:Core/Src/NOS_WS2812B_Strip_Effects.c **** 		{
 1301              		.loc 1 353 3 is_stmt 1 view .LVU328
 353:Core/Src/NOS_WS2812B_Strip_Effects.c **** 		{
 1302              		.loc 1 353 5 is_stmt 0 view .LVU329
 1303 010a B9F1000F 		cmp	r9, #0
 1304 010e 0AD0     		beq	.L73
 355:Core/Src/NOS_WS2812B_Strip_Effects.c **** 			temp.G -= temp.G/fadeOutFactor;
 1305              		.loc 1 355 3 is_stmt 1 view .LVU330
 355:Core/Src/NOS_WS2812B_Strip_Effects.c **** 			temp.G -= temp.G/fadeOutFactor;
 1306              		.loc 1 355 10 is_stmt 0 view .LVU331
 1307 0110 9DF80130 		ldrb	r3, [sp, #1]	@ zero_extendqisi2
 355:Core/Src/NOS_WS2812B_Strip_Effects.c **** 			temp.G -= temp.G/fadeOutFactor;
 1308              		.loc 1 355 5 view .LVU332
 1309 0114 282B     		cmp	r3, #40
 1310 0116 B3D9     		bls	.L74
 356:Core/Src/NOS_WS2812B_Strip_Effects.c **** 		else
 1311              		.loc 1 356 4 is_stmt 1 view .LVU333
 356:Core/Src/NOS_WS2812B_Strip_Effects.c **** 		else
 1312              		.loc 1 356 20 is_stmt 0 view .LVU334
 1313 0118 0E4A     		ldr	r2, .L86+4
 1314 011a A2FB0312 		umull	r1, r2, r2, r3
 356:Core/Src/NOS_WS2812B_Strip_Effects.c **** 		else
 1315              		.loc 1 356 11 view .LVU335
 1316 011e A3EB5213 		sub	r3, r3, r2, lsr #5
 1317 0122 8DF80130 		strb	r3, [sp, #1]
 1318              	.L73:
 361:Core/Src/NOS_WS2812B_Strip_Effects.c **** 		{
 1319              		.loc 1 361 3 is_stmt 1 view .LVU336
 361:Core/Src/NOS_WS2812B_Strip_Effects.c **** 		{
 1320              		.loc 1 361 5 is_stmt 0 view .LVU337
 1321 0126 002F     		cmp	r7, #0
 1322 0128 B1D0     		beq	.L75
 363:Core/Src/NOS_WS2812B_Strip_Effects.c **** 			temp.B -= temp.B/fadeOutFactor;
 1323              		.loc 1 363 3 is_stmt 1 view .LVU338
 363:Core/Src/NOS_WS2812B_Strip_Effects.c **** 			temp.B -= temp.B/fadeOutFactor;
 1324              		.loc 1 363 10 is_stmt 0 view .LVU339
 1325 012a 9DF80230 		ldrb	r3, [sp, #2]	@ zero_extendqisi2
 363:Core/Src/NOS_WS2812B_Strip_Effects.c **** 			temp.B -= temp.B/fadeOutFactor;
 1326              		.loc 1 363 5 view .LVU340
 1327 012e 282B     		cmp	r3, #40
 1328 0130 AAD9     		bls	.L76
ARM GAS  C:\Users\igorn\AppData\Local\Temp\ccEIC3Pq.s 			page 35


 364:Core/Src/NOS_WS2812B_Strip_Effects.c **** 		else
 1329              		.loc 1 364 4 is_stmt 1 view .LVU341
 364:Core/Src/NOS_WS2812B_Strip_Effects.c **** 		else
 1330              		.loc 1 364 20 is_stmt 0 view .LVU342
 1331 0132 084A     		ldr	r2, .L86+4
 1332 0134 A2FB0312 		umull	r1, r2, r2, r3
 364:Core/Src/NOS_WS2812B_Strip_Effects.c **** 		else
 1333              		.loc 1 364 11 view .LVU343
 1334 0138 A3EB5213 		sub	r3, r3, r2, lsr #5
 1335 013c 8DF80230 		strb	r3, [sp, #2]
 1336 0140 A5E7     		b	.L75
 1337              	.L85:
 371:Core/Src/NOS_WS2812B_Strip_Effects.c **** }
 1338              		.loc 1 371 5 is_stmt 1 view .LVU344
 371:Core/Src/NOS_WS2812B_Strip_Effects.c **** }
 1339              		.loc 1 371 19 is_stmt 0 view .LVU345
 1340 0142 0023     		movs	r3, #0
 1341 0144 3383     		strh	r3, [r6, #24]	@ movhi
 1342              	.LVL94:
 1343              	.L63:
 373:Core/Src/NOS_WS2812B_Strip_Effects.c ****     }
 1344              		.loc 1 373 1 is_stmt 1 view .LVU346
 373:Core/Src/NOS_WS2812B_Strip_Effects.c ****     }
 1345              		.loc 1 373 7 is_stmt 0 view .LVU347
 1346 0146 338B     		ldrh	r3, [r6, #24]
 373:Core/Src/NOS_WS2812B_Strip_Effects.c ****     }
 1347              		.loc 1 373 14 view .LVU348
 1348 0148 0133     		adds	r3, r3, #1
 1349 014a 3383     		strh	r3, [r6, #24]	@ movhi
 1350              	.LBE3:
 1351              		.loc 1 375 1 view .LVU349
 1352 014c 5EE7     		b	.L61
 1353              	.L87:
 1354 014e 00BF     		.align	2
 1355              	.L86:
 1356 0150 1F85EB51 		.word	1374389535
 1357 0154 CDCCCCCC 		.word	-858993459
 1358              		.cfi_endproc
 1359              	.LFE73:
 1361              		.section	.text.NOS_WS2812B_Strip_Effect_Walking_Pixels_Handler,"ax",%progbits
 1362              		.align	1
 1363              		.global	NOS_WS2812B_Strip_Effect_Walking_Pixels_Handler
 1364              		.syntax unified
 1365              		.thumb
 1366              		.thumb_func
 1368              	NOS_WS2812B_Strip_Effect_Walking_Pixels_Handler:
 1369              	.LVL95:
 1370              	.LFB74:
 376:Core/Src/NOS_WS2812B_Strip_Effects.c **** 
 377:Core/Src/NOS_WS2812B_Strip_Effects.c **** void NOS_WS2812B_Strip_Effect_Walking_Pixels_Handler(WS2812B_Strip* strip,Effect_Struct* effect)
 378:Core/Src/NOS_WS2812B_Strip_Effects.c **** {
 1371              		.loc 1 378 1 is_stmt 1 view -0
 1372              		.cfi_startproc
 1373              		@ args = 0, pretend = 0, frame = 0
 1374              		@ frame_needed = 0, uses_anonymous_args = 0
 1375              		.loc 1 378 1 is_stmt 0 view .LVU351
 1376 0000 F8B5     		push	{r3, r4, r5, r6, r7, lr}
ARM GAS  C:\Users\igorn\AppData\Local\Temp\ccEIC3Pq.s 			page 36


 1377              		.cfi_def_cfa_offset 24
 1378              		.cfi_offset 3, -24
 1379              		.cfi_offset 4, -20
 1380              		.cfi_offset 5, -16
 1381              		.cfi_offset 6, -12
 1382              		.cfi_offset 7, -8
 1383              		.cfi_offset 14, -4
 379:Core/Src/NOS_WS2812B_Strip_Effects.c ****     if(effect->enabled)
 1384              		.loc 1 379 5 is_stmt 1 view .LVU352
 1385              		.loc 1 379 14 is_stmt 0 view .LVU353
 1386 0002 91F82930 		ldrb	r3, [r1, #41]	@ zero_extendqisi2
 1387              		.loc 1 379 7 view .LVU354
 1388 0006 43B1     		cbz	r3, .L88
 1389 0008 0646     		mov	r6, r0
 1390 000a 0C46     		mov	r4, r1
 380:Core/Src/NOS_WS2812B_Strip_Effects.c ****     {
 381:Core/Src/NOS_WS2812B_Strip_Effects.c ****         if(effect->timer > effect->speed.data)
 1391              		.loc 1 381 9 is_stmt 1 view .LVU355
 1392              		.loc 1 381 18 is_stmt 0 view .LVU356
 1393 000c 0A8B     		ldrh	r2, [r1, #24]
 1394              		.loc 1 381 41 view .LVU357
 1395 000e 8B8A     		ldrh	r3, [r1, #20]
 1396              		.loc 1 381 11 view .LVU358
 1397 0010 9A42     		cmp	r2, r3
 1398 0012 03D8     		bhi	.L96
 1399              	.LVL96:
 1400              	.L90:
 382:Core/Src/NOS_WS2812B_Strip_Effects.c ****         {
 383:Core/Src/NOS_WS2812B_Strip_Effects.c ****             NOS_Math_SinValue_Handler(&effect->value);
 384:Core/Src/NOS_WS2812B_Strip_Effects.c **** 
 385:Core/Src/NOS_WS2812B_Strip_Effects.c ****             uint16_t pixelPos = NOS_Math_GetSinValue(&effect->value);
 386:Core/Src/NOS_WS2812B_Strip_Effects.c **** 
 387:Core/Src/NOS_WS2812B_Strip_Effects.c ****             for(int i = 0; i < effect->param1; i++)
 388:Core/Src/NOS_WS2812B_Strip_Effects.c ****             {
 389:Core/Src/NOS_WS2812B_Strip_Effects.c ****                 if(pixelPos + i < strip->pixelCount)
 390:Core/Src/NOS_WS2812B_Strip_Effects.c ****                 {
 391:Core/Src/NOS_WS2812B_Strip_Effects.c ****                     NOS_WS2812B_Strip_SetPixelByPixelColor(strip,pixelPos+i,effect->color);
 392:Core/Src/NOS_WS2812B_Strip_Effects.c ****                 }
 393:Core/Src/NOS_WS2812B_Strip_Effects.c ****                 else
 394:Core/Src/NOS_WS2812B_Strip_Effects.c ****                 {
 395:Core/Src/NOS_WS2812B_Strip_Effects.c ****                     NOS_WS2812B_Strip_SetPixelByPixelColor(strip,(pixelPos+i) - strip->pixelCount,e
 396:Core/Src/NOS_WS2812B_Strip_Effects.c ****                 }
 397:Core/Src/NOS_WS2812B_Strip_Effects.c ****             }
 398:Core/Src/NOS_WS2812B_Strip_Effects.c ****             effect->timer = 0;
 399:Core/Src/NOS_WS2812B_Strip_Effects.c ****         }
 400:Core/Src/NOS_WS2812B_Strip_Effects.c ****         effect->timer++;
 1401              		.loc 1 400 9 is_stmt 1 view .LVU359
 1402              		.loc 1 400 15 is_stmt 0 view .LVU360
 1403 0014 238B     		ldrh	r3, [r4, #24]
 1404              		.loc 1 400 22 view .LVU361
 1405 0016 0133     		adds	r3, r3, #1
 1406 0018 2383     		strh	r3, [r4, #24]	@ movhi
 1407              	.LVL97:
 1408              	.L88:
 401:Core/Src/NOS_WS2812B_Strip_Effects.c ****     }
 402:Core/Src/NOS_WS2812B_Strip_Effects.c **** }
 1409              		.loc 1 402 1 view .LVU362
ARM GAS  C:\Users\igorn\AppData\Local\Temp\ccEIC3Pq.s 			page 37


 1410 001a F8BD     		pop	{r3, r4, r5, r6, r7, pc}
 1411              	.LVL98:
 1412              	.L96:
 1413              	.LBB5:
 383:Core/Src/NOS_WS2812B_Strip_Effects.c **** 
 1414              		.loc 1 383 13 is_stmt 1 view .LVU363
 1415 001c 0846     		mov	r0, r1
 1416              	.LVL99:
 383:Core/Src/NOS_WS2812B_Strip_Effects.c **** 
 1417              		.loc 1 383 13 is_stmt 0 view .LVU364
 1418 001e FFF7FEFF 		bl	NOS_Math_SinValue_Handler
 1419              	.LVL100:
 385:Core/Src/NOS_WS2812B_Strip_Effects.c **** 
 1420              		.loc 1 385 13 is_stmt 1 view .LVU365
 385:Core/Src/NOS_WS2812B_Strip_Effects.c **** 
 1421              		.loc 1 385 33 is_stmt 0 view .LVU366
 1422 0022 2046     		mov	r0, r4
 1423 0024 FFF7FEFF 		bl	NOS_Math_GetSinValue
 1424              	.LVL101:
 1425 0028 0746     		mov	r7, r0
 1426              	.LVL102:
 387:Core/Src/NOS_WS2812B_Strip_Effects.c ****             {
 1427              		.loc 1 387 13 is_stmt 1 view .LVU367
 1428              	.LBB6:
 387:Core/Src/NOS_WS2812B_Strip_Effects.c ****             {
 1429              		.loc 1 387 17 view .LVU368
 387:Core/Src/NOS_WS2812B_Strip_Effects.c ****             {
 1430              		.loc 1 387 21 is_stmt 0 view .LVU369
 1431 002a 0025     		movs	r5, #0
 387:Core/Src/NOS_WS2812B_Strip_Effects.c ****             {
 1432              		.loc 1 387 13 view .LVU370
 1433 002c 09E0     		b	.L91
 1434              	.LVL103:
 1435              	.L92:
 395:Core/Src/NOS_WS2812B_Strip_Effects.c ****                 }
 1436              		.loc 1 395 21 is_stmt 1 view .LVU371
 1437 002e E28C     		ldrh	r2, [r4, #38]
 1438 0030 94F82800 		ldrb	r0, [r4, #40]	@ zero_extendqisi2
 1439 0034 42EA0042 		orr	r2, r2, r0, lsl #16
 1440 0038 C91A     		subs	r1, r1, r3
 1441 003a 3046     		mov	r0, r6
 1442 003c FFF7FEFF 		bl	NOS_WS2812B_Strip_SetPixelByPixelColor
 1443              	.LVL104:
 1444              	.L93:
 387:Core/Src/NOS_WS2812B_Strip_Effects.c ****             {
 1445              		.loc 1 387 49 discriminator 2 view .LVU372
 1446 0040 0135     		adds	r5, r5, #1
 1447              	.LVL105:
 1448              	.L91:
 387:Core/Src/NOS_WS2812B_Strip_Effects.c ****             {
 1449              		.loc 1 387 30 discriminator 1 view .LVU373
 387:Core/Src/NOS_WS2812B_Strip_Effects.c ****             {
 1450              		.loc 1 387 38 is_stmt 0 discriminator 1 view .LVU374
 1451 0042 E38B     		ldrh	r3, [r4, #30]
 387:Core/Src/NOS_WS2812B_Strip_Effects.c ****             {
 1452              		.loc 1 387 30 discriminator 1 view .LVU375
 1453 0044 AB42     		cmp	r3, r5
ARM GAS  C:\Users\igorn\AppData\Local\Temp\ccEIC3Pq.s 			page 38


 1454 0046 0DDD     		ble	.L97
 389:Core/Src/NOS_WS2812B_Strip_Effects.c ****                 {
 1455              		.loc 1 389 17 is_stmt 1 view .LVU376
 389:Core/Src/NOS_WS2812B_Strip_Effects.c ****                 {
 1456              		.loc 1 389 29 is_stmt 0 view .LVU377
 1457 0048 B9B2     		uxth	r1, r7
 1458 004a 2944     		add	r1, r1, r5
 389:Core/Src/NOS_WS2812B_Strip_Effects.c ****                 {
 1459              		.loc 1 389 40 view .LVU378
 1460 004c B368     		ldr	r3, [r6, #8]
 389:Core/Src/NOS_WS2812B_Strip_Effects.c ****                 {
 1461              		.loc 1 389 19 view .LVU379
 1462 004e 9942     		cmp	r1, r3
 1463 0050 EDDA     		bge	.L92
 391:Core/Src/NOS_WS2812B_Strip_Effects.c ****                 }
 1464              		.loc 1 391 21 is_stmt 1 view .LVU380
 1465 0052 E38C     		ldrh	r3, [r4, #38]
 1466 0054 94F82820 		ldrb	r2, [r4, #40]	@ zero_extendqisi2
 1467 0058 43EA0242 		orr	r2, r3, r2, lsl #16
 1468 005c 3046     		mov	r0, r6
 1469 005e FFF7FEFF 		bl	NOS_WS2812B_Strip_SetPixelByPixelColor
 1470              	.LVL106:
 1471 0062 EDE7     		b	.L93
 1472              	.L97:
 391:Core/Src/NOS_WS2812B_Strip_Effects.c ****                 }
 1473              		.loc 1 391 21 is_stmt 0 view .LVU381
 1474              	.LBE6:
 398:Core/Src/NOS_WS2812B_Strip_Effects.c ****         }
 1475              		.loc 1 398 13 is_stmt 1 view .LVU382
 398:Core/Src/NOS_WS2812B_Strip_Effects.c ****         }
 1476              		.loc 1 398 27 is_stmt 0 view .LVU383
 1477 0064 0023     		movs	r3, #0
 1478 0066 2383     		strh	r3, [r4, #24]	@ movhi
 1479 0068 D4E7     		b	.L90
 1480              	.LBE5:
 1481              		.cfi_endproc
 1482              	.LFE74:
 1484              		.section	.text.NOS_WS2812B_Strip_Effect_Enable,"ax",%progbits
 1485              		.align	1
 1486              		.global	NOS_WS2812B_Strip_Effect_Enable
 1487              		.syntax unified
 1488              		.thumb
 1489              		.thumb_func
 1491              	NOS_WS2812B_Strip_Effect_Enable:
 1492              	.LVL107:
 1493              	.LFB75:
 403:Core/Src/NOS_WS2812B_Strip_Effects.c **** 
 404:Core/Src/NOS_WS2812B_Strip_Effects.c **** void NOS_WS2812B_Strip_Effect_Enable(WS2812B_Strip* strip,uint8_t effectId)
 405:Core/Src/NOS_WS2812B_Strip_Effects.c **** {
 1494              		.loc 1 405 1 is_stmt 1 view -0
 1495              		.cfi_startproc
 1496              		@ args = 0, pretend = 0, frame = 0
 1497              		@ frame_needed = 0, uses_anonymous_args = 0
 1498              		@ link register save eliminated.
 406:Core/Src/NOS_WS2812B_Strip_Effects.c ****     if(strip != NULL)
 1499              		.loc 1 406 5 view .LVU385
 1500              		.loc 1 406 7 is_stmt 0 view .LVU386
ARM GAS  C:\Users\igorn\AppData\Local\Temp\ccEIC3Pq.s 			page 39


 1501 0000 8446     		mov	ip, r0
 1502 0002 08B1     		cbz	r0, .L104
 1503              	.LBB7:
 407:Core/Src/NOS_WS2812B_Strip_Effects.c ****     {
 408:Core/Src/NOS_WS2812B_Strip_Effects.c ****         for(int i = 0; i < strip->effectsCounter; i++)
 1504              		.loc 1 408 17 view .LVU387
 1505 0004 0023     		movs	r3, #0
 1506 0006 01E0     		b	.L99
 1507              	.L104:
 1508 0008 7047     		bx	lr
 1509              	.LVL108:
 1510              	.L101:
 1511              		.loc 1 408 52 is_stmt 1 discriminator 2 view .LVU388
 1512 000a 0133     		adds	r3, r3, #1
 1513              	.LVL109:
 1514              	.L99:
 1515              		.loc 1 408 26 discriminator 1 view .LVU389
 1516              		.loc 1 408 33 is_stmt 0 discriminator 1 view .LVU390
 1517 000c 9CF8EC20 		ldrb	r2, [ip, #236]	@ zero_extendqisi2
 1518              		.loc 1 408 26 discriminator 1 view .LVU391
 1519 0010 9A42     		cmp	r2, r3
 1520 0012 0DDD     		ble	.L105
 409:Core/Src/NOS_WS2812B_Strip_Effects.c ****         {
 410:Core/Src/NOS_WS2812B_Strip_Effects.c ****             if(strip->effects[i].effectId == effectId)
 1521              		.loc 1 410 13 is_stmt 1 view .LVU392
 1522              		.loc 1 410 33 is_stmt 0 view .LVU393
 1523 0014 2C22     		movs	r2, #44
 1524 0016 02FB03C2 		mla	r2, r2, r3, ip
 1525 001a 92F83A20 		ldrb	r2, [r2, #58]	@ zero_extendqisi2
 1526              		.loc 1 410 15 view .LVU394
 1527 001e 8A42     		cmp	r2, r1
 1528 0020 F3D1     		bne	.L101
 411:Core/Src/NOS_WS2812B_Strip_Effects.c ****             {
 412:Core/Src/NOS_WS2812B_Strip_Effects.c ****                 strip->effects[i].enabled = true;
 1529              		.loc 1 412 17 is_stmt 1 view .LVU395
 1530              		.loc 1 412 43 is_stmt 0 view .LVU396
 1531 0022 2C22     		movs	r2, #44
 1532 0024 02FB03C2 		mla	r2, r2, r3, ip
 1533 0028 0120     		movs	r0, #1
 1534 002a 82F83900 		strb	r0, [r2, #57]
 1535 002e ECE7     		b	.L101
 1536              	.L105:
 1537              	.LBE7:
 413:Core/Src/NOS_WS2812B_Strip_Effects.c ****             }
 414:Core/Src/NOS_WS2812B_Strip_Effects.c ****         }
 415:Core/Src/NOS_WS2812B_Strip_Effects.c ****     }
 416:Core/Src/NOS_WS2812B_Strip_Effects.c **** }
 1538              		.loc 1 416 1 view .LVU397
 1539 0030 7047     		bx	lr
 1540              		.cfi_endproc
 1541              	.LFE75:
 1543              		.section	.text.NOS_WS2812B_Strip_Effect_Disable,"ax",%progbits
 1544              		.align	1
 1545              		.global	NOS_WS2812B_Strip_Effect_Disable
 1546              		.syntax unified
 1547              		.thumb
 1548              		.thumb_func
ARM GAS  C:\Users\igorn\AppData\Local\Temp\ccEIC3Pq.s 			page 40


 1550              	NOS_WS2812B_Strip_Effect_Disable:
 1551              	.LVL110:
 1552              	.LFB76:
 417:Core/Src/NOS_WS2812B_Strip_Effects.c **** 
 418:Core/Src/NOS_WS2812B_Strip_Effects.c **** void NOS_WS2812B_Strip_Effect_Disable(WS2812B_Strip* strip,uint8_t effectId)
 419:Core/Src/NOS_WS2812B_Strip_Effects.c **** {
 1553              		.loc 1 419 1 is_stmt 1 view -0
 1554              		.cfi_startproc
 1555              		@ args = 0, pretend = 0, frame = 0
 1556              		@ frame_needed = 0, uses_anonymous_args = 0
 1557              		@ link register save eliminated.
 420:Core/Src/NOS_WS2812B_Strip_Effects.c ****     if(strip != NULL)
 1558              		.loc 1 420 5 view .LVU399
 1559              		.loc 1 420 7 is_stmt 0 view .LVU400
 1560 0000 8446     		mov	ip, r0
 1561 0002 08B1     		cbz	r0, .L112
 1562              	.LBB8:
 421:Core/Src/NOS_WS2812B_Strip_Effects.c ****     {
 422:Core/Src/NOS_WS2812B_Strip_Effects.c ****         for(int i = 0; i < strip->effectsCounter; i++)
 1563              		.loc 1 422 17 view .LVU401
 1564 0004 0023     		movs	r3, #0
 1565 0006 01E0     		b	.L107
 1566              	.L112:
 1567 0008 7047     		bx	lr
 1568              	.LVL111:
 1569              	.L109:
 1570              		.loc 1 422 52 is_stmt 1 discriminator 2 view .LVU402
 1571 000a 0133     		adds	r3, r3, #1
 1572              	.LVL112:
 1573              	.L107:
 1574              		.loc 1 422 26 discriminator 1 view .LVU403
 1575              		.loc 1 422 33 is_stmt 0 discriminator 1 view .LVU404
 1576 000c 9CF8EC20 		ldrb	r2, [ip, #236]	@ zero_extendqisi2
 1577              		.loc 1 422 26 discriminator 1 view .LVU405
 1578 0010 9A42     		cmp	r2, r3
 1579 0012 0DDD     		ble	.L113
 423:Core/Src/NOS_WS2812B_Strip_Effects.c ****         {
 424:Core/Src/NOS_WS2812B_Strip_Effects.c ****             if(strip->effects[i].effectId == effectId)
 1580              		.loc 1 424 13 is_stmt 1 view .LVU406
 1581              		.loc 1 424 33 is_stmt 0 view .LVU407
 1582 0014 2C22     		movs	r2, #44
 1583 0016 02FB03C2 		mla	r2, r2, r3, ip
 1584 001a 92F83A20 		ldrb	r2, [r2, #58]	@ zero_extendqisi2
 1585              		.loc 1 424 15 view .LVU408
 1586 001e 8A42     		cmp	r2, r1
 1587 0020 F3D1     		bne	.L109
 425:Core/Src/NOS_WS2812B_Strip_Effects.c ****             {
 426:Core/Src/NOS_WS2812B_Strip_Effects.c ****                 strip->effects[i].enabled = false;
 1588              		.loc 1 426 17 is_stmt 1 view .LVU409
 1589              		.loc 1 426 43 is_stmt 0 view .LVU410
 1590 0022 2C22     		movs	r2, #44
 1591 0024 02FB03C2 		mla	r2, r2, r3, ip
 1592 0028 0020     		movs	r0, #0
 1593 002a 82F83900 		strb	r0, [r2, #57]
 1594 002e ECE7     		b	.L109
 1595              	.L113:
 1596              	.LBE8:
ARM GAS  C:\Users\igorn\AppData\Local\Temp\ccEIC3Pq.s 			page 41


 427:Core/Src/NOS_WS2812B_Strip_Effects.c ****             }
 428:Core/Src/NOS_WS2812B_Strip_Effects.c ****         }
 429:Core/Src/NOS_WS2812B_Strip_Effects.c ****     }
 430:Core/Src/NOS_WS2812B_Strip_Effects.c **** }
 1597              		.loc 1 430 1 view .LVU411
 1598 0030 7047     		bx	lr
 1599              		.cfi_endproc
 1600              	.LFE76:
 1602              		.section	.text.NOS_WS2812B_Strip_Effects_Check_Conflicts,"ax",%progbits
 1603              		.align	1
 1604              		.global	NOS_WS2812B_Strip_Effects_Check_Conflicts
 1605              		.syntax unified
 1606              		.thumb
 1607              		.thumb_func
 1609              	NOS_WS2812B_Strip_Effects_Check_Conflicts:
 1610              	.LVL113:
 1611              	.LFB67:
  58:Core/Src/NOS_WS2812B_Strip_Effects.c ****     PixelColor color = {0,0,0};
 1612              		.loc 1 58 1 is_stmt 1 view -0
 1613              		.cfi_startproc
 1614              		@ args = 48, pretend = 16, frame = 8
 1615              		@ frame_needed = 0, uses_anonymous_args = 0
  58:Core/Src/NOS_WS2812B_Strip_Effects.c ****     PixelColor color = {0,0,0};
 1616              		.loc 1 58 1 is_stmt 0 view .LVU413
 1617 0000 84B0     		sub	sp, sp, #16
 1618              		.cfi_def_cfa_offset 16
 1619 0002 10B5     		push	{r4, lr}
 1620              		.cfi_def_cfa_offset 24
 1621              		.cfi_offset 4, -24
 1622              		.cfi_offset 14, -20
 1623 0004 82B0     		sub	sp, sp, #8
 1624              		.cfi_def_cfa_offset 32
 1625 0006 0446     		mov	r4, r0
 1626 0008 05A8     		add	r0, sp, #20
 1627              	.LVL114:
  58:Core/Src/NOS_WS2812B_Strip_Effects.c ****     PixelColor color = {0,0,0};
 1628              		.loc 1 58 1 view .LVU414
 1629 000a 80E80E00 		stm	r0, {r1, r2, r3}
  59:Core/Src/NOS_WS2812B_Strip_Effects.c ****     switch(effect.effectId)
 1630              		.loc 1 59 5 is_stmt 1 view .LVU415
  59:Core/Src/NOS_WS2812B_Strip_Effects.c ****     switch(effect.effectId)
 1631              		.loc 1 59 16 is_stmt 0 view .LVU416
 1632 000e 0023     		movs	r3, #0
 1633 0010 8DF80430 		strb	r3, [sp, #4]
 1634 0014 8DF80530 		strb	r3, [sp, #5]
 1635 0018 8DF80630 		strb	r3, [sp, #6]
  60:Core/Src/NOS_WS2812B_Strip_Effects.c ****     {
 1636              		.loc 1 60 5 is_stmt 1 view .LVU417
  60:Core/Src/NOS_WS2812B_Strip_Effects.c ****     {
 1637              		.loc 1 60 18 is_stmt 0 view .LVU418
 1638 001c 9DF83E30 		ldrb	r3, [sp, #62]	@ zero_extendqisi2
  60:Core/Src/NOS_WS2812B_Strip_Effects.c ****     {
 1639              		.loc 1 60 5 view .LVU419
 1640 0020 213B     		subs	r3, r3, #33
 1641 0022 032B     		cmp	r3, #3
 1642 0024 13D8     		bhi	.L114
 1643 0026 DFE803F0 		tbb	[pc, r3]
ARM GAS  C:\Users\igorn\AppData\Local\Temp\ccEIC3Pq.s 			page 42


 1644              	.L117:
 1645 002a 02       		.byte	(.L120-.L117)/2
 1646 002b 17       		.byte	(.L119-.L117)/2
 1647 002c 2C       		.byte	(.L118-.L117)/2
 1648 002d 39       		.byte	(.L116-.L117)/2
 1649              		.p2align 1
 1650              	.L120:
  64:Core/Src/NOS_WS2812B_Strip_Effects.c ****             NOS_WS2812B_Strip_Effect_Disable(strip,EFFECT_STEADY_COLOR_ID);
 1651              		.loc 1 64 13 is_stmt 1 view .LVU420
 1652 002e 2121     		movs	r1, #33
 1653 0030 2046     		mov	r0, r4
 1654 0032 FFF7FEFF 		bl	NOS_WS2812B_Strip_Effect_Enable
 1655              	.LVL115:
  65:Core/Src/NOS_WS2812B_Strip_Effects.c ****             NOS_WS2812B_Strip_Effect_Disable(strip,EFFECT_DOTS_ID);
 1656              		.loc 1 65 13 view .LVU421
 1657 0036 2421     		movs	r1, #36
 1658 0038 2046     		mov	r0, r4
 1659 003a FFF7FEFF 		bl	NOS_WS2812B_Strip_Effect_Disable
 1660              	.LVL116:
  66:Core/Src/NOS_WS2812B_Strip_Effects.c ****             
 1661              		.loc 1 66 13 view .LVU422
 1662 003e 2221     		movs	r1, #34
 1663 0040 2046     		mov	r0, r4
 1664 0042 FFF7FEFF 		bl	NOS_WS2812B_Strip_Effect_Disable
 1665              	.LVL117:
  68:Core/Src/NOS_WS2812B_Strip_Effects.c ****         break;
 1666              		.loc 1 68 13 view .LVU423
 1667 0046 0199     		ldr	r1, [sp, #4]
 1668 0048 2046     		mov	r0, r4
 1669 004a FFF7FEFF 		bl	NOS_WS2812B_Strip_ColorFill
 1670              	.LVL118:
  69:Core/Src/NOS_WS2812B_Strip_Effects.c ****         
 1671              		.loc 1 69 9 view .LVU424
 1672              	.L114:
  98:Core/Src/NOS_WS2812B_Strip_Effects.c **** 
 1673              		.loc 1 98 1 is_stmt 0 view .LVU425
 1674 004e 02B0     		add	sp, sp, #8
 1675              		.cfi_remember_state
 1676              		.cfi_def_cfa_offset 24
 1677              		@ sp needed
 1678 0050 BDE81040 		pop	{r4, lr}
 1679              		.cfi_restore 14
 1680              		.cfi_restore 4
 1681              		.cfi_def_cfa_offset 16
 1682              	.LVL119:
  98:Core/Src/NOS_WS2812B_Strip_Effects.c **** 
 1683              		.loc 1 98 1 view .LVU426
 1684 0054 04B0     		add	sp, sp, #16
 1685              		.cfi_def_cfa_offset 0
 1686 0056 7047     		bx	lr
 1687              	.LVL120:
 1688              	.L119:
 1689              		.cfi_restore_state
  73:Core/Src/NOS_WS2812B_Strip_Effects.c ****             NOS_WS2812B_Strip_Effect_Disable(strip,EFFECT_RAINBOW_ID);
 1690              		.loc 1 73 13 is_stmt 1 view .LVU427
 1691 0058 2221     		movs	r1, #34
 1692 005a 2046     		mov	r0, r4
ARM GAS  C:\Users\igorn\AppData\Local\Temp\ccEIC3Pq.s 			page 43


 1693 005c FFF7FEFF 		bl	NOS_WS2812B_Strip_Effect_Enable
 1694              	.LVL121:
  74:Core/Src/NOS_WS2812B_Strip_Effects.c ****             NOS_WS2812B_Strip_Effect_Disable(strip,EFFECT_WALKING_PIXELS_ID);
 1695              		.loc 1 74 13 view .LVU428
 1696 0060 2121     		movs	r1, #33
 1697 0062 2046     		mov	r0, r4
 1698 0064 FFF7FEFF 		bl	NOS_WS2812B_Strip_Effect_Disable
 1699              	.LVL122:
  75:Core/Src/NOS_WS2812B_Strip_Effects.c ****             NOS_WS2812B_Strip_Effect_Disable(strip,EFFECT_STEADY_COLOR_ID);
 1700              		.loc 1 75 13 view .LVU429
 1701 0068 2321     		movs	r1, #35
 1702 006a 2046     		mov	r0, r4
 1703 006c FFF7FEFF 		bl	NOS_WS2812B_Strip_Effect_Disable
 1704              	.LVL123:
  76:Core/Src/NOS_WS2812B_Strip_Effects.c **** 
 1705              		.loc 1 76 13 view .LVU430
 1706 0070 2421     		movs	r1, #36
 1707 0072 2046     		mov	r0, r4
 1708 0074 FFF7FEFF 		bl	NOS_WS2812B_Strip_Effect_Disable
 1709              	.LVL124:
  78:Core/Src/NOS_WS2812B_Strip_Effects.c ****         break;
 1710              		.loc 1 78 13 view .LVU431
 1711 0078 0199     		ldr	r1, [sp, #4]
 1712 007a 2046     		mov	r0, r4
 1713 007c FFF7FEFF 		bl	NOS_WS2812B_Strip_ColorFill
 1714              	.LVL125:
  79:Core/Src/NOS_WS2812B_Strip_Effects.c **** 
 1715              		.loc 1 79 9 view .LVU432
 1716 0080 E5E7     		b	.L114
 1717              	.L118:
  83:Core/Src/NOS_WS2812B_Strip_Effects.c ****             NOS_WS2812B_Strip_Effect_Disable(strip,EFFECT_DOTS_ID);
 1718              		.loc 1 83 13 view .LVU433
 1719 0082 2321     		movs	r1, #35
 1720 0084 2046     		mov	r0, r4
 1721 0086 FFF7FEFF 		bl	NOS_WS2812B_Strip_Effect_Enable
 1722              	.LVL126:
  84:Core/Src/NOS_WS2812B_Strip_Effects.c **** 
 1723              		.loc 1 84 13 view .LVU434
 1724 008a 2221     		movs	r1, #34
 1725 008c 2046     		mov	r0, r4
 1726 008e FFF7FEFF 		bl	NOS_WS2812B_Strip_Effect_Disable
 1727              	.LVL127:
  86:Core/Src/NOS_WS2812B_Strip_Effects.c ****         break;
 1728              		.loc 1 86 13 view .LVU435
 1729 0092 0199     		ldr	r1, [sp, #4]
 1730 0094 2046     		mov	r0, r4
 1731 0096 FFF7FEFF 		bl	NOS_WS2812B_Strip_ColorFill
 1732              	.LVL128:
  87:Core/Src/NOS_WS2812B_Strip_Effects.c **** 
 1733              		.loc 1 87 9 view .LVU436
 1734 009a D8E7     		b	.L114
 1735              	.L116:
  91:Core/Src/NOS_WS2812B_Strip_Effects.c ****             NOS_WS2812B_Strip_Effect_Disable(strip,EFFECT_RAINBOW_ID);
 1736              		.loc 1 91 13 view .LVU437
 1737 009c 2421     		movs	r1, #36
 1738 009e 2046     		mov	r0, r4
 1739 00a0 FFF7FEFF 		bl	NOS_WS2812B_Strip_Effect_Enable
ARM GAS  C:\Users\igorn\AppData\Local\Temp\ccEIC3Pq.s 			page 44


 1740              	.LVL129:
  92:Core/Src/NOS_WS2812B_Strip_Effects.c ****             NOS_WS2812B_Strip_Effect_Disable(strip,EFFECT_DOTS_ID);
 1741              		.loc 1 92 13 view .LVU438
 1742 00a4 2121     		movs	r1, #33
 1743 00a6 2046     		mov	r0, r4
 1744 00a8 FFF7FEFF 		bl	NOS_WS2812B_Strip_Effect_Disable
 1745              	.LVL130:
  93:Core/Src/NOS_WS2812B_Strip_Effects.c **** 
 1746              		.loc 1 93 13 view .LVU439
 1747 00ac 2221     		movs	r1, #34
 1748 00ae 2046     		mov	r0, r4
 1749 00b0 FFF7FEFF 		bl	NOS_WS2812B_Strip_Effect_Disable
 1750              	.LVL131:
  95:Core/Src/NOS_WS2812B_Strip_Effects.c ****         break;
 1751              		.loc 1 95 13 view .LVU440
 1752 00b4 0199     		ldr	r1, [sp, #4]
 1753 00b6 2046     		mov	r0, r4
 1754 00b8 FFF7FEFF 		bl	NOS_WS2812B_Strip_ColorFill
 1755              	.LVL132:
  96:Core/Src/NOS_WS2812B_Strip_Effects.c ****     }
 1756              		.loc 1 96 9 view .LVU441
  98:Core/Src/NOS_WS2812B_Strip_Effects.c **** 
 1757              		.loc 1 98 1 is_stmt 0 view .LVU442
 1758 00bc C7E7     		b	.L114
 1759              		.cfi_endproc
 1760              	.LFE67:
 1762              		.section	.text.NOS_WS2812B_Strip_Effect_Steady_Color_Handler,"ax",%progbits
 1763              		.align	1
 1764              		.global	NOS_WS2812B_Strip_Effect_Steady_Color_Handler
 1765              		.syntax unified
 1766              		.thumb
 1767              		.thumb_func
 1769              	NOS_WS2812B_Strip_Effect_Steady_Color_Handler:
 1770              	.LVL133:
 1771              	.LFB77:
 431:Core/Src/NOS_WS2812B_Strip_Effects.c **** 
 432:Core/Src/NOS_WS2812B_Strip_Effects.c **** void NOS_WS2812B_Strip_Effect_Steady_Color_Handler(WS2812B_Strip* strip,Effect_Struct* effect)
 433:Core/Src/NOS_WS2812B_Strip_Effects.c **** {
 1772              		.loc 1 433 1 is_stmt 1 view -0
 1773              		.cfi_startproc
 1774              		@ args = 0, pretend = 0, frame = 0
 1775              		@ frame_needed = 0, uses_anonymous_args = 0
 434:Core/Src/NOS_WS2812B_Strip_Effects.c ****     if(strip != NULL)
 1776              		.loc 1 434 5 view .LVU444
 1777              		.loc 1 434 7 is_stmt 0 view .LVU445
 1778 0000 60B1     		cbz	r0, .L126
 433:Core/Src/NOS_WS2812B_Strip_Effects.c ****     if(strip != NULL)
 1779              		.loc 1 433 1 view .LVU446
 1780 0002 08B5     		push	{r3, lr}
 1781              		.cfi_def_cfa_offset 8
 1782              		.cfi_offset 3, -8
 1783              		.cfi_offset 14, -4
 435:Core/Src/NOS_WS2812B_Strip_Effects.c ****     {
 436:Core/Src/NOS_WS2812B_Strip_Effects.c ****         if(effect->enabled)
 1784              		.loc 1 436 9 is_stmt 1 view .LVU447
 1785              		.loc 1 436 18 is_stmt 0 view .LVU448
 1786 0004 91F82930 		ldrb	r3, [r1, #41]	@ zero_extendqisi2
ARM GAS  C:\Users\igorn\AppData\Local\Temp\ccEIC3Pq.s 			page 45


 1787              		.loc 1 436 11 view .LVU449
 1788 0008 03B9     		cbnz	r3, .L129
 1789              	.LVL134:
 1790              	.L123:
 437:Core/Src/NOS_WS2812B_Strip_Effects.c ****         {
 438:Core/Src/NOS_WS2812B_Strip_Effects.c ****             NOS_WS2812B_Strip_ColorFill(strip,effect->color);
 439:Core/Src/NOS_WS2812B_Strip_Effects.c ****         }
 440:Core/Src/NOS_WS2812B_Strip_Effects.c ****     }
 441:Core/Src/NOS_WS2812B_Strip_Effects.c **** }
 1791              		.loc 1 441 1 view .LVU450
 1792 000a 08BD     		pop	{r3, pc}
 1793              	.LVL135:
 1794              	.L129:
 438:Core/Src/NOS_WS2812B_Strip_Effects.c ****         }
 1795              		.loc 1 438 13 is_stmt 1 view .LVU451
 1796 000c CB8C     		ldrh	r3, [r1, #38]
 1797 000e 91F82810 		ldrb	r1, [r1, #40]	@ zero_extendqisi2
 1798              	.LVL136:
 438:Core/Src/NOS_WS2812B_Strip_Effects.c ****         }
 1799              		.loc 1 438 13 is_stmt 0 view .LVU452
 1800 0012 43EA0141 		orr	r1, r3, r1, lsl #16
 1801 0016 FFF7FEFF 		bl	NOS_WS2812B_Strip_ColorFill
 1802              	.LVL137:
 1803              		.loc 1 441 1 view .LVU453
 1804 001a F6E7     		b	.L123
 1805              	.LVL138:
 1806              	.L126:
 1807              		.cfi_def_cfa_offset 0
 1808              		.cfi_restore 3
 1809              		.cfi_restore 14
 1810              		.loc 1 441 1 view .LVU454
 1811 001c 7047     		bx	lr
 1812              		.cfi_endproc
 1813              	.LFE77:
 1815              		.section	.text.NOS_WS2812B_Strip_Effects_Handler,"ax",%progbits
 1816              		.align	1
 1817              		.global	NOS_WS2812B_Strip_Effects_Handler
 1818              		.syntax unified
 1819              		.thumb
 1820              		.thumb_func
 1822              	NOS_WS2812B_Strip_Effects_Handler:
 1823              	.LVL139:
 1824              	.LFB66:
  33:Core/Src/NOS_WS2812B_Strip_Effects.c ****     for(int i = 0; i < strip->effectsCounter; i++)
 1825              		.loc 1 33 1 is_stmt 1 view -0
 1826              		.cfi_startproc
 1827              		@ args = 0, pretend = 0, frame = 0
 1828              		@ frame_needed = 0, uses_anonymous_args = 0
  33:Core/Src/NOS_WS2812B_Strip_Effects.c ****     for(int i = 0; i < strip->effectsCounter; i++)
 1829              		.loc 1 33 1 is_stmt 0 view .LVU456
 1830 0000 38B5     		push	{r3, r4, r5, lr}
 1831              		.cfi_def_cfa_offset 16
 1832              		.cfi_offset 3, -16
 1833              		.cfi_offset 4, -12
 1834              		.cfi_offset 5, -8
 1835              		.cfi_offset 14, -4
 1836 0002 0546     		mov	r5, r0
ARM GAS  C:\Users\igorn\AppData\Local\Temp\ccEIC3Pq.s 			page 46


  34:Core/Src/NOS_WS2812B_Strip_Effects.c ****     {
 1837              		.loc 1 34 5 is_stmt 1 view .LVU457
 1838              	.LBB9:
  34:Core/Src/NOS_WS2812B_Strip_Effects.c ****     {
 1839              		.loc 1 34 9 view .LVU458
 1840              	.LVL140:
  34:Core/Src/NOS_WS2812B_Strip_Effects.c ****     {
 1841              		.loc 1 34 13 is_stmt 0 view .LVU459
 1842 0004 0024     		movs	r4, #0
  34:Core/Src/NOS_WS2812B_Strip_Effects.c ****     {
 1843              		.loc 1 34 5 view .LVU460
 1844 0006 08E0     		b	.L131
 1845              	.LVL141:
 1846              	.L138:
  39:Core/Src/NOS_WS2812B_Strip_Effects.c ****                 break;
 1847              		.loc 1 39 17 is_stmt 1 view .LVU461
 1848 0008 2C21     		movs	r1, #44
 1849 000a 04FB01F1 		mul	r1, r4, r1
 1850 000e 1031     		adds	r1, r1, #16
 1851 0010 2944     		add	r1, r1, r5
 1852 0012 2846     		mov	r0, r5
 1853 0014 FFF7FEFF 		bl	NOS_WS2812B_Strip_Effect_Breathe_Handler
 1854              	.LVL142:
  40:Core/Src/NOS_WS2812B_Strip_Effects.c ****             case EFFECT_RAINBOW_ID:
 1855              		.loc 1 40 17 view .LVU462
 1856              	.L132:
  34:Core/Src/NOS_WS2812B_Strip_Effects.c ****     {
 1857              		.loc 1 34 48 discriminator 2 view .LVU463
 1858 0018 0134     		adds	r4, r4, #1
 1859              	.LVL143:
 1860              	.L131:
  34:Core/Src/NOS_WS2812B_Strip_Effects.c ****     {
 1861              		.loc 1 34 22 discriminator 1 view .LVU464
  34:Core/Src/NOS_WS2812B_Strip_Effects.c ****     {
 1862              		.loc 1 34 29 is_stmt 0 discriminator 1 view .LVU465
 1863 001a 95F8EC30 		ldrb	r3, [r5, #236]	@ zero_extendqisi2
  34:Core/Src/NOS_WS2812B_Strip_Effects.c ****     {
 1864              		.loc 1 34 22 discriminator 1 view .LVU466
 1865 001e A342     		cmp	r3, r4
 1866 0020 38DD     		ble	.L142
  36:Core/Src/NOS_WS2812B_Strip_Effects.c ****         {
 1867              		.loc 1 36 9 is_stmt 1 view .LVU467
  36:Core/Src/NOS_WS2812B_Strip_Effects.c ****         {
 1868              		.loc 1 36 33 is_stmt 0 view .LVU468
 1869 0022 2C23     		movs	r3, #44
 1870 0024 03FB0453 		mla	r3, r3, r4, r5
 1871 0028 93F83A30 		ldrb	r3, [r3, #58]	@ zero_extendqisi2
  36:Core/Src/NOS_WS2812B_Strip_Effects.c ****         {
 1872              		.loc 1 36 9 view .LVU469
 1873 002c 203B     		subs	r3, r3, #32
 1874 002e 042B     		cmp	r3, #4
 1875 0030 F2D8     		bhi	.L132
 1876 0032 01A2     		adr	r2, .L134
 1877 0034 52F823F0 		ldr	pc, [r2, r3, lsl #2]
 1878              		.p2align 2
 1879              	.L134:
 1880 0038 09000000 		.word	.L138+1
ARM GAS  C:\Users\igorn\AppData\Local\Temp\ccEIC3Pq.s 			page 47


 1881 003c 4D000000 		.word	.L137+1
 1882 0040 5F000000 		.word	.L136+1
 1883 0044 71000000 		.word	.L135+1
 1884 0048 83000000 		.word	.L133+1
 1885              		.p2align 1
 1886              	.L137:
  42:Core/Src/NOS_WS2812B_Strip_Effects.c ****                 break;
 1887              		.loc 1 42 17 is_stmt 1 view .LVU470
 1888 004c 2C21     		movs	r1, #44
 1889 004e 04FB01F1 		mul	r1, r4, r1
 1890 0052 1031     		adds	r1, r1, #16
 1891 0054 2944     		add	r1, r1, r5
 1892 0056 2846     		mov	r0, r5
 1893 0058 FFF7FEFF 		bl	NOS_WS2812B_Strip_Effect_Rainbow_Handler
 1894              	.LVL144:
  43:Core/Src/NOS_WS2812B_Strip_Effects.c ****             case EFFECT_DOTS_ID:
 1895              		.loc 1 43 17 view .LVU471
 1896 005c DCE7     		b	.L132
 1897              	.L136:
  45:Core/Src/NOS_WS2812B_Strip_Effects.c ****                 break;
 1898              		.loc 1 45 17 view .LVU472
 1899 005e 2C21     		movs	r1, #44
 1900 0060 04FB01F1 		mul	r1, r4, r1
 1901 0064 1031     		adds	r1, r1, #16
 1902 0066 2944     		add	r1, r1, r5
 1903 0068 2846     		mov	r0, r5
 1904 006a FFF7FEFF 		bl	NOS_WS2812B_Strip_Effect_Dots_Handler
 1905              	.LVL145:
  46:Core/Src/NOS_WS2812B_Strip_Effects.c ****             case EFFECT_WALKING_PIXELS_ID:
 1906              		.loc 1 46 17 view .LVU473
 1907 006e D3E7     		b	.L132
 1908              	.L135:
  48:Core/Src/NOS_WS2812B_Strip_Effects.c ****                 break;
 1909              		.loc 1 48 17 view .LVU474
 1910 0070 2C21     		movs	r1, #44
 1911 0072 04FB01F1 		mul	r1, r4, r1
 1912 0076 1031     		adds	r1, r1, #16
 1913 0078 2944     		add	r1, r1, r5
 1914 007a 2846     		mov	r0, r5
 1915 007c FFF7FEFF 		bl	NOS_WS2812B_Strip_Effect_Walking_Pixels_Handler
 1916              	.LVL146:
  49:Core/Src/NOS_WS2812B_Strip_Effects.c ****             case EFFECT_STEADY_COLOR_ID:
 1917              		.loc 1 49 17 view .LVU475
 1918 0080 CAE7     		b	.L132
 1919              	.L133:
  51:Core/Src/NOS_WS2812B_Strip_Effects.c ****                 break;
 1920              		.loc 1 51 17 view .LVU476
 1921 0082 2C21     		movs	r1, #44
 1922 0084 04FB01F1 		mul	r1, r4, r1
 1923 0088 1031     		adds	r1, r1, #16
 1924 008a 2944     		add	r1, r1, r5
 1925 008c 2846     		mov	r0, r5
 1926 008e FFF7FEFF 		bl	NOS_WS2812B_Strip_Effect_Steady_Color_Handler
 1927              	.LVL147:
  52:Core/Src/NOS_WS2812B_Strip_Effects.c ****         }
 1928              		.loc 1 52 17 view .LVU477
 1929 0092 C1E7     		b	.L132
ARM GAS  C:\Users\igorn\AppData\Local\Temp\ccEIC3Pq.s 			page 48


 1930              	.L142:
  52:Core/Src/NOS_WS2812B_Strip_Effects.c ****         }
 1931              		.loc 1 52 17 is_stmt 0 view .LVU478
 1932              	.LBE9:
  55:Core/Src/NOS_WS2812B_Strip_Effects.c **** 
 1933              		.loc 1 55 1 view .LVU479
 1934 0094 38BD     		pop	{r3, r4, r5, pc}
  55:Core/Src/NOS_WS2812B_Strip_Effects.c **** 
 1935              		.loc 1 55 1 view .LVU480
 1936              		.cfi_endproc
 1937              	.LFE66:
 1939 0096 00BF     		.text
 1940              	.Letext0:
 1941              		.file 2 "c:\\users\\igorn\\appdata\\roaming\\code\\user\\globalstorage\\bmd.stm32-for-vscode\\@xpa
 1942              		.file 3 "c:\\users\\igorn\\appdata\\roaming\\code\\user\\globalstorage\\bmd.stm32-for-vscode\\@xpa
 1943              		.file 4 "Core/Inc/NOS_Typedefs.h"
 1944              		.file 5 "Core/Inc/NOS_BaseColors.h"
 1945              		.file 6 "Core/Inc/NOS_WS2812B_Strip.h"
 1946              		.file 7 "Core/Inc/NOS_Math.h"
ARM GAS  C:\Users\igorn\AppData\Local\Temp\ccEIC3Pq.s 			page 49


DEFINED SYMBOLS
                            *ABS*:00000000 NOS_WS2812B_Strip_Effects.c
C:\Users\igorn\AppData\Local\Temp\ccEIC3Pq.s:19     .text.NOS_WS2812B_Strip_Effect_Init:00000000 $t
C:\Users\igorn\AppData\Local\Temp\ccEIC3Pq.s:25     .text.NOS_WS2812B_Strip_Effect_Init:00000000 NOS_WS2812B_Strip_Effect_Init
C:\Users\igorn\AppData\Local\Temp\ccEIC3Pq.s:121    .text.NOS_WS2812B_Strip_Effects_AddEffect:00000000 $t
C:\Users\igorn\AppData\Local\Temp\ccEIC3Pq.s:127    .text.NOS_WS2812B_Strip_Effects_AddEffect:00000000 NOS_WS2812B_Strip_Effects_AddEffect
C:\Users\igorn\AppData\Local\Temp\ccEIC3Pq.s:163    .text.NOS_WS2812B_Strip_Effects_AddEffect:00000026 $d
C:\Users\igorn\AppData\Local\Temp\ccEIC3Pq.s:336    .text.NOS_WS2812B_Strip_Effects_UpdateEffect:00000000 $t
C:\Users\igorn\AppData\Local\Temp\ccEIC3Pq.s:342    .text.NOS_WS2812B_Strip_Effects_UpdateEffect:00000000 NOS_WS2812B_Strip_Effects_UpdateEffect
C:\Users\igorn\AppData\Local\Temp\ccEIC3Pq.s:368    .text.NOS_WS2812B_Strip_Effects_UpdateEffect:0000001e $d
C:\Users\igorn\AppData\Local\Temp\ccEIC3Pq.s:530    .text.NOS_WS2812B_Strip_Effect_Copy:00000000 $t
C:\Users\igorn\AppData\Local\Temp\ccEIC3Pq.s:536    .text.NOS_WS2812B_Strip_Effect_Copy:00000000 NOS_WS2812B_Strip_Effect_Copy
C:\Users\igorn\AppData\Local\Temp\ccEIC3Pq.s:604    .text.NOS_WS2812B_Strip_Effect_Breathe_Handler:00000000 $t
C:\Users\igorn\AppData\Local\Temp\ccEIC3Pq.s:610    .text.NOS_WS2812B_Strip_Effect_Breathe_Handler:00000000 NOS_WS2812B_Strip_Effect_Breathe_Handler
C:\Users\igorn\AppData\Local\Temp\ccEIC3Pq.s:691    .text.NOS_WS2812B_Strip_Effect_Rainbow_Handler:00000000 $t
C:\Users\igorn\AppData\Local\Temp\ccEIC3Pq.s:697    .text.NOS_WS2812B_Strip_Effect_Rainbow_Handler:00000000 NOS_WS2812B_Strip_Effect_Rainbow_Handler
C:\Users\igorn\AppData\Local\Temp\ccEIC3Pq.s:795    .text.NOS_WS2812B_Strip_Effect_Rainbow_Handler:00000066 $d
C:\Users\igorn\AppData\Local\Temp\ccEIC3Pq.s:807    .text.NOS_WS2812B_Strip_Effect_Rainbow_Handler:00000072 $t
C:\Users\igorn\AppData\Local\Temp\ccEIC3Pq.s:1055   .text.NOS_WS2812B_Strip_Effect_Rainbow_Handler:0000020c $d
C:\Users\igorn\AppData\Local\Temp\ccEIC3Pq.s:1061   .text.NOS_WS2812B_Strip_Effect_Dots_Handler:00000000 $t
C:\Users\igorn\AppData\Local\Temp\ccEIC3Pq.s:1067   .text.NOS_WS2812B_Strip_Effect_Dots_Handler:00000000 NOS_WS2812B_Strip_Effect_Dots_Handler
C:\Users\igorn\AppData\Local\Temp\ccEIC3Pq.s:1356   .text.NOS_WS2812B_Strip_Effect_Dots_Handler:00000150 $d
C:\Users\igorn\AppData\Local\Temp\ccEIC3Pq.s:1362   .text.NOS_WS2812B_Strip_Effect_Walking_Pixels_Handler:00000000 $t
C:\Users\igorn\AppData\Local\Temp\ccEIC3Pq.s:1368   .text.NOS_WS2812B_Strip_Effect_Walking_Pixels_Handler:00000000 NOS_WS2812B_Strip_Effect_Walking_Pixels_Handler
C:\Users\igorn\AppData\Local\Temp\ccEIC3Pq.s:1485   .text.NOS_WS2812B_Strip_Effect_Enable:00000000 $t
C:\Users\igorn\AppData\Local\Temp\ccEIC3Pq.s:1491   .text.NOS_WS2812B_Strip_Effect_Enable:00000000 NOS_WS2812B_Strip_Effect_Enable
C:\Users\igorn\AppData\Local\Temp\ccEIC3Pq.s:1544   .text.NOS_WS2812B_Strip_Effect_Disable:00000000 $t
C:\Users\igorn\AppData\Local\Temp\ccEIC3Pq.s:1550   .text.NOS_WS2812B_Strip_Effect_Disable:00000000 NOS_WS2812B_Strip_Effect_Disable
C:\Users\igorn\AppData\Local\Temp\ccEIC3Pq.s:1603   .text.NOS_WS2812B_Strip_Effects_Check_Conflicts:00000000 $t
C:\Users\igorn\AppData\Local\Temp\ccEIC3Pq.s:1609   .text.NOS_WS2812B_Strip_Effects_Check_Conflicts:00000000 NOS_WS2812B_Strip_Effects_Check_Conflicts
C:\Users\igorn\AppData\Local\Temp\ccEIC3Pq.s:1645   .text.NOS_WS2812B_Strip_Effects_Check_Conflicts:0000002a $d
C:\Users\igorn\AppData\Local\Temp\ccEIC3Pq.s:1649   .text.NOS_WS2812B_Strip_Effects_Check_Conflicts:0000002e $t
C:\Users\igorn\AppData\Local\Temp\ccEIC3Pq.s:1763   .text.NOS_WS2812B_Strip_Effect_Steady_Color_Handler:00000000 $t
C:\Users\igorn\AppData\Local\Temp\ccEIC3Pq.s:1769   .text.NOS_WS2812B_Strip_Effect_Steady_Color_Handler:00000000 NOS_WS2812B_Strip_Effect_Steady_Color_Handler
C:\Users\igorn\AppData\Local\Temp\ccEIC3Pq.s:1816   .text.NOS_WS2812B_Strip_Effects_Handler:00000000 $t
C:\Users\igorn\AppData\Local\Temp\ccEIC3Pq.s:1822   .text.NOS_WS2812B_Strip_Effects_Handler:00000000 NOS_WS2812B_Strip_Effects_Handler
C:\Users\igorn\AppData\Local\Temp\ccEIC3Pq.s:1880   .text.NOS_WS2812B_Strip_Effects_Handler:00000038 $d
C:\Users\igorn\AppData\Local\Temp\ccEIC3Pq.s:1885   .text.NOS_WS2812B_Strip_Effects_Handler:0000004c $t
C:\Users\igorn\AppData\Local\Temp\ccEIC3Pq.s:168    .text.NOS_WS2812B_Strip_Effects_AddEffect:0000002b $d
C:\Users\igorn\AppData\Local\Temp\ccEIC3Pq.s:168    .text.NOS_WS2812B_Strip_Effects_AddEffect:0000002c $t
C:\Users\igorn\AppData\Local\Temp\ccEIC3Pq.s:373    .text.NOS_WS2812B_Strip_Effects_UpdateEffect:00000023 $d
C:\Users\igorn\AppData\Local\Temp\ccEIC3Pq.s:373    .text.NOS_WS2812B_Strip_Effects_UpdateEffect:00000024 $t

UNDEFINED SYMBOLS
NOS_Math_SinValue_Init
NOS_PixelColor_SetColor
NOS_Math_SinValue_Handler
NOS_WS2812B_Strip_SetBright
NOS_WS2812B_Strip_Update
NOS_Math_GetSinValue
NOS_GetBaseColor
NOS_WS2812B_Strip_ColorFill
NOS_WS2812B_Strip_SetPixelByPixelColor
rand
