ARM GAS  C:\Users\igorn\AppData\Local\Temp\cc020j7O.s 			page 1


   1              		.cpu cortex-m3
   2              		.arch armv7-m
   3              		.fpu softvfp
   4              		.eabi_attribute 20, 1
   5              		.eabi_attribute 21, 1
   6              		.eabi_attribute 23, 3
   7              		.eabi_attribute 24, 1
   8              		.eabi_attribute 25, 1
   9              		.eabi_attribute 26, 1
  10              		.eabi_attribute 30, 1
  11              		.eabi_attribute 34, 1
  12              		.eabi_attribute 18, 4
  13              		.file	"WS2812b_Core.c"
  14              		.text
  15              	.Ltext0:
  16              		.cfi_sections	.debug_frame
  17              		.file 1 "Core/Src/WS2812b_Core.c"
  18              		.section	.text.ws2812b_set_pixel,"ax",%progbits
  19              		.align	1
  20              		.syntax unified
  21              		.thumb
  22              		.thumb_func
  24              	ws2812b_set_pixel:
  25              	.LVL0:
  26              	.LFB77:
   1:Core/Src/WS2812b_Core.c **** /*
   2:Core/Src/WS2812b_Core.c **** 
   3:Core/Src/WS2812b_Core.c ****   WS2812B CPU and memory efficient library
   4:Core/Src/WS2812b_Core.c **** 
   5:Core/Src/WS2812b_Core.c ****   Date: 28.9.2016
   6:Core/Src/WS2812b_Core.c **** 
   7:Core/Src/WS2812b_Core.c ****   Author: Martin Hubacek
   8:Core/Src/WS2812b_Core.c ****   	  	  http://www.martinhubacek.cz
   9:Core/Src/WS2812b_Core.c ****   	  	  @hubmartin
  10:Core/Src/WS2812b_Core.c **** 
  11:Core/Src/WS2812b_Core.c ****   Licence: MIT License
  12:Core/Src/WS2812b_Core.c **** 
  13:Core/Src/WS2812b_Core.c **** */
  14:Core/Src/WS2812b_Core.c **** 
  15:Core/Src/WS2812b_Core.c **** #include "WS2812B_Core.h"
  16:Core/Src/WS2812b_Core.c **** 
  17:Core/Src/WS2812b_Core.c **** WS2812_Struct ws2812b;
  18:Core/Src/WS2812b_Core.c **** // Define source arrays for my DMAs
  19:Core/Src/WS2812b_Core.c **** uint32_t WS2812_IO_High[] =  { WS2812B_PINS };
  20:Core/Src/WS2812b_Core.c **** uint32_t WS2812_IO_Low[] = {WS2812B_PINS << 16};
  21:Core/Src/WS2812b_Core.c **** 
  22:Core/Src/WS2812b_Core.c **** // WS2812 framebuffer - buffer for 2 LEDs - two times 24 bits
  23:Core/Src/WS2812b_Core.c **** uint16_t ws2812bDmaBitBuffer[24 * 2];
  24:Core/Src/WS2812b_Core.c **** 
  25:Core/Src/WS2812b_Core.c **** // Gamma correction table
  26:Core/Src/WS2812b_Core.c **** const uint8_t gammaTable[] = {
  27:Core/Src/WS2812b_Core.c ****     0,  0,  0,  0,  0,  0,  0,  0,  0,  0,  0,  0,  0,  0,  0,  0,
  28:Core/Src/WS2812b_Core.c ****     0,  0,  0,  0,  0,  0,  0,  0,  0,  0,  0,  0,  1,  1,  1,  1,
  29:Core/Src/WS2812b_Core.c ****     1,  1,  1,  1,  1,  1,  1,  1,  1,  2,  2,  2,  2,  2,  2,  2,
  30:Core/Src/WS2812b_Core.c ****     2,  3,  3,  3,  3,  3,  3,  3,  4,  4,  4,  4,  4,  5,  5,  5,
  31:Core/Src/WS2812b_Core.c ****     5,  6,  6,  6,  6,  7,  7,  7,  7,  8,  8,  8,  9,  9,  9, 10,
  32:Core/Src/WS2812b_Core.c ****    10, 10, 11, 11, 11, 12, 12, 13, 13, 13, 14, 14, 15, 15, 16, 16,
ARM GAS  C:\Users\igorn\AppData\Local\Temp\cc020j7O.s 			page 2


  33:Core/Src/WS2812b_Core.c ****    17, 17, 18, 18, 19, 19, 20, 20, 21, 21, 22, 22, 23, 24, 24, 25,
  34:Core/Src/WS2812b_Core.c ****    25, 26, 27, 27, 28, 29, 29, 30, 31, 32, 32, 33, 34, 35, 35, 36,
  35:Core/Src/WS2812b_Core.c ****    37, 38, 39, 39, 40, 41, 42, 43, 44, 45, 46, 47, 48, 49, 50, 50,
  36:Core/Src/WS2812b_Core.c ****    51, 52, 54, 55, 56, 57, 58, 59, 60, 61, 62, 63, 64, 66, 67, 68,
  37:Core/Src/WS2812b_Core.c ****    69, 70, 72, 73, 74, 75, 77, 78, 79, 81, 82, 83, 85, 86, 87, 89,
  38:Core/Src/WS2812b_Core.c ****    90, 92, 93, 95, 96, 98, 99,101,102,104,105,107,109,110,112,114,
  39:Core/Src/WS2812b_Core.c ****   115,117,119,120,122,124,126,127,129,131,133,135,137,138,140,142,
  40:Core/Src/WS2812b_Core.c ****   144,146,148,150,152,154,156,158,160,162,164,167,169,171,173,175,
  41:Core/Src/WS2812b_Core.c ****   177,180,182,184,186,189,191,193,196,198,200,203,205,208,210,213,
  42:Core/Src/WS2812b_Core.c ****   215,218,220,223,225,228,231,233,236,239,241,244,247,249,252,255 };
  43:Core/Src/WS2812b_Core.c **** 
  44:Core/Src/WS2812b_Core.c **** static void ws2812b_gpio_init(void)
  45:Core/Src/WS2812b_Core.c **** {
  46:Core/Src/WS2812b_Core.c **** 	// WS2812B outputs
  47:Core/Src/WS2812b_Core.c **** 	WS2812B_GPIO_CLK_ENABLE();
  48:Core/Src/WS2812b_Core.c **** 	GPIO_InitTypeDef  GPIO_InitStruct;
  49:Core/Src/WS2812b_Core.c **** 	GPIO_InitStruct.Pin       = WS2812B_PINS;
  50:Core/Src/WS2812b_Core.c **** 	GPIO_InitStruct.Mode      = GPIO_MODE_OUTPUT_PP;
  51:Core/Src/WS2812b_Core.c **** 	GPIO_InitStruct.Pull      = GPIO_NOPULL;
  52:Core/Src/WS2812b_Core.c **** 	GPIO_InitStruct.Speed     = GPIO_SPEED_FREQ_LOW;
  53:Core/Src/WS2812b_Core.c **** 	HAL_GPIO_Init(WS2812B_PORT, &GPIO_InitStruct);
  54:Core/Src/WS2812b_Core.c **** 
  55:Core/Src/WS2812b_Core.c **** 	// Enable output pins for debuging to see DMA Full and Half transfer interrupts
  56:Core/Src/WS2812b_Core.c **** 	#if defined(LED4_PORT) && defined(LED5_PORT)
  57:Core/Src/WS2812b_Core.c **** 		GPIO_InitStruct.Mode = GPIO_MODE_OUTPUT_PP;
  58:Core/Src/WS2812b_Core.c **** 		GPIO_InitStruct.Pull = GPIO_NOPULL;
  59:Core/Src/WS2812b_Core.c **** 		GPIO_InitStruct.Speed = GPIO_SPEED_FREQ_HIGH;
  60:Core/Src/WS2812b_Core.c **** 
  61:Core/Src/WS2812b_Core.c **** 		GPIO_InitStruct.Pin = LED4_PIN;
  62:Core/Src/WS2812b_Core.c **** 		HAL_GPIO_Init(LED4_PORT, &GPIO_InitStruct);
  63:Core/Src/WS2812b_Core.c **** 		GPIO_InitStruct.Pin = LED5_PIN;
  64:Core/Src/WS2812b_Core.c **** 		HAL_GPIO_Init(LED5_PORT, &GPIO_InitStruct);
  65:Core/Src/WS2812b_Core.c **** 	#endif
  66:Core/Src/WS2812b_Core.c **** }
  67:Core/Src/WS2812b_Core.c **** 
  68:Core/Src/WS2812b_Core.c **** TIM_HandleTypeDef    Tim2Handle;
  69:Core/Src/WS2812b_Core.c **** TIM_OC_InitTypeDef tim2OC1;
  70:Core/Src/WS2812b_Core.c **** TIM_OC_InitTypeDef tim2OC2;
  71:Core/Src/WS2812b_Core.c **** 
  72:Core/Src/WS2812b_Core.c **** uint32_t tim_period;
  73:Core/Src/WS2812b_Core.c **** static void TIM2_init(void)
  74:Core/Src/WS2812b_Core.c **** {
  75:Core/Src/WS2812b_Core.c **** 	// TIM2 Periph clock enable
  76:Core/Src/WS2812b_Core.c **** 	__HAL_RCC_TIM2_CLK_ENABLE();
  77:Core/Src/WS2812b_Core.c **** 
  78:Core/Src/WS2812b_Core.c **** 	// This computation of pulse length should work ok,
  79:Core/Src/WS2812b_Core.c **** 	// at some slower core speeds it needs some tuning.
  80:Core/Src/WS2812b_Core.c **** 	tim_period =  SystemCoreClock / 800000; // 0,125us period (10 times lower the 1,25us period to hav
  81:Core/Src/WS2812b_Core.c **** 	uint32_t cc1 = (10 * tim_period) / 36;
  82:Core/Src/WS2812b_Core.c **** 	uint32_t cc2 = (10 * tim_period) / 15;
  83:Core/Src/WS2812b_Core.c **** 
  84:Core/Src/WS2812b_Core.c **** 	Tim2Handle.Instance = TIM2;
  85:Core/Src/WS2812b_Core.c **** 
  86:Core/Src/WS2812b_Core.c **** 	Tim2Handle.Init.Period            = tim_period;
  87:Core/Src/WS2812b_Core.c **** 	Tim2Handle.Init.RepetitionCounter = 0;
  88:Core/Src/WS2812b_Core.c **** 	Tim2Handle.Init.Prescaler         = 0;
  89:Core/Src/WS2812b_Core.c **** 	Tim2Handle.Init.ClockDivision     = TIM_CLOCKDIVISION_DIV1;
ARM GAS  C:\Users\igorn\AppData\Local\Temp\cc020j7O.s 			page 3


  90:Core/Src/WS2812b_Core.c **** 	Tim2Handle.Init.CounterMode       = TIM_COUNTERMODE_UP;
  91:Core/Src/WS2812b_Core.c **** 	HAL_TIM_PWM_Init(&Tim2Handle);
  92:Core/Src/WS2812b_Core.c **** 
  93:Core/Src/WS2812b_Core.c **** 	HAL_NVIC_SetPriority(TIM2_IRQn, 0, 0);
  94:Core/Src/WS2812b_Core.c **** 	HAL_NVIC_EnableIRQ(TIM2_IRQn);
  95:Core/Src/WS2812b_Core.c **** 
  96:Core/Src/WS2812b_Core.c **** 	tim2OC1.OCMode       = TIM_OCMODE_PWM1;
  97:Core/Src/WS2812b_Core.c **** 	tim2OC1.OCPolarity   = TIM_OCPOLARITY_HIGH;
  98:Core/Src/WS2812b_Core.c **** 	tim2OC1.Pulse        = cc1;
  99:Core/Src/WS2812b_Core.c **** 	tim2OC1.OCNPolarity  = TIM_OCNPOLARITY_HIGH;
 100:Core/Src/WS2812b_Core.c **** 	tim2OC1.OCFastMode   = TIM_OCFAST_DISABLE;
 101:Core/Src/WS2812b_Core.c **** 	HAL_TIM_PWM_ConfigChannel(&Tim2Handle, &tim2OC1, TIM_CHANNEL_1);
 102:Core/Src/WS2812b_Core.c **** 
 103:Core/Src/WS2812b_Core.c **** 
 104:Core/Src/WS2812b_Core.c **** 
 105:Core/Src/WS2812b_Core.c **** 	tim2OC2.OCMode       = TIM_OCMODE_PWM1;
 106:Core/Src/WS2812b_Core.c **** 	tim2OC2.OCPolarity   = TIM_OCPOLARITY_HIGH;
 107:Core/Src/WS2812b_Core.c **** 	tim2OC2.Pulse        = cc2;
 108:Core/Src/WS2812b_Core.c **** 	tim2OC2.OCNPolarity  = TIM_OCNPOLARITY_HIGH;
 109:Core/Src/WS2812b_Core.c **** 	tim2OC2.OCFastMode   = TIM_OCFAST_DISABLE;
 110:Core/Src/WS2812b_Core.c **** 	tim2OC2.OCIdleState  = TIM_OCIDLESTATE_RESET;
 111:Core/Src/WS2812b_Core.c **** 	tim2OC2.OCNIdleState = TIM_OCNIDLESTATE_RESET;
 112:Core/Src/WS2812b_Core.c **** 	HAL_TIM_PWM_ConfigChannel(&Tim2Handle, &tim2OC2, TIM_CHANNEL_2);
 113:Core/Src/WS2812b_Core.c **** 
 114:Core/Src/WS2812b_Core.c **** 	HAL_TIM_Base_Start(&Tim2Handle);
 115:Core/Src/WS2812b_Core.c **** 	HAL_TIM_PWM_Start(&Tim2Handle, TIM_CHANNEL_1);
 116:Core/Src/WS2812b_Core.c **** 
 117:Core/Src/WS2812b_Core.c **** }
 118:Core/Src/WS2812b_Core.c **** 
 119:Core/Src/WS2812b_Core.c **** 
 120:Core/Src/WS2812b_Core.c **** DMA_HandleTypeDef     dmaUpdate;
 121:Core/Src/WS2812b_Core.c **** DMA_HandleTypeDef     dmaCC1;
 122:Core/Src/WS2812b_Core.c **** DMA_HandleTypeDef     dmaCC2;
 123:Core/Src/WS2812b_Core.c **** #define BUFFER_SIZE		(sizeof(ws2812bDmaBitBuffer)/sizeof(uint16_t))
 124:Core/Src/WS2812b_Core.c **** 
 125:Core/Src/WS2812b_Core.c **** static void DMA_init(void)
 126:Core/Src/WS2812b_Core.c **** {
 127:Core/Src/WS2812b_Core.c **** 
 128:Core/Src/WS2812b_Core.c **** 	// TIM2 Update event
 129:Core/Src/WS2812b_Core.c **** 	__HAL_RCC_DMA1_CLK_ENABLE();
 130:Core/Src/WS2812b_Core.c **** 	dmaUpdate.Init.Direction = DMA_MEMORY_TO_PERIPH;
 131:Core/Src/WS2812b_Core.c **** 	dmaUpdate.Init.PeriphInc = DMA_PINC_DISABLE;
 132:Core/Src/WS2812b_Core.c **** 	dmaUpdate.Init.MemInc = DMA_MINC_DISABLE;
 133:Core/Src/WS2812b_Core.c **** 	dmaUpdate.Init.PeriphDataAlignment = DMA_PDATAALIGN_WORD;
 134:Core/Src/WS2812b_Core.c **** 	dmaUpdate.Init.MemDataAlignment = DMA_MDATAALIGN_WORD;
 135:Core/Src/WS2812b_Core.c **** 	dmaUpdate.Init.Mode = DMA_CIRCULAR;
 136:Core/Src/WS2812b_Core.c **** 	dmaUpdate.Init.Priority = DMA_PRIORITY_VERY_HIGH;
 137:Core/Src/WS2812b_Core.c **** 	dmaUpdate.Instance = DMA1_Channel2;
 138:Core/Src/WS2812b_Core.c **** 	//dmaUpdate.XferCpltCallback  = TransferComplete;
 139:Core/Src/WS2812b_Core.c **** 	//dmaUpdate.XferErrorCallback = TransferError;
 140:Core/Src/WS2812b_Core.c **** 	HAL_DMA_Init(&dmaUpdate);
 141:Core/Src/WS2812b_Core.c **** 	//HAL_NVIC_SetPriority(DMA1_Channel2_IRQn, 0, 0);
 142:Core/Src/WS2812b_Core.c **** 	//HAL_NVIC_EnableIRQ(DMA1_Channel2_IRQn);
 143:Core/Src/WS2812b_Core.c **** 	HAL_DMA_Start(&dmaUpdate, (uint32_t)WS2812_IO_High, (uint32_t)&WS2812B_PORT->BSRR, BUFFER_SIZE);
 144:Core/Src/WS2812b_Core.c **** 
 145:Core/Src/WS2812b_Core.c **** 
 146:Core/Src/WS2812b_Core.c **** 	// TIM2 CC1 event
ARM GAS  C:\Users\igorn\AppData\Local\Temp\cc020j7O.s 			page 4


 147:Core/Src/WS2812b_Core.c **** 	dmaCC1.Init.Direction = DMA_MEMORY_TO_PERIPH;
 148:Core/Src/WS2812b_Core.c **** 	dmaCC1.Init.PeriphInc = DMA_PINC_DISABLE;
 149:Core/Src/WS2812b_Core.c **** 	dmaCC1.Init.MemInc = DMA_MINC_ENABLE;
 150:Core/Src/WS2812b_Core.c **** 	dmaCC1.Init.PeriphDataAlignment = DMA_PDATAALIGN_WORD;
 151:Core/Src/WS2812b_Core.c **** 	dmaCC1.Init.MemDataAlignment = DMA_MDATAALIGN_HALFWORD;
 152:Core/Src/WS2812b_Core.c **** 	dmaCC1.Init.Mode = DMA_CIRCULAR;
 153:Core/Src/WS2812b_Core.c **** 	dmaCC1.Init.Priority = DMA_PRIORITY_VERY_HIGH;
 154:Core/Src/WS2812b_Core.c **** 	dmaCC1.Instance = DMA1_Channel5;
 155:Core/Src/WS2812b_Core.c **** 	//dmaUpdate.XferCpltCallback  = TransferComplete;
 156:Core/Src/WS2812b_Core.c **** 	//dmaUpdate.XferErrorCallback = TransferError;
 157:Core/Src/WS2812b_Core.c **** 	//dmaUpdate.XferHalfCpltCallback = TransferHalf;
 158:Core/Src/WS2812b_Core.c **** 	//HAL_NVIC_SetPriority(DMA1_Channel5_IRQn, 0, 0);
 159:Core/Src/WS2812b_Core.c **** 	//HAL_NVIC_EnableIRQ(DMA1_Channel5_IRQn);
 160:Core/Src/WS2812b_Core.c **** 	HAL_DMA_Init(&dmaCC1);
 161:Core/Src/WS2812b_Core.c **** 	HAL_DMA_Start(&dmaCC1, (uint32_t)ws2812bDmaBitBuffer, (uint32_t)&WS2812B_PORT->BRR, BUFFER_SIZE);
 162:Core/Src/WS2812b_Core.c **** 
 163:Core/Src/WS2812b_Core.c **** 
 164:Core/Src/WS2812b_Core.c **** 	// TIM2 CC2 event
 165:Core/Src/WS2812b_Core.c **** 	dmaCC2.Init.Direction = DMA_MEMORY_TO_PERIPH;
 166:Core/Src/WS2812b_Core.c **** 	dmaCC2.Init.PeriphInc = DMA_PINC_DISABLE;
 167:Core/Src/WS2812b_Core.c **** 	dmaCC2.Init.MemInc = DMA_MINC_DISABLE;
 168:Core/Src/WS2812b_Core.c **** 	dmaCC2.Init.PeriphDataAlignment = DMA_PDATAALIGN_WORD;
 169:Core/Src/WS2812b_Core.c **** 	dmaCC2.Init.MemDataAlignment = DMA_MDATAALIGN_WORD;
 170:Core/Src/WS2812b_Core.c **** 	dmaCC2.Init.Mode = DMA_CIRCULAR;
 171:Core/Src/WS2812b_Core.c **** 	dmaCC2.Init.Priority = DMA_PRIORITY_VERY_HIGH;
 172:Core/Src/WS2812b_Core.c **** 	dmaCC2.Instance = DMA1_Channel7;
 173:Core/Src/WS2812b_Core.c **** 
 174:Core/Src/WS2812b_Core.c **** 	// DMA_INIT clears the callbacks, call it first
 175:Core/Src/WS2812b_Core.c **** 	HAL_DMA_Init(&dmaCC2);
 176:Core/Src/WS2812b_Core.c **** 
 177:Core/Src/WS2812b_Core.c **** 	// Then set the callbacks
 178:Core/Src/WS2812b_Core.c **** 	dmaCC2.XferCpltCallback  = DMA_TransferCompleteHandler;
 179:Core/Src/WS2812b_Core.c **** 	dmaCC2.XferHalfCpltCallback = DMA_TransferHalfHandler;
 180:Core/Src/WS2812b_Core.c **** 	//dmaUpdate.XferErrorCallback = TransferError;
 181:Core/Src/WS2812b_Core.c **** 
 182:Core/Src/WS2812b_Core.c **** 	HAL_NVIC_SetPriority(DMA1_Channel7_IRQn, 0, 0);
 183:Core/Src/WS2812b_Core.c **** 	HAL_NVIC_EnableIRQ(DMA1_Channel7_IRQn);
 184:Core/Src/WS2812b_Core.c **** 	HAL_DMA_Start_IT(&dmaCC2, (uint32_t)WS2812_IO_Low, (uint32_t)&WS2812B_PORT->BSRR, BUFFER_SIZE);
 185:Core/Src/WS2812b_Core.c **** 
 186:Core/Src/WS2812b_Core.c **** }
 187:Core/Src/WS2812b_Core.c **** 
 188:Core/Src/WS2812b_Core.c **** 
 189:Core/Src/WS2812b_Core.c **** void DMA1_Channel2_IRQHandler(void)
 190:Core/Src/WS2812b_Core.c **** {
 191:Core/Src/WS2812b_Core.c ****   // Check the interrupt and clear flag
 192:Core/Src/WS2812b_Core.c ****   HAL_DMA_IRQHandler(&dmaUpdate);
 193:Core/Src/WS2812b_Core.c **** }
 194:Core/Src/WS2812b_Core.c **** 
 195:Core/Src/WS2812b_Core.c **** void DMA1_Channel5_IRQHandler(void)
 196:Core/Src/WS2812b_Core.c **** {
 197:Core/Src/WS2812b_Core.c ****   // Check the interrupt and clear flag
 198:Core/Src/WS2812b_Core.c ****   HAL_DMA_IRQHandler(&dmaCC1);
 199:Core/Src/WS2812b_Core.c **** }
 200:Core/Src/WS2812b_Core.c **** 
 201:Core/Src/WS2812b_Core.c **** void DMA1_Channel7_IRQHandler(void)
 202:Core/Src/WS2812b_Core.c **** {
 203:Core/Src/WS2812b_Core.c ****   // Check the interrupt and clear flag
ARM GAS  C:\Users\igorn\AppData\Local\Temp\cc020j7O.s 			page 5


 204:Core/Src/WS2812b_Core.c ****   HAL_DMA_IRQHandler(&dmaCC2);
 205:Core/Src/WS2812b_Core.c **** }
 206:Core/Src/WS2812b_Core.c **** 
 207:Core/Src/WS2812b_Core.c **** 
 208:Core/Src/WS2812b_Core.c **** 
 209:Core/Src/WS2812b_Core.c **** static void loadNextFramebufferData(WS2812_BufferItem *bItem, uint32_t row)
 210:Core/Src/WS2812b_Core.c **** {
 211:Core/Src/WS2812b_Core.c **** 
 212:Core/Src/WS2812b_Core.c **** 	uint32_t r = bItem->frameBufferPointer[bItem->frameBufferCounter++];
 213:Core/Src/WS2812b_Core.c **** 	uint32_t g = bItem->frameBufferPointer[bItem->frameBufferCounter++];
 214:Core/Src/WS2812b_Core.c **** 	uint32_t b = bItem->frameBufferPointer[bItem->frameBufferCounter++];
 215:Core/Src/WS2812b_Core.c **** 
 216:Core/Src/WS2812b_Core.c **** 	if(bItem->frameBufferCounter == bItem->frameBufferSize)
 217:Core/Src/WS2812b_Core.c **** 		bItem->frameBufferCounter = 0;
 218:Core/Src/WS2812b_Core.c **** 
 219:Core/Src/WS2812b_Core.c **** 	ws2812b_set_pixel(bItem->channel, row, r, g, b);
 220:Core/Src/WS2812b_Core.c **** }
 221:Core/Src/WS2812b_Core.c **** 
 222:Core/Src/WS2812b_Core.c **** 
 223:Core/Src/WS2812b_Core.c **** // Transmit the framebuffer
 224:Core/Src/WS2812b_Core.c **** static void WS2812_sendbuf()
 225:Core/Src/WS2812b_Core.c **** {
 226:Core/Src/WS2812b_Core.c **** 	// transmission complete flag
 227:Core/Src/WS2812b_Core.c **** 	ws2812b.transferComplete = 0;
 228:Core/Src/WS2812b_Core.c **** 
 229:Core/Src/WS2812b_Core.c **** 	uint32_t i;
 230:Core/Src/WS2812b_Core.c **** 
 231:Core/Src/WS2812b_Core.c **** 	for( i = 0; i < WS2812_BUFFER_COUNT; i++ )
 232:Core/Src/WS2812b_Core.c **** 	{
 233:Core/Src/WS2812b_Core.c **** 		ws2812b.item[i].frameBufferCounter = 0;
 234:Core/Src/WS2812b_Core.c **** 
 235:Core/Src/WS2812b_Core.c **** 		loadNextFramebufferData(&ws2812b.item[i], 0); // ROW 0
 236:Core/Src/WS2812b_Core.c **** 		loadNextFramebufferData(&ws2812b.item[i], 1); // ROW 0
 237:Core/Src/WS2812b_Core.c **** 	}
 238:Core/Src/WS2812b_Core.c **** 
 239:Core/Src/WS2812b_Core.c **** 	// clear all DMA flags
 240:Core/Src/WS2812b_Core.c **** 	__HAL_DMA_CLEAR_FLAG(&dmaUpdate, DMA_FLAG_TC2 | DMA_FLAG_HT2 | DMA_FLAG_TE2);
 241:Core/Src/WS2812b_Core.c **** 	__HAL_DMA_CLEAR_FLAG(&dmaCC1, DMA_FLAG_TC5 | DMA_FLAG_HT5 | DMA_FLAG_TE5);
 242:Core/Src/WS2812b_Core.c **** 	__HAL_DMA_CLEAR_FLAG(&dmaCC2, DMA_FLAG_TC7 | DMA_FLAG_HT7 | DMA_FLAG_TE7);
 243:Core/Src/WS2812b_Core.c **** 
 244:Core/Src/WS2812b_Core.c **** 	// configure the number of bytes to be transferred by the DMA controller
 245:Core/Src/WS2812b_Core.c **** 	dmaUpdate.Instance->CNDTR = BUFFER_SIZE;
 246:Core/Src/WS2812b_Core.c **** 	dmaCC1.Instance->CNDTR = BUFFER_SIZE;
 247:Core/Src/WS2812b_Core.c **** 	dmaCC2.Instance->CNDTR = BUFFER_SIZE;
 248:Core/Src/WS2812b_Core.c **** 
 249:Core/Src/WS2812b_Core.c **** 	// clear all TIM2 flags
 250:Core/Src/WS2812b_Core.c **** 	__HAL_TIM_CLEAR_FLAG(&Tim2Handle, TIM_FLAG_UPDATE | TIM_FLAG_CC1 | TIM_FLAG_CC2 | TIM_FLAG_CC3 | T
 251:Core/Src/WS2812b_Core.c **** 
 252:Core/Src/WS2812b_Core.c **** 	// enable DMA channels
 253:Core/Src/WS2812b_Core.c **** 	__HAL_DMA_ENABLE(&dmaUpdate);
 254:Core/Src/WS2812b_Core.c **** 	__HAL_DMA_ENABLE(&dmaCC1);
 255:Core/Src/WS2812b_Core.c **** 	__HAL_DMA_ENABLE(&dmaCC2);
 256:Core/Src/WS2812b_Core.c **** 
 257:Core/Src/WS2812b_Core.c **** 	// IMPORTANT: enable the TIM2 DMA requests AFTER enabling the DMA channels!
 258:Core/Src/WS2812b_Core.c **** 	__HAL_TIM_ENABLE_DMA(&Tim2Handle, TIM_DMA_UPDATE);
 259:Core/Src/WS2812b_Core.c **** 	__HAL_TIM_ENABLE_DMA(&Tim2Handle, TIM_DMA_CC1);
 260:Core/Src/WS2812b_Core.c **** 	__HAL_TIM_ENABLE_DMA(&Tim2Handle, TIM_DMA_CC2);
ARM GAS  C:\Users\igorn\AppData\Local\Temp\cc020j7O.s 			page 6


 261:Core/Src/WS2812b_Core.c **** 
 262:Core/Src/WS2812b_Core.c **** 	TIM2->CNT = tim_period-1;
 263:Core/Src/WS2812b_Core.c **** 
 264:Core/Src/WS2812b_Core.c **** 	// start TIM2
 265:Core/Src/WS2812b_Core.c **** 	__HAL_TIM_ENABLE(&Tim2Handle);
 266:Core/Src/WS2812b_Core.c **** }
 267:Core/Src/WS2812b_Core.c **** 
 268:Core/Src/WS2812b_Core.c **** 
 269:Core/Src/WS2812b_Core.c **** 
 270:Core/Src/WS2812b_Core.c **** 
 271:Core/Src/WS2812b_Core.c **** 
 272:Core/Src/WS2812b_Core.c **** void DMA_TransferHalfHandler(DMA_HandleTypeDef *DmaHandle)
 273:Core/Src/WS2812b_Core.c **** {
 274:Core/Src/WS2812b_Core.c **** 	#if defined(LED4_PORT)
 275:Core/Src/WS2812b_Core.c **** 		LED4_PORT->BSRR = LED4_PIN;
 276:Core/Src/WS2812b_Core.c **** 	#endif
 277:Core/Src/WS2812b_Core.c **** 
 278:Core/Src/WS2812b_Core.c **** 	// Is this the last LED?
 279:Core/Src/WS2812b_Core.c **** 	if(ws2812b.repeatCounter != (WS2812B_NUMBER_OF_LEDS / 2 - 1))
 280:Core/Src/WS2812b_Core.c **** 	{
 281:Core/Src/WS2812b_Core.c **** 		uint32_t i;
 282:Core/Src/WS2812b_Core.c **** 
 283:Core/Src/WS2812b_Core.c **** 		for( i = 0; i < WS2812_BUFFER_COUNT; i++ )
 284:Core/Src/WS2812b_Core.c **** 		{
 285:Core/Src/WS2812b_Core.c **** 			loadNextFramebufferData(&ws2812b.item[i], 0);
 286:Core/Src/WS2812b_Core.c **** 		}
 287:Core/Src/WS2812b_Core.c **** 
 288:Core/Src/WS2812b_Core.c **** 	} else {
 289:Core/Src/WS2812b_Core.c **** 		// If this is the last pixel, set the next pixel value to zeros, because
 290:Core/Src/WS2812b_Core.c **** 		// the DMA would not stop exactly at the last bit.
 291:Core/Src/WS2812b_Core.c **** 		ws2812b_set_pixel(0, 0, 0, 0, 0);
 292:Core/Src/WS2812b_Core.c **** 	}
 293:Core/Src/WS2812b_Core.c **** 
 294:Core/Src/WS2812b_Core.c **** 	#if defined(LED4_PORT)
 295:Core/Src/WS2812b_Core.c **** 		LED4_PORT->BRR = LED4_PIN;
 296:Core/Src/WS2812b_Core.c **** 	#endif
 297:Core/Src/WS2812b_Core.c **** }
 298:Core/Src/WS2812b_Core.c **** 
 299:Core/Src/WS2812b_Core.c **** void DMA_TransferCompleteHandler(DMA_HandleTypeDef *DmaHandle)
 300:Core/Src/WS2812b_Core.c **** {
 301:Core/Src/WS2812b_Core.c **** 	#if defined(LED5_PORT)
 302:Core/Src/WS2812b_Core.c **** 		LED5_PORT->BSRR = LED5_PIN;
 303:Core/Src/WS2812b_Core.c **** 	#endif
 304:Core/Src/WS2812b_Core.c **** 
 305:Core/Src/WS2812b_Core.c **** 	ws2812b.repeatCounter++;
 306:Core/Src/WS2812b_Core.c **** 
 307:Core/Src/WS2812b_Core.c **** 	if(ws2812b.repeatCounter == WS2812B_NUMBER_OF_LEDS / 2)
 308:Core/Src/WS2812b_Core.c **** 	{
 309:Core/Src/WS2812b_Core.c **** 		// Transfer of all LEDs is done, disable DMA but enable tiemr update IRQ to stop the 50us pulse
 310:Core/Src/WS2812b_Core.c **** 		ws2812b.repeatCounter = 0;
 311:Core/Src/WS2812b_Core.c **** 
 312:Core/Src/WS2812b_Core.c **** 		// Enable TIM2 Update interrupt for 50us Treset signal
 313:Core/Src/WS2812b_Core.c **** 		__HAL_TIM_ENABLE_IT(&Tim2Handle, TIM_IT_UPDATE);
 314:Core/Src/WS2812b_Core.c **** 		// Disable DMA
 315:Core/Src/WS2812b_Core.c **** 		__HAL_DMA_DISABLE(&dmaUpdate);
 316:Core/Src/WS2812b_Core.c **** 		__HAL_DMA_DISABLE(&dmaCC1);
 317:Core/Src/WS2812b_Core.c **** 		__HAL_DMA_DISABLE(&dmaCC2);
ARM GAS  C:\Users\igorn\AppData\Local\Temp\cc020j7O.s 			page 7


 318:Core/Src/WS2812b_Core.c **** 
 319:Core/Src/WS2812b_Core.c **** 		// Disable the DMA requests
 320:Core/Src/WS2812b_Core.c **** 		__HAL_TIM_DISABLE_DMA(&Tim2Handle, TIM_DMA_UPDATE);
 321:Core/Src/WS2812b_Core.c **** 		__HAL_TIM_DISABLE_DMA(&Tim2Handle, TIM_DMA_CC1);
 322:Core/Src/WS2812b_Core.c **** 		__HAL_TIM_DISABLE_DMA(&Tim2Handle, TIM_DMA_CC2);
 323:Core/Src/WS2812b_Core.c **** 
 324:Core/Src/WS2812b_Core.c **** 		// Manually set outputs to low to generate 50us reset impulse
 325:Core/Src/WS2812b_Core.c **** 		WS2812B_PORT->BSRR = WS2812_IO_Low[0];
 326:Core/Src/WS2812b_Core.c **** 	} else {
 327:Core/Src/WS2812b_Core.c **** 
 328:Core/Src/WS2812b_Core.c **** 		// Load bitbuffer with next RGB LED values
 329:Core/Src/WS2812b_Core.c **** 		uint32_t i;
 330:Core/Src/WS2812b_Core.c **** 		for( i = 0; i < WS2812_BUFFER_COUNT; i++ )
 331:Core/Src/WS2812b_Core.c **** 		{
 332:Core/Src/WS2812b_Core.c **** 			loadNextFramebufferData(&ws2812b.item[i], 1);
 333:Core/Src/WS2812b_Core.c **** 		}
 334:Core/Src/WS2812b_Core.c **** 
 335:Core/Src/WS2812b_Core.c **** 	}
 336:Core/Src/WS2812b_Core.c **** 
 337:Core/Src/WS2812b_Core.c **** 	#if defined(LED5_PORT)
 338:Core/Src/WS2812b_Core.c **** 		LED5_PORT->BRR = LED5_PIN;
 339:Core/Src/WS2812b_Core.c **** 	#endif
 340:Core/Src/WS2812b_Core.c **** }
 341:Core/Src/WS2812b_Core.c **** 
 342:Core/Src/WS2812b_Core.c **** 
 343:Core/Src/WS2812b_Core.c **** void TIM2_IRQHandler(void)
 344:Core/Src/WS2812b_Core.c **** {
 345:Core/Src/WS2812b_Core.c **** 	HAL_TIM_IRQHandler(&Tim2Handle);
 346:Core/Src/WS2812b_Core.c **** }
 347:Core/Src/WS2812b_Core.c **** 
 348:Core/Src/WS2812b_Core.c **** // TIM2 Interrupt Handler gets executed on every TIM2 Update if enabled
 349:Core/Src/WS2812b_Core.c **** void HAL_TIM_PeriodElapsedCallback(TIM_HandleTypeDef *htim)
 350:Core/Src/WS2812b_Core.c **** {
 351:Core/Src/WS2812b_Core.c **** 	// I have to wait 50us to generate Treset signal
 352:Core/Src/WS2812b_Core.c **** 	if (ws2812b.timerPeriodCounter < (uint8_t)WS2812_RESET_PERIOD)
 353:Core/Src/WS2812b_Core.c **** 	{
 354:Core/Src/WS2812b_Core.c **** 		// count the number of timer periods
 355:Core/Src/WS2812b_Core.c **** 		ws2812b.timerPeriodCounter++;
 356:Core/Src/WS2812b_Core.c **** 	}
 357:Core/Src/WS2812b_Core.c **** 	else
 358:Core/Src/WS2812b_Core.c **** 	{
 359:Core/Src/WS2812b_Core.c **** 		ws2812b.timerPeriodCounter = 0;
 360:Core/Src/WS2812b_Core.c **** 		__HAL_TIM_DISABLE(&Tim2Handle);
 361:Core/Src/WS2812b_Core.c **** 		TIM2->CR1 = 0; // disable timer
 362:Core/Src/WS2812b_Core.c **** 
 363:Core/Src/WS2812b_Core.c **** 		// disable the TIM2 Update
 364:Core/Src/WS2812b_Core.c **** 		__HAL_TIM_DISABLE_IT(&Tim2Handle, TIM_IT_UPDATE);
 365:Core/Src/WS2812b_Core.c **** 		// set TransferComplete flag
 366:Core/Src/WS2812b_Core.c **** 		ws2812b.transferComplete = 1;
 367:Core/Src/WS2812b_Core.c **** 	}
 368:Core/Src/WS2812b_Core.c **** 
 369:Core/Src/WS2812b_Core.c **** }
 370:Core/Src/WS2812b_Core.c **** 
 371:Core/Src/WS2812b_Core.c **** 
 372:Core/Src/WS2812b_Core.c **** 
 373:Core/Src/WS2812b_Core.c **** static void ws2812b_set_pixel(uint8_t row, uint16_t column, uint8_t red, uint8_t green, uint8_t blu
 374:Core/Src/WS2812b_Core.c **** {
ARM GAS  C:\Users\igorn\AppData\Local\Temp\cc020j7O.s 			page 8


  27              		.loc 1 374 1 view -0
  28              		.cfi_startproc
  29              		@ args = 4, pretend = 0, frame = 0
  30              		@ frame_needed = 0, uses_anonymous_args = 0
  31              		@ link register save eliminated.
  32              		.loc 1 374 1 is_stmt 0 view .LVU1
  33 0000 70B4     		push	{r4, r5, r6}
  34              		.cfi_def_cfa_offset 12
  35              		.cfi_offset 4, -12
  36              		.cfi_offset 5, -8
  37              		.cfi_offset 6, -4
 375:Core/Src/WS2812b_Core.c **** 
 376:Core/Src/WS2812b_Core.c **** 	// Apply gamma
 377:Core/Src/WS2812b_Core.c **** 	red = gammaTable[red];
  38              		.loc 1 377 2 is_stmt 1 view .LVU2
  39              		.loc 1 377 6 is_stmt 0 view .LVU3
  40 0002 2E4E     		ldr	r6, .L3
  41 0004 B45C     		ldrb	r4, [r6, r2]	@ zero_extendqisi2
  42              	.LVL1:
 378:Core/Src/WS2812b_Core.c **** 	green = gammaTable[green];
  43              		.loc 1 378 2 is_stmt 1 view .LVU4
  44              		.loc 1 378 8 is_stmt 0 view .LVU5
  45 0006 F55C     		ldrb	r5, [r6, r3]	@ zero_extendqisi2
  46              	.LVL2:
 379:Core/Src/WS2812b_Core.c **** 	blue = gammaTable[blue];
  47              		.loc 1 379 2 is_stmt 1 view .LVU6
  48              		.loc 1 379 7 is_stmt 0 view .LVU7
  49 0008 9DF80C30 		ldrb	r3, [sp, #12]	@ zero_extendqisi2
  50              	.LVL3:
  51              		.loc 1 379 7 view .LVU8
  52 000c F25C     		ldrb	r2, [r6, r3]	@ zero_extendqisi2
  53              	.LVL4:
 380:Core/Src/WS2812b_Core.c **** 
 381:Core/Src/WS2812b_Core.c **** 
 382:Core/Src/WS2812b_Core.c **** 	uint32_t calcCol = (column*24);
  54              		.loc 1 382 2 is_stmt 1 view .LVU9
  55              		.loc 1 382 28 is_stmt 0 view .LVU10
  56 000e 01EB4103 		add	r3, r1, r1, lsl #1
  57              	.LVL5:
 383:Core/Src/WS2812b_Core.c **** 	uint32_t invRed = ~red;
  58              		.loc 1 383 2 is_stmt 1 view .LVU11
  59              		.loc 1 383 20 is_stmt 0 view .LVU12
  60 0012 E443     		mvns	r4, r4
  61              	.LVL6:
 384:Core/Src/WS2812b_Core.c **** 	uint32_t invGreen = ~green;
  62              		.loc 1 384 2 is_stmt 1 view .LVU13
  63              		.loc 1 384 22 is_stmt 0 view .LVU14
  64 0014 ED43     		mvns	r5, r5
  65              	.LVL7:
 385:Core/Src/WS2812b_Core.c **** 	uint32_t invBlue = ~blue;
  66              		.loc 1 385 2 is_stmt 1 view .LVU15
  67              		.loc 1 385 21 is_stmt 0 view .LVU16
  68 0016 D243     		mvns	r2, r2
  69              	.LVL8:
 386:Core/Src/WS2812b_Core.c **** 
 387:Core/Src/WS2812b_Core.c **** 
 388:Core/Src/WS2812b_Core.c **** 
ARM GAS  C:\Users\igorn\AppData\Local\Temp\cc020j7O.s 			page 9


 389:Core/Src/WS2812b_Core.c **** 
 390:Core/Src/WS2812b_Core.c **** #if defined(SETPIX_1)
 391:Core/Src/WS2812b_Core.c **** 	uint8_t i;
 392:Core/Src/WS2812b_Core.c **** 	uint32_t calcClearRow = ~(0x01<<row);
 393:Core/Src/WS2812b_Core.c **** 	for (i = 0; i < 8; i++)
 394:Core/Src/WS2812b_Core.c **** 	{
 395:Core/Src/WS2812b_Core.c **** 		// clear the data for pixel
 396:Core/Src/WS2812b_Core.c **** 
 397:Core/Src/WS2812b_Core.c **** 		ws2812bDmaBitBuffer[(calcCol+i)] &= calcClearRow;
 398:Core/Src/WS2812b_Core.c **** 		ws2812bDmaBitBuffer[(calcCol+8+i)] &= calcClearRow;
 399:Core/Src/WS2812b_Core.c **** 		ws2812bDmaBitBuffer[(calcCol+16+i)] &= calcClearRow;
 400:Core/Src/WS2812b_Core.c **** 
 401:Core/Src/WS2812b_Core.c **** 		// write new data for pixel
 402:Core/Src/WS2812b_Core.c **** 		ws2812bDmaBitBuffer[(calcCol+i)] |= (((((invGreen)<<i) & 0x80)>>7)<<row);
 403:Core/Src/WS2812b_Core.c **** 		ws2812bDmaBitBuffer[(calcCol+8+i)] |= (((((invRed)<<i) & 0x80)>>7)<<row);
 404:Core/Src/WS2812b_Core.c **** 		ws2812bDmaBitBuffer[(calcCol+16+i)] |= (((((invBlue)<<i) & 0x80)>>7)<<row);
 405:Core/Src/WS2812b_Core.c **** 	}
 406:Core/Src/WS2812b_Core.c **** #elif defined(SETPIX_2)
 407:Core/Src/WS2812b_Core.c **** 	uint8_t i;
 408:Core/Src/WS2812b_Core.c **** 	for (i = 0; i < 8; i++)
 409:Core/Src/WS2812b_Core.c **** 	{
 410:Core/Src/WS2812b_Core.c **** 		// Set or clear the data for the pixel
 411:Core/Src/WS2812b_Core.c **** 
 412:Core/Src/WS2812b_Core.c **** 		if(((invGreen)<<i) & 0x80)
 413:Core/Src/WS2812b_Core.c **** 			varSetBit(ws2812bDmaBitBuffer[(calcCol+i)], row);
 414:Core/Src/WS2812b_Core.c **** 		else
 415:Core/Src/WS2812b_Core.c **** 			varResetBit(ws2812bDmaBitBuffer[(calcCol+i)], row);
 416:Core/Src/WS2812b_Core.c **** 
 417:Core/Src/WS2812b_Core.c **** 		if(((invRed)<<i) & 0x80)
 418:Core/Src/WS2812b_Core.c **** 			varSetBit(ws2812bDmaBitBuffer[(calcCol+8+i)], row);
 419:Core/Src/WS2812b_Core.c **** 		else
 420:Core/Src/WS2812b_Core.c **** 			varResetBit(ws2812bDmaBitBuffer[(calcCol+8+i)], row);
 421:Core/Src/WS2812b_Core.c **** 
 422:Core/Src/WS2812b_Core.c **** 		if(((invBlue)<<i) & 0x80)
 423:Core/Src/WS2812b_Core.c **** 			varSetBit(ws2812bDmaBitBuffer[(calcCol+16+i)], row);
 424:Core/Src/WS2812b_Core.c **** 		else
 425:Core/Src/WS2812b_Core.c **** 			varResetBit(ws2812bDmaBitBuffer[(calcCol+16+i)], row);
 426:Core/Src/WS2812b_Core.c **** 
 427:Core/Src/WS2812b_Core.c **** 	}
 428:Core/Src/WS2812b_Core.c **** #elif defined(SETPIX_3)
 429:Core/Src/WS2812b_Core.c **** 	ws2812bDmaBitBuffer[(calcCol+0)] |= (((((invGreen)<<0) & 0x80)>>7)<<row);
 430:Core/Src/WS2812b_Core.c **** 	ws2812bDmaBitBuffer[(calcCol+8+0)] |= (((((invRed)<<0) & 0x80)>>7)<<row);
 431:Core/Src/WS2812b_Core.c **** 	ws2812bDmaBitBuffer[(calcCol+16+0)] |= (((((invBlue)<<0) & 0x80)>>7)<<row);
 432:Core/Src/WS2812b_Core.c **** 
 433:Core/Src/WS2812b_Core.c **** 	ws2812bDmaBitBuffer[(calcCol+1)] |= (((((invGreen)<<1) & 0x80)>>7)<<row);
 434:Core/Src/WS2812b_Core.c **** 	ws2812bDmaBitBuffer[(calcCol+8+1)] |= (((((invRed)<<1) & 0x80)>>7)<<row);
 435:Core/Src/WS2812b_Core.c **** 	ws2812bDmaBitBuffer[(calcCol+16+1)] |= (((((invBlue)<<1) & 0x80)>>7)<<row);
 436:Core/Src/WS2812b_Core.c **** 
 437:Core/Src/WS2812b_Core.c **** 	ws2812bDmaBitBuffer[(calcCol+2)] |= (((((invGreen)<<2) & 0x80)>>7)<<row);
 438:Core/Src/WS2812b_Core.c **** 	ws2812bDmaBitBuffer[(calcCol+8+2)] |= (((((invRed)<<2) & 0x80)>>7)<<row);
 439:Core/Src/WS2812b_Core.c **** 	ws2812bDmaBitBuffer[(calcCol+16+2)] |= (((((invBlue)<<2) & 0x80)>>7)<<row);
 440:Core/Src/WS2812b_Core.c **** 
 441:Core/Src/WS2812b_Core.c **** 	ws2812bDmaBitBuffer[(calcCol+3)] |= (((((invGreen)<<3) & 0x80)>>7)<<row);
 442:Core/Src/WS2812b_Core.c **** 	ws2812bDmaBitBuffer[(calcCol+8+3)] |= (((((invRed)<<3) & 0x80)>>7)<<row);
 443:Core/Src/WS2812b_Core.c **** 	ws2812bDmaBitBuffer[(calcCol+16+3)] |= (((((invBlue)<<3) & 0x80)>>7)<<row);
 444:Core/Src/WS2812b_Core.c **** 
 445:Core/Src/WS2812b_Core.c **** 	ws2812bDmaBitBuffer[(calcCol+4)] |= (((((invGreen)<<4) & 0x80)>>7)<<row);
ARM GAS  C:\Users\igorn\AppData\Local\Temp\cc020j7O.s 			page 10


 446:Core/Src/WS2812b_Core.c **** 	ws2812bDmaBitBuffer[(calcCol+8+4)] |= (((((invRed)<<4) & 0x80)>>7)<<row);
 447:Core/Src/WS2812b_Core.c **** 	ws2812bDmaBitBuffer[(calcCol+16+4)] |= (((((invBlue)<<4) & 0x80)>>7)<<row);
 448:Core/Src/WS2812b_Core.c **** 
 449:Core/Src/WS2812b_Core.c **** 	ws2812bDmaBitBuffer[(calcCol+5)] |= (((((invGreen)<<5) & 0x80)>>7)<<row);
 450:Core/Src/WS2812b_Core.c **** 	ws2812bDmaBitBuffer[(calcCol+8+5)] |= (((((invRed)<<5) & 0x80)>>7)<<row);
 451:Core/Src/WS2812b_Core.c **** 	ws2812bDmaBitBuffer[(calcCol+16+5)] |= (((((invBlue)<<5) & 0x80)>>7)<<row);
 452:Core/Src/WS2812b_Core.c **** 
 453:Core/Src/WS2812b_Core.c **** 	ws2812bDmaBitBuffer[(calcCol+6)] |= (((((invGreen)<<6) & 0x80)>>7)<<row);
 454:Core/Src/WS2812b_Core.c **** 	ws2812bDmaBitBuffer[(calcCol+8+6)] |= (((((invRed)<<6) & 0x80)>>7)<<row);
 455:Core/Src/WS2812b_Core.c **** 	ws2812bDmaBitBuffer[(calcCol+16+6)] |= (((((invBlue)<<6) & 0x80)>>7)<<row);
 456:Core/Src/WS2812b_Core.c **** 
 457:Core/Src/WS2812b_Core.c **** 	ws2812bDmaBitBuffer[(calcCol+7)] |= (((((invGreen)<<7) & 0x80)>>7)<<row);
 458:Core/Src/WS2812b_Core.c **** 	ws2812bDmaBitBuffer[(calcCol+8+7)] |= (((((invRed)<<7) & 0x80)>>7)<<row);
 459:Core/Src/WS2812b_Core.c **** 	ws2812bDmaBitBuffer[(calcCol+16+7)] |= (((((invBlue)<<7) & 0x80)>>7)<<row);
 460:Core/Src/WS2812b_Core.c **** #elif defined(SETPIX_4)
 461:Core/Src/WS2812b_Core.c **** 
 462:Core/Src/WS2812b_Core.c **** 	// Bitband optimizations with pure increments, 5us interrupts
 463:Core/Src/WS2812b_Core.c **** 	uint32_t *bitBand = BITBAND_SRAM(&ws2812bDmaBitBuffer[(calcCol)], row);
  70              		.loc 1 463 2 is_stmt 1 view .LVU17
  71              		.loc 1 463 22 is_stmt 0 view .LVU18
  72 0018 2949     		ldr	r1, .L3+4
  73              	.LVL9:
  74              		.loc 1 463 22 view .LVU19
  75 001a 01EB0311 		add	r1, r1, r3, lsl #4
  76 001e 01F16141 		add	r1, r1, #-520093696
  77 0022 01F58011 		add	r1, r1, #1048576
  78 0026 4E01     		lsls	r6, r1, #5
  79              	.LVL10:
  80              		.loc 1 463 22 view .LVU20
  81 0028 8300     		lsls	r3, r0, #2
  82              	.LVL11:
  83              		.loc 1 463 22 view .LVU21
  84 002a 03EB4113 		add	r3, r3, r1, lsl #5
  85              	.LVL12:
 464:Core/Src/WS2812b_Core.c **** 
 465:Core/Src/WS2812b_Core.c **** 	*bitBand =  (invGreen >> 7);
  86              		.loc 1 465 2 is_stmt 1 view .LVU22
  87              		.loc 1 465 24 is_stmt 0 view .LVU23
  88 002e E909     		lsrs	r1, r5, #7
  89              		.loc 1 465 11 view .LVU24
  90 0030 46F82010 		str	r1, [r6, r0, lsl #2]
 466:Core/Src/WS2812b_Core.c **** 	bitBand+=16;
  91              		.loc 1 466 2 is_stmt 1 view .LVU25
  92              	.LVL13:
 467:Core/Src/WS2812b_Core.c **** 
 468:Core/Src/WS2812b_Core.c **** 	*bitBand = (invGreen >> 6);
  93              		.loc 1 468 2 view .LVU26
  94              		.loc 1 468 23 is_stmt 0 view .LVU27
  95 0034 A909     		lsrs	r1, r5, #6
  96              		.loc 1 468 11 view .LVU28
  97 0036 1964     		str	r1, [r3, #64]
 469:Core/Src/WS2812b_Core.c **** 	bitBand+=16;
  98              		.loc 1 469 2 is_stmt 1 view .LVU29
  99              	.LVL14:
 470:Core/Src/WS2812b_Core.c **** 
 471:Core/Src/WS2812b_Core.c **** 	*bitBand = (invGreen >> 5);
 100              		.loc 1 471 2 view .LVU30
ARM GAS  C:\Users\igorn\AppData\Local\Temp\cc020j7O.s 			page 11


 101              		.loc 1 471 23 is_stmt 0 view .LVU31
 102 0038 6909     		lsrs	r1, r5, #5
 103              		.loc 1 471 11 view .LVU32
 104 003a C3F88010 		str	r1, [r3, #128]
 472:Core/Src/WS2812b_Core.c **** 	bitBand+=16;
 105              		.loc 1 472 2 is_stmt 1 view .LVU33
 106              	.LVL15:
 473:Core/Src/WS2812b_Core.c **** 
 474:Core/Src/WS2812b_Core.c **** 	*bitBand = (invGreen >> 4);
 107              		.loc 1 474 2 view .LVU34
 108              		.loc 1 474 23 is_stmt 0 view .LVU35
 109 003e 2909     		lsrs	r1, r5, #4
 110              		.loc 1 474 11 view .LVU36
 111 0040 C3F8C010 		str	r1, [r3, #192]
 475:Core/Src/WS2812b_Core.c **** 	bitBand+=16;
 112              		.loc 1 475 2 is_stmt 1 view .LVU37
 113              	.LVL16:
 476:Core/Src/WS2812b_Core.c **** 
 477:Core/Src/WS2812b_Core.c **** 	*bitBand = (invGreen >> 3);
 114              		.loc 1 477 2 view .LVU38
 115              		.loc 1 477 23 is_stmt 0 view .LVU39
 116 0044 E908     		lsrs	r1, r5, #3
 117              		.loc 1 477 11 view .LVU40
 118 0046 C3F80011 		str	r1, [r3, #256]
 478:Core/Src/WS2812b_Core.c **** 	bitBand+=16;
 119              		.loc 1 478 2 is_stmt 1 view .LVU41
 120              	.LVL17:
 479:Core/Src/WS2812b_Core.c **** 
 480:Core/Src/WS2812b_Core.c **** 	*bitBand = (invGreen >> 2);
 121              		.loc 1 480 2 view .LVU42
 122              		.loc 1 480 23 is_stmt 0 view .LVU43
 123 004a A908     		lsrs	r1, r5, #2
 124              		.loc 1 480 11 view .LVU44
 125 004c C3F84011 		str	r1, [r3, #320]
 481:Core/Src/WS2812b_Core.c **** 	bitBand+=16;
 126              		.loc 1 481 2 is_stmt 1 view .LVU45
 127              	.LVL18:
 482:Core/Src/WS2812b_Core.c **** 
 483:Core/Src/WS2812b_Core.c **** 	*bitBand = (invGreen >> 1);
 128              		.loc 1 483 2 view .LVU46
 129              		.loc 1 483 23 is_stmt 0 view .LVU47
 130 0050 6908     		lsrs	r1, r5, #1
 131              		.loc 1 483 11 view .LVU48
 132 0052 C3F88011 		str	r1, [r3, #384]
 484:Core/Src/WS2812b_Core.c **** 	bitBand+=16;
 133              		.loc 1 484 2 is_stmt 1 view .LVU49
 134              	.LVL19:
 485:Core/Src/WS2812b_Core.c **** 
 486:Core/Src/WS2812b_Core.c **** 	*bitBand = (invGreen >> 0);
 135              		.loc 1 486 2 view .LVU50
 136              		.loc 1 486 11 is_stmt 0 view .LVU51
 137 0056 C3F8C051 		str	r5, [r3, #448]
 487:Core/Src/WS2812b_Core.c **** 	bitBand+=16;
 138              		.loc 1 487 2 is_stmt 1 view .LVU52
 139              	.LVL20:
 488:Core/Src/WS2812b_Core.c **** 
 489:Core/Src/WS2812b_Core.c **** 	// RED
ARM GAS  C:\Users\igorn\AppData\Local\Temp\cc020j7O.s 			page 12


 490:Core/Src/WS2812b_Core.c **** 	*bitBand =  (invRed >> 7);
 140              		.loc 1 490 2 view .LVU53
 141              		.loc 1 490 22 is_stmt 0 view .LVU54
 142 005a E109     		lsrs	r1, r4, #7
 143              		.loc 1 490 11 view .LVU55
 144 005c C3F80012 		str	r1, [r3, #512]
 491:Core/Src/WS2812b_Core.c **** 	bitBand+=16;
 145              		.loc 1 491 2 is_stmt 1 view .LVU56
 146              	.LVL21:
 492:Core/Src/WS2812b_Core.c **** 
 493:Core/Src/WS2812b_Core.c **** 	*bitBand = (invRed >> 6);
 147              		.loc 1 493 2 view .LVU57
 148              		.loc 1 493 21 is_stmt 0 view .LVU58
 149 0060 A109     		lsrs	r1, r4, #6
 150              		.loc 1 493 11 view .LVU59
 151 0062 C3F84012 		str	r1, [r3, #576]
 494:Core/Src/WS2812b_Core.c **** 	bitBand+=16;
 152              		.loc 1 494 2 is_stmt 1 view .LVU60
 153              	.LVL22:
 495:Core/Src/WS2812b_Core.c **** 
 496:Core/Src/WS2812b_Core.c **** 	*bitBand = (invRed >> 5);
 154              		.loc 1 496 2 view .LVU61
 155              		.loc 1 496 21 is_stmt 0 view .LVU62
 156 0066 6109     		lsrs	r1, r4, #5
 157              		.loc 1 496 11 view .LVU63
 158 0068 C3F88012 		str	r1, [r3, #640]
 497:Core/Src/WS2812b_Core.c **** 	bitBand+=16;
 159              		.loc 1 497 2 is_stmt 1 view .LVU64
 160              	.LVL23:
 498:Core/Src/WS2812b_Core.c **** 
 499:Core/Src/WS2812b_Core.c **** 	*bitBand = (invRed >> 4);
 161              		.loc 1 499 2 view .LVU65
 162              		.loc 1 499 21 is_stmt 0 view .LVU66
 163 006c 2109     		lsrs	r1, r4, #4
 164              		.loc 1 499 11 view .LVU67
 165 006e C3F8C012 		str	r1, [r3, #704]
 500:Core/Src/WS2812b_Core.c **** 	bitBand+=16;
 166              		.loc 1 500 2 is_stmt 1 view .LVU68
 167              	.LVL24:
 501:Core/Src/WS2812b_Core.c **** 
 502:Core/Src/WS2812b_Core.c **** 	*bitBand = (invRed >> 3);
 168              		.loc 1 502 2 view .LVU69
 169              		.loc 1 502 21 is_stmt 0 view .LVU70
 170 0072 E108     		lsrs	r1, r4, #3
 171              		.loc 1 502 11 view .LVU71
 172 0074 C3F80013 		str	r1, [r3, #768]
 503:Core/Src/WS2812b_Core.c **** 	bitBand+=16;
 173              		.loc 1 503 2 is_stmt 1 view .LVU72
 174              	.LVL25:
 504:Core/Src/WS2812b_Core.c **** 
 505:Core/Src/WS2812b_Core.c **** 	*bitBand = (invRed >> 2);
 175              		.loc 1 505 2 view .LVU73
 176              		.loc 1 505 21 is_stmt 0 view .LVU74
 177 0078 A108     		lsrs	r1, r4, #2
 178              		.loc 1 505 11 view .LVU75
 179 007a C3F84013 		str	r1, [r3, #832]
 506:Core/Src/WS2812b_Core.c **** 	bitBand+=16;
ARM GAS  C:\Users\igorn\AppData\Local\Temp\cc020j7O.s 			page 13


 180              		.loc 1 506 2 is_stmt 1 view .LVU76
 181              	.LVL26:
 507:Core/Src/WS2812b_Core.c **** 
 508:Core/Src/WS2812b_Core.c **** 	*bitBand = (invRed >> 1);
 182              		.loc 1 508 2 view .LVU77
 183              		.loc 1 508 21 is_stmt 0 view .LVU78
 184 007e 6108     		lsrs	r1, r4, #1
 185              		.loc 1 508 11 view .LVU79
 186 0080 C3F88013 		str	r1, [r3, #896]
 509:Core/Src/WS2812b_Core.c **** 	bitBand+=16;
 187              		.loc 1 509 2 is_stmt 1 view .LVU80
 188              	.LVL27:
 510:Core/Src/WS2812b_Core.c **** 
 511:Core/Src/WS2812b_Core.c **** 	*bitBand = (invRed >> 0);
 189              		.loc 1 511 2 view .LVU81
 190              		.loc 1 511 11 is_stmt 0 view .LVU82
 191 0084 C3F8C043 		str	r4, [r3, #960]
 512:Core/Src/WS2812b_Core.c **** 	bitBand+=16;
 192              		.loc 1 512 2 is_stmt 1 view .LVU83
 193              	.LVL28:
 513:Core/Src/WS2812b_Core.c **** 
 514:Core/Src/WS2812b_Core.c **** 	// BLUE
 515:Core/Src/WS2812b_Core.c **** 	*bitBand =  (invBlue >> 7);
 194              		.loc 1 515 2 view .LVU84
 195              		.loc 1 515 23 is_stmt 0 view .LVU85
 196 0088 D109     		lsrs	r1, r2, #7
 197              		.loc 1 515 11 view .LVU86
 198 008a C3F80014 		str	r1, [r3, #1024]
 516:Core/Src/WS2812b_Core.c **** 	bitBand+=16;
 199              		.loc 1 516 2 is_stmt 1 view .LVU87
 200              	.LVL29:
 517:Core/Src/WS2812b_Core.c **** 
 518:Core/Src/WS2812b_Core.c **** 	*bitBand = (invBlue >> 6);
 201              		.loc 1 518 2 view .LVU88
 202              		.loc 1 518 22 is_stmt 0 view .LVU89
 203 008e 9109     		lsrs	r1, r2, #6
 204              		.loc 1 518 11 view .LVU90
 205 0090 C3F84014 		str	r1, [r3, #1088]
 519:Core/Src/WS2812b_Core.c **** 	bitBand+=16;
 206              		.loc 1 519 2 is_stmt 1 view .LVU91
 207              	.LVL30:
 520:Core/Src/WS2812b_Core.c **** 
 521:Core/Src/WS2812b_Core.c **** 	*bitBand = (invBlue >> 5);
 208              		.loc 1 521 2 view .LVU92
 209              		.loc 1 521 22 is_stmt 0 view .LVU93
 210 0094 5109     		lsrs	r1, r2, #5
 211              		.loc 1 521 11 view .LVU94
 212 0096 C3F88014 		str	r1, [r3, #1152]
 522:Core/Src/WS2812b_Core.c **** 	bitBand+=16;
 213              		.loc 1 522 2 is_stmt 1 view .LVU95
 214              	.LVL31:
 523:Core/Src/WS2812b_Core.c **** 
 524:Core/Src/WS2812b_Core.c **** 	*bitBand = (invBlue >> 4);
 215              		.loc 1 524 2 view .LVU96
 216              		.loc 1 524 22 is_stmt 0 view .LVU97
 217 009a 1109     		lsrs	r1, r2, #4
 218              		.loc 1 524 11 view .LVU98
ARM GAS  C:\Users\igorn\AppData\Local\Temp\cc020j7O.s 			page 14


 219 009c C3F8C014 		str	r1, [r3, #1216]
 525:Core/Src/WS2812b_Core.c **** 	bitBand+=16;
 220              		.loc 1 525 2 is_stmt 1 view .LVU99
 221              	.LVL32:
 526:Core/Src/WS2812b_Core.c **** 
 527:Core/Src/WS2812b_Core.c **** 	*bitBand = (invBlue >> 3);
 222              		.loc 1 527 2 view .LVU100
 223              		.loc 1 527 22 is_stmt 0 view .LVU101
 224 00a0 D108     		lsrs	r1, r2, #3
 225              		.loc 1 527 11 view .LVU102
 226 00a2 C3F80015 		str	r1, [r3, #1280]
 528:Core/Src/WS2812b_Core.c **** 	bitBand+=16;
 227              		.loc 1 528 2 is_stmt 1 view .LVU103
 228              	.LVL33:
 529:Core/Src/WS2812b_Core.c **** 
 530:Core/Src/WS2812b_Core.c **** 	*bitBand = (invBlue >> 2);
 229              		.loc 1 530 2 view .LVU104
 230              		.loc 1 530 22 is_stmt 0 view .LVU105
 231 00a6 9108     		lsrs	r1, r2, #2
 232              		.loc 1 530 11 view .LVU106
 233 00a8 C3F84015 		str	r1, [r3, #1344]
 531:Core/Src/WS2812b_Core.c **** 	bitBand+=16;
 234              		.loc 1 531 2 is_stmt 1 view .LVU107
 235              	.LVL34:
 532:Core/Src/WS2812b_Core.c **** 
 533:Core/Src/WS2812b_Core.c **** 	*bitBand = (invBlue >> 1);
 236              		.loc 1 533 2 view .LVU108
 237              		.loc 1 533 22 is_stmt 0 view .LVU109
 238 00ac 5108     		lsrs	r1, r2, #1
 239              		.loc 1 533 11 view .LVU110
 240 00ae C3F88015 		str	r1, [r3, #1408]
 534:Core/Src/WS2812b_Core.c **** 	bitBand+=16;
 241              		.loc 1 534 2 is_stmt 1 view .LVU111
 242              	.LVL35:
 535:Core/Src/WS2812b_Core.c **** 
 536:Core/Src/WS2812b_Core.c **** 	*bitBand = (invBlue >> 0);
 243              		.loc 1 536 2 view .LVU112
 244              		.loc 1 536 11 is_stmt 0 view .LVU113
 245 00b2 C3F8C025 		str	r2, [r3, #1472]
 537:Core/Src/WS2812b_Core.c **** 	bitBand+=16;
 246              		.loc 1 537 2 is_stmt 1 view .LVU114
 247              	.LVL36:
 538:Core/Src/WS2812b_Core.c **** 
 539:Core/Src/WS2812b_Core.c **** #elif defined(SETPIX_5)
 540:Core/Src/WS2812b_Core.c **** 
 541:Core/Src/WS2812b_Core.c **** 
 542:Core/Src/WS2812b_Core.c **** /* How many channels (strips) of LEDs we want to control. This must not exceed 16. */
 543:Core/Src/WS2812b_Core.c **** #define WS2812_NUM_CHANNELS     16
 544:Core/Src/WS2812b_Core.c **** 
 545:Core/Src/WS2812b_Core.c **** /* If all your channel framebuffers are the same size (ie, if each channel has the same number
 546:Core/Src/WS2812b_Core.c ****  * of pixels), you can set this to 1 to bypass some error checking. This will speed things up
 547:Core/Src/WS2812b_Core.c ****  * substantially, potentially allowing you to slow down your CPU and still meet the WS2812
 548:Core/Src/WS2812b_Core.c ****  * timing requirements. "If unsure, set this to 0".
 549:Core/Src/WS2812b_Core.c ****  */
 550:Core/Src/WS2812b_Core.c **** #define WS212_ALL_CHANNELS_SAME_LENGTH  0
 551:Core/Src/WS2812b_Core.c **** 
 552:Core/Src/WS2812b_Core.c **** /*
ARM GAS  C:\Users\igorn\AppData\Local\Temp\cc020j7O.s 			page 15


 553:Core/Src/WS2812b_Core.c ****  * We support up to 16 LED channels (that is, up to 16 distinct strips of LEDs.
 554:Core/Src/WS2812b_Core.c ****  * Channels must be used sequentially, but their GPIOs do not have to be sequential.
 555:Core/Src/WS2812b_Core.c ****  * Although all the LED strips must be on the same GPIO bank, the channel number does not
 556:Core/Src/WS2812b_Core.c ****  * necessarily have to match its GPIO number. This is useful if we want fewer than 16 channels,
 557:Core/Src/WS2812b_Core.c ****  * but we don't want them to start from GPIO 0.
 558:Core/Src/WS2812b_Core.c ****  *
 559:Core/Src/WS2812b_Core.c ****  * Change these assignments based on which strip you are wiring to which GPIO.
 560:Core/Src/WS2812b_Core.c ****  *
 561:Core/Src/WS2812b_Core.c ****  * To change the GPIO associated with each channel, modify the code below:
 562:Core/Src/WS2812b_Core.c ****  */
 563:Core/Src/WS2812b_Core.c **** #define WS2812_CH0_GPIO      0
 564:Core/Src/WS2812b_Core.c **** #define WS2812_CH1_GPIO      1
 565:Core/Src/WS2812b_Core.c **** #define WS2812_CH2_GPIO      2
 566:Core/Src/WS2812b_Core.c **** #define WS2812_CH3_GPIO      3
 567:Core/Src/WS2812b_Core.c **** #define WS2812_CH4_GPIO      4
 568:Core/Src/WS2812b_Core.c **** #define WS2812_CH5_GPIO      5
 569:Core/Src/WS2812b_Core.c **** #define WS2812_CH6_GPIO      6
 570:Core/Src/WS2812b_Core.c **** #define WS2812_CH7_GPIO      7
 571:Core/Src/WS2812b_Core.c **** #define WS2812_CH8_GPIO      8
 572:Core/Src/WS2812b_Core.c **** #define WS2812_CH9_GPIO      9
 573:Core/Src/WS2812b_Core.c **** #define WS2812_CH10_GPIO    10
 574:Core/Src/WS2812b_Core.c **** #define WS2812_CH11_GPIO    11
 575:Core/Src/WS2812b_Core.c **** #define WS2812_CH12_GPIO    12
 576:Core/Src/WS2812b_Core.c **** #define WS2812_CH13_GPIO    13
 577:Core/Src/WS2812b_Core.c **** #define WS2812_CH14_GPIO    14
 578:Core/Src/WS2812b_Core.c **** #define WS2812_CH15_GPIO    15
 579:Core/Src/WS2812b_Core.c **** 
 580:Core/Src/WS2812b_Core.c **** /*
 581:Core/Src/WS2812b_Core.c ****  * Unpack the bits of ch_val and pack them into the bit positions of cur0-cur7 that correspond to
 582:Core/Src/WS2812b_Core.c ****  * the given GPIO number. Later, cur0-cur7 will be DMAed directly to a register within our GPIO
 583:Core/Src/WS2812b_Core.c ****  * bank.
 584:Core/Src/WS2812b_Core.c ****  */
 585:Core/Src/WS2812b_Core.c **** #define UNPACK_CHANNEL(gpio_num)                    \
 586:Core/Src/WS2812b_Core.c ****     asm volatile (                                  \
 587:Core/Src/WS2812b_Core.c ****     "ubfx   r0, %[ch_val], #7, #1 \n"               \
 588:Core/Src/WS2812b_Core.c ****     "bfi    %[cur0], r0,   #" #gpio_num ", 1  \n"   \
 589:Core/Src/WS2812b_Core.c ****                                                     \
 590:Core/Src/WS2812b_Core.c ****     "ubfx   r0, %[ch_val], #6, #1 \n"               \
 591:Core/Src/WS2812b_Core.c ****     "bfi    %[cur1], r0,   #" #gpio_num ", 1  \n"   \
 592:Core/Src/WS2812b_Core.c ****                                                     \
 593:Core/Src/WS2812b_Core.c ****     "ubfx   r0, %[ch_val], #5, #1 \n"               \
 594:Core/Src/WS2812b_Core.c ****     "bfi    %[cur2], r0,   #" #gpio_num ", 1  \n"   \
 595:Core/Src/WS2812b_Core.c ****                                                     \
 596:Core/Src/WS2812b_Core.c ****     "ubfx   r0, %[ch_val], #4, #1 \n"               \
 597:Core/Src/WS2812b_Core.c ****     "bfi    %[cur3], r0,   #" #gpio_num ", 1  \n"   \
 598:Core/Src/WS2812b_Core.c ****                                                     \
 599:Core/Src/WS2812b_Core.c ****     "ubfx   r0, %[ch_val], #3, #1 \n"               \
 600:Core/Src/WS2812b_Core.c ****     "bfi    %[cur4], r0,   #" #gpio_num ", 1  \n"   \
 601:Core/Src/WS2812b_Core.c ****                                                     \
 602:Core/Src/WS2812b_Core.c ****     "ubfx   r0, %[ch_val], #2, #1 \n"               \
 603:Core/Src/WS2812b_Core.c ****     "bfi    %[cur5], r0,   #" #gpio_num ", 1  \n"   \
 604:Core/Src/WS2812b_Core.c ****                                                     \
 605:Core/Src/WS2812b_Core.c ****     "ubfx   r0, %[ch_val], #1, #1 \n"               \
 606:Core/Src/WS2812b_Core.c ****     "bfi    %[cur6], r0,   #" #gpio_num ", 1  \n"   \
 607:Core/Src/WS2812b_Core.c ****                                                     \
 608:Core/Src/WS2812b_Core.c ****     "ubfx   r0, %[ch_val], #0, #1 \n"               \
 609:Core/Src/WS2812b_Core.c ****     "bfi    %[cur7], r0,   #" #gpio_num ", 1  \n"   \
ARM GAS  C:\Users\igorn\AppData\Local\Temp\cc020j7O.s 			page 16


 610:Core/Src/WS2812b_Core.c ****                                                     \
 611:Core/Src/WS2812b_Core.c ****     : [cur0]"+r" (cur0),                            \
 612:Core/Src/WS2812b_Core.c ****         [cur1]"+r" (cur1),                          \
 613:Core/Src/WS2812b_Core.c ****         [cur2]"+r" (cur2),                          \
 614:Core/Src/WS2812b_Core.c ****         [cur3]"+r" (cur3),                          \
 615:Core/Src/WS2812b_Core.c ****         [cur4]"+r" (cur4),                          \
 616:Core/Src/WS2812b_Core.c ****         [cur5]"+r" (cur5),                          \
 617:Core/Src/WS2812b_Core.c ****         [cur6]"+r" (cur6),                          \
 618:Core/Src/WS2812b_Core.c ****         [cur7]"+r" (cur7)                           \
 619:Core/Src/WS2812b_Core.c ****     : [ch_val]"r" (ch_val)                          \
 620:Core/Src/WS2812b_Core.c ****     : "r0", "cc");  /* r0 is a temp variable */
 621:Core/Src/WS2812b_Core.c **** 
 622:Core/Src/WS2812b_Core.c **** 
 623:Core/Src/WS2812b_Core.c **** 
 624:Core/Src/WS2812b_Core.c **** /*
 625:Core/Src/WS2812b_Core.c ****  * Unpack the bits for one byte of one channel, and pack them into the bit positions of
 626:Core/Src/WS2812b_Core.c ****  * the cur0 - cur7 variables, corresponding to the GPIO number for that channel.
 627:Core/Src/WS2812b_Core.c ****  * The 'if' statement will be optimized away by the compiler, depending on how many channels
 628:Core/Src/WS2812b_Core.c ****  * are actually defined.
 629:Core/Src/WS2812b_Core.c ****  */
 630:Core/Src/WS2812b_Core.c **** #define HANDLE_CHANNEL(ch_num, gpio_num)                    \
 631:Core/Src/WS2812b_Core.c ****     if (ch_num < WS2812_NUM_CHANNELS) {                     \
 632:Core/Src/WS2812b_Core.c ****         ch_val = 0xaa; /*get_channel_byte(channels + ch_num, pos);*/  \
 633:Core/Src/WS2812b_Core.c ****         UNPACK_CHANNEL(gpio_num);                           \
 634:Core/Src/WS2812b_Core.c ****     }
 635:Core/Src/WS2812b_Core.c **** 
 636:Core/Src/WS2812b_Core.c **** 	uint8_t channel = row;
 637:Core/Src/WS2812b_Core.c **** 	uint16_t led_index = column;
 638:Core/Src/WS2812b_Core.c **** 
 639:Core/Src/WS2812b_Core.c **** 	register uint16_t cur0 = 0, cur1 = 0, cur2 = 0, cur3 = 0, cur4 = 0, cur5 = 0, cur6 = 0, cur7 = 0;
 640:Core/Src/WS2812b_Core.c **** 
 641:Core/Src/WS2812b_Core.c ****     uint8_t ch_val;
 642:Core/Src/WS2812b_Core.c ****     HANDLE_CHANNEL( 0, WS2812_CH0_GPIO);
 643:Core/Src/WS2812b_Core.c ****     HANDLE_CHANNEL( 1, WS2812_CH1_GPIO);
 644:Core/Src/WS2812b_Core.c ****     HANDLE_CHANNEL( 2, WS2812_CH2_GPIO);
 645:Core/Src/WS2812b_Core.c **** 
 646:Core/Src/WS2812b_Core.c **** 
 647:Core/Src/WS2812b_Core.c ****     /*
 648:Core/Src/WS2812b_Core.c ****      * Store the repacked bits in our DMA buffer, ready to be sent to the GPIO bit-reset register.
 649:Core/Src/WS2812b_Core.c ****      * cur0-cur7 represents bits0 - bits7 of all our channels. Each bit within curX is one channel.
 650:Core/Src/WS2812b_Core.c ****      */
 651:Core/Src/WS2812b_Core.c ****     ws2812bDmaBitBuffer[0] = cur0;
 652:Core/Src/WS2812b_Core.c ****     ws2812bDmaBitBuffer[1] = cur1;
 653:Core/Src/WS2812b_Core.c ****     ws2812bDmaBitBuffer[2] = cur2;
 654:Core/Src/WS2812b_Core.c ****     ws2812bDmaBitBuffer[3] = cur3;
 655:Core/Src/WS2812b_Core.c ****     ws2812bDmaBitBuffer[4] = cur4;
 656:Core/Src/WS2812b_Core.c ****     ws2812bDmaBitBuffer[5] = cur5;
 657:Core/Src/WS2812b_Core.c ****     ws2812bDmaBitBuffer[6] = cur6;
 658:Core/Src/WS2812b_Core.c ****     ws2812bDmaBitBuffer[7] = cur7;
 659:Core/Src/WS2812b_Core.c **** 
 660:Core/Src/WS2812b_Core.c **** #endif
 661:Core/Src/WS2812b_Core.c **** }
 248              		.loc 1 661 1 is_stmt 0 view .LVU115
 249 00b6 70BC     		pop	{r4, r5, r6}
 250              		.cfi_restore 6
 251              		.cfi_restore 5
 252              		.cfi_restore 4
ARM GAS  C:\Users\igorn\AppData\Local\Temp\cc020j7O.s 			page 17


 253              		.cfi_def_cfa_offset 0
 254              	.LVL37:
 255              		.loc 1 661 1 view .LVU116
 256 00b8 7047     		bx	lr
 257              	.L4:
 258 00ba 00BF     		.align	2
 259              	.L3:
 260 00bc 00000000 		.word	gammaTable
 261 00c0 00000000 		.word	ws2812bDmaBitBuffer
 262              		.cfi_endproc
 263              	.LFE77:
 265              		.section	.text.loadNextFramebufferData,"ax",%progbits
 266              		.align	1
 267              		.syntax unified
 268              		.thumb
 269              		.thumb_func
 271              	loadNextFramebufferData:
 272              	.LVL38:
 273              	.LFB71:
 210:Core/Src/WS2812b_Core.c **** 
 274              		.loc 1 210 1 is_stmt 1 view -0
 275              		.cfi_startproc
 276              		@ args = 0, pretend = 0, frame = 0
 277              		@ frame_needed = 0, uses_anonymous_args = 0
 210:Core/Src/WS2812b_Core.c **** 
 278              		.loc 1 210 1 is_stmt 0 view .LVU118
 279 0000 70B5     		push	{r4, r5, r6, lr}
 280              		.cfi_def_cfa_offset 16
 281              		.cfi_offset 4, -16
 282              		.cfi_offset 5, -12
 283              		.cfi_offset 6, -8
 284              		.cfi_offset 14, -4
 285 0002 82B0     		sub	sp, sp, #8
 286              		.cfi_def_cfa_offset 24
 212:Core/Src/WS2812b_Core.c **** 	uint32_t g = bItem->frameBufferPointer[bItem->frameBufferCounter++];
 287              		.loc 1 212 2 is_stmt 1 view .LVU119
 212:Core/Src/WS2812b_Core.c **** 	uint32_t g = bItem->frameBufferPointer[bItem->frameBufferCounter++];
 288              		.loc 1 212 20 is_stmt 0 view .LVU120
 289 0004 0568     		ldr	r5, [r0]
 212:Core/Src/WS2812b_Core.c **** 	uint32_t g = bItem->frameBufferPointer[bItem->frameBufferCounter++];
 290              		.loc 1 212 46 view .LVU121
 291 0006 8468     		ldr	r4, [r0, #8]
 212:Core/Src/WS2812b_Core.c **** 	uint32_t g = bItem->frameBufferPointer[bItem->frameBufferCounter++];
 292              		.loc 1 212 66 view .LVU122
 293 0008 631C     		adds	r3, r4, #1
 294 000a 8360     		str	r3, [r0, #8]
 212:Core/Src/WS2812b_Core.c **** 	uint32_t g = bItem->frameBufferPointer[bItem->frameBufferCounter++];
 295              		.loc 1 212 40 view .LVU123
 296 000c 2A5D     		ldrb	r2, [r5, r4]	@ zero_extendqisi2
 297              	.LVL39:
 213:Core/Src/WS2812b_Core.c **** 	uint32_t b = bItem->frameBufferPointer[bItem->frameBufferCounter++];
 298              		.loc 1 213 2 is_stmt 1 view .LVU124
 213:Core/Src/WS2812b_Core.c **** 	uint32_t b = bItem->frameBufferPointer[bItem->frameBufferCounter++];
 299              		.loc 1 213 66 is_stmt 0 view .LVU125
 300 000e A61C     		adds	r6, r4, #2
 301 0010 8660     		str	r6, [r0, #8]
 213:Core/Src/WS2812b_Core.c **** 	uint32_t b = bItem->frameBufferPointer[bItem->frameBufferCounter++];
ARM GAS  C:\Users\igorn\AppData\Local\Temp\cc020j7O.s 			page 18


 302              		.loc 1 213 40 view .LVU126
 303 0012 EB5C     		ldrb	r3, [r5, r3]	@ zero_extendqisi2
 304              	.LVL40:
 214:Core/Src/WS2812b_Core.c **** 
 305              		.loc 1 214 2 is_stmt 1 view .LVU127
 214:Core/Src/WS2812b_Core.c **** 
 306              		.loc 1 214 66 is_stmt 0 view .LVU128
 307 0014 0334     		adds	r4, r4, #3
 308 0016 8460     		str	r4, [r0, #8]
 214:Core/Src/WS2812b_Core.c **** 
 309              		.loc 1 214 40 view .LVU129
 310 0018 AD5D     		ldrb	r5, [r5, r6]	@ zero_extendqisi2
 311              	.LVL41:
 216:Core/Src/WS2812b_Core.c **** 		bItem->frameBufferCounter = 0;
 312              		.loc 1 216 2 is_stmt 1 view .LVU130
 216:Core/Src/WS2812b_Core.c **** 		bItem->frameBufferCounter = 0;
 313              		.loc 1 216 39 is_stmt 0 view .LVU131
 314 001a 4668     		ldr	r6, [r0, #4]
 216:Core/Src/WS2812b_Core.c **** 		bItem->frameBufferCounter = 0;
 315              		.loc 1 216 4 view .LVU132
 316 001c B442     		cmp	r4, r6
 317 001e 06D0     		beq	.L8
 318              	.L6:
 219:Core/Src/WS2812b_Core.c **** }
 319              		.loc 1 219 2 is_stmt 1 view .LVU133
 320 0020 0095     		str	r5, [sp]
 321 0022 89B2     		uxth	r1, r1
 322              	.LVL42:
 219:Core/Src/WS2812b_Core.c **** }
 323              		.loc 1 219 2 is_stmt 0 view .LVU134
 324 0024 007B     		ldrb	r0, [r0, #12]	@ zero_extendqisi2
 325              	.LVL43:
 219:Core/Src/WS2812b_Core.c **** }
 326              		.loc 1 219 2 view .LVU135
 327 0026 FFF7FEFF 		bl	ws2812b_set_pixel
 328              	.LVL44:
 220:Core/Src/WS2812b_Core.c **** 
 329              		.loc 1 220 1 view .LVU136
 330 002a 02B0     		add	sp, sp, #8
 331              		.cfi_remember_state
 332              		.cfi_def_cfa_offset 16
 333              		@ sp needed
 334 002c 70BD     		pop	{r4, r5, r6, pc}
 335              	.LVL45:
 336              	.L8:
 337              		.cfi_restore_state
 217:Core/Src/WS2812b_Core.c **** 
 338              		.loc 1 217 3 is_stmt 1 view .LVU137
 217:Core/Src/WS2812b_Core.c **** 
 339              		.loc 1 217 29 is_stmt 0 view .LVU138
 340 002e 0024     		movs	r4, #0
 341 0030 8460     		str	r4, [r0, #8]
 342 0032 F5E7     		b	.L6
 343              		.cfi_endproc
 344              	.LFE71:
 346              		.section	.text.DMA_TransferCompleteHandler,"ax",%progbits
 347              		.align	1
ARM GAS  C:\Users\igorn\AppData\Local\Temp\cc020j7O.s 			page 19


 348              		.global	DMA_TransferCompleteHandler
 349              		.syntax unified
 350              		.thumb
 351              		.thumb_func
 353              	DMA_TransferCompleteHandler:
 354              	.LVL46:
 355              	.LFB74:
 300:Core/Src/WS2812b_Core.c **** 	#if defined(LED5_PORT)
 356              		.loc 1 300 1 is_stmt 1 view -0
 357              		.cfi_startproc
 358              		@ args = 0, pretend = 0, frame = 0
 359              		@ frame_needed = 0, uses_anonymous_args = 0
 305:Core/Src/WS2812b_Core.c **** 
 360              		.loc 1 305 2 view .LVU140
 305:Core/Src/WS2812b_Core.c **** 
 361              		.loc 1 305 9 is_stmt 0 view .LVU141
 362 0000 204A     		ldr	r2, .L18
 363 0002 936C     		ldr	r3, [r2, #72]
 305:Core/Src/WS2812b_Core.c **** 
 364              		.loc 1 305 23 view .LVU142
 365 0004 0133     		adds	r3, r3, #1
 366 0006 9364     		str	r3, [r2, #72]
 307:Core/Src/WS2812b_Core.c **** 	{
 367              		.loc 1 307 2 is_stmt 1 view .LVU143
 307:Core/Src/WS2812b_Core.c **** 	{
 368              		.loc 1 307 4 is_stmt 0 view .LVU144
 369 0008 B3F5806F 		cmp	r3, #1024
 370 000c 02D0     		beq	.L17
 300:Core/Src/WS2812b_Core.c **** 	#if defined(LED5_PORT)
 371              		.loc 1 300 1 view .LVU145
 372 000e 10B5     		push	{r4, lr}
 373              		.cfi_def_cfa_offset 8
 374              		.cfi_offset 4, -8
 375              		.cfi_offset 14, -4
 376              	.LBB2:
 330:Core/Src/WS2812b_Core.c **** 		{
 377              		.loc 1 330 10 view .LVU146
 378 0010 0024     		movs	r4, #0
 379 0012 33E0     		b	.L10
 380              	.L17:
 381              		.cfi_def_cfa_offset 0
 382              		.cfi_restore 4
 383              		.cfi_restore 14
 384              	.LBE2:
 310:Core/Src/WS2812b_Core.c **** 
 385              		.loc 1 310 3 is_stmt 1 view .LVU147
 310:Core/Src/WS2812b_Core.c **** 
 386              		.loc 1 310 25 is_stmt 0 view .LVU148
 387 0014 1346     		mov	r3, r2
 388 0016 0022     		movs	r2, #0
 389 0018 9A64     		str	r2, [r3, #72]
 313:Core/Src/WS2812b_Core.c **** 		// Disable DMA
 390              		.loc 1 313 3 is_stmt 1 view .LVU149
 391 001a 1B4A     		ldr	r2, .L18+4
 392 001c 1168     		ldr	r1, [r2]
 393 001e CB68     		ldr	r3, [r1, #12]
 394 0020 43F00103 		orr	r3, r3, #1
ARM GAS  C:\Users\igorn\AppData\Local\Temp\cc020j7O.s 			page 20


 395 0024 CB60     		str	r3, [r1, #12]
 315:Core/Src/WS2812b_Core.c **** 		__HAL_DMA_DISABLE(&dmaCC1);
 396              		.loc 1 315 3 view .LVU150
 397 0026 194B     		ldr	r3, .L18+8
 398 0028 1968     		ldr	r1, [r3]
 399 002a 0B68     		ldr	r3, [r1]
 400 002c 23F00103 		bic	r3, r3, #1
 401 0030 0B60     		str	r3, [r1]
 316:Core/Src/WS2812b_Core.c **** 		__HAL_DMA_DISABLE(&dmaCC2);
 402              		.loc 1 316 3 view .LVU151
 403 0032 174B     		ldr	r3, .L18+12
 404 0034 1968     		ldr	r1, [r3]
 405 0036 0B68     		ldr	r3, [r1]
 406 0038 23F00103 		bic	r3, r3, #1
 407 003c 0B60     		str	r3, [r1]
 317:Core/Src/WS2812b_Core.c **** 
 408              		.loc 1 317 3 view .LVU152
 409 003e 154B     		ldr	r3, .L18+16
 410 0040 1968     		ldr	r1, [r3]
 411 0042 0B68     		ldr	r3, [r1]
 412 0044 23F00103 		bic	r3, r3, #1
 413 0048 0B60     		str	r3, [r1]
 320:Core/Src/WS2812b_Core.c **** 		__HAL_TIM_DISABLE_DMA(&Tim2Handle, TIM_DMA_CC1);
 414              		.loc 1 320 3 view .LVU153
 415 004a 1368     		ldr	r3, [r2]
 416 004c DA68     		ldr	r2, [r3, #12]
 417 004e 22F48072 		bic	r2, r2, #256
 418 0052 DA60     		str	r2, [r3, #12]
 321:Core/Src/WS2812b_Core.c **** 		__HAL_TIM_DISABLE_DMA(&Tim2Handle, TIM_DMA_CC2);
 419              		.loc 1 321 3 view .LVU154
 420 0054 DA68     		ldr	r2, [r3, #12]
 421 0056 22F40072 		bic	r2, r2, #512
 422 005a DA60     		str	r2, [r3, #12]
 322:Core/Src/WS2812b_Core.c **** 
 423              		.loc 1 322 3 view .LVU155
 424 005c DA68     		ldr	r2, [r3, #12]
 425 005e 22F48062 		bic	r2, r2, #1024
 426 0062 DA60     		str	r2, [r3, #12]
 325:Core/Src/WS2812b_Core.c **** 	} else {
 427              		.loc 1 325 3 view .LVU156
 325:Core/Src/WS2812b_Core.c **** 	} else {
 428              		.loc 1 325 37 is_stmt 0 view .LVU157
 429 0064 0C4B     		ldr	r3, .L18+20
 430 0066 1A68     		ldr	r2, [r3]
 325:Core/Src/WS2812b_Core.c **** 	} else {
 431              		.loc 1 325 22 view .LVU158
 432 0068 0C4B     		ldr	r3, .L18+24
 433 006a 1A61     		str	r2, [r3, #16]
 434 006c 7047     		bx	lr
 435              	.LVL47:
 436              	.L12:
 437              		.cfi_def_cfa_offset 8
 438              		.cfi_offset 4, -8
 439              		.cfi_offset 14, -4
 440              	.LBB3:
 332:Core/Src/WS2812b_Core.c **** 		}
 441              		.loc 1 332 4 is_stmt 1 discriminator 3 view .LVU159
ARM GAS  C:\Users\igorn\AppData\Local\Temp\cc020j7O.s 			page 21


 442 006e 0121     		movs	r1, #1
 443 0070 0448     		ldr	r0, .L18
 444 0072 00EB0410 		add	r0, r0, r4, lsl #4
 445 0076 FFF7FEFF 		bl	loadNextFramebufferData
 446              	.LVL48:
 330:Core/Src/WS2812b_Core.c **** 		{
 447              		.loc 1 330 41 discriminator 3 view .LVU160
 448 007a 0134     		adds	r4, r4, #1
 449              	.LVL49:
 450              	.L10:
 330:Core/Src/WS2812b_Core.c **** 		{
 451              		.loc 1 330 17 discriminator 1 view .LVU161
 452 007c 032C     		cmp	r4, #3
 453 007e F6D9     		bls	.L12
 454              	.LBE3:
 340:Core/Src/WS2812b_Core.c **** 
 455              		.loc 1 340 1 is_stmt 0 view .LVU162
 456 0080 10BD     		pop	{r4, pc}
 457              	.LVL50:
 458              	.L19:
 340:Core/Src/WS2812b_Core.c **** 
 459              		.loc 1 340 1 view .LVU163
 460 0082 00BF     		.align	2
 461              	.L18:
 462 0084 00000000 		.word	ws2812b
 463 0088 00000000 		.word	Tim2Handle
 464 008c 00000000 		.word	dmaUpdate
 465 0090 00000000 		.word	dmaCC1
 466 0094 00000000 		.word	dmaCC2
 467 0098 00000000 		.word	WS2812_IO_Low
 468 009c 00080140 		.word	1073809408
 469              		.cfi_endproc
 470              	.LFE74:
 472              		.section	.text.WS2812_sendbuf,"ax",%progbits
 473              		.align	1
 474              		.syntax unified
 475              		.thumb
 476              		.thumb_func
 478              	WS2812_sendbuf:
 479              	.LFB72:
 225:Core/Src/WS2812b_Core.c **** 	// transmission complete flag
 480              		.loc 1 225 1 is_stmt 1 view -0
 481              		.cfi_startproc
 482              		@ args = 0, pretend = 0, frame = 0
 483              		@ frame_needed = 0, uses_anonymous_args = 0
 484 0000 38B5     		push	{r3, r4, r5, lr}
 485              		.cfi_def_cfa_offset 16
 486              		.cfi_offset 3, -16
 487              		.cfi_offset 4, -12
 488              		.cfi_offset 5, -8
 489              		.cfi_offset 14, -4
 227:Core/Src/WS2812b_Core.c **** 
 490              		.loc 1 227 2 view .LVU165
 227:Core/Src/WS2812b_Core.c **** 
 491              		.loc 1 227 27 is_stmt 0 view .LVU166
 492 0002 0025     		movs	r5, #0
 493 0004 284B     		ldr	r3, .L24
ARM GAS  C:\Users\igorn\AppData\Local\Temp\cc020j7O.s 			page 22


 494 0006 83F84050 		strb	r5, [r3, #64]
 229:Core/Src/WS2812b_Core.c **** 
 495              		.loc 1 229 2 is_stmt 1 view .LVU167
 231:Core/Src/WS2812b_Core.c **** 	{
 496              		.loc 1 231 2 view .LVU168
 497              	.LVL51:
 231:Core/Src/WS2812b_Core.c **** 	{
 498              		.loc 1 231 2 is_stmt 0 view .LVU169
 499 000a 0CE0     		b	.L21
 500              	.LVL52:
 501              	.L22:
 233:Core/Src/WS2812b_Core.c **** 
 502              		.loc 1 233 3 is_stmt 1 discriminator 3 view .LVU170
 233:Core/Src/WS2812b_Core.c **** 
 503              		.loc 1 233 38 is_stmt 0 discriminator 3 view .LVU171
 504 000c 264C     		ldr	r4, .L24
 505 000e 04EB0514 		add	r4, r4, r5, lsl #4
 506 0012 0021     		movs	r1, #0
 507 0014 A160     		str	r1, [r4, #8]
 235:Core/Src/WS2812b_Core.c **** 		loadNextFramebufferData(&ws2812b.item[i], 1); // ROW 0
 508              		.loc 1 235 3 is_stmt 1 discriminator 3 view .LVU172
 509 0016 2046     		mov	r0, r4
 510 0018 FFF7FEFF 		bl	loadNextFramebufferData
 511              	.LVL53:
 236:Core/Src/WS2812b_Core.c **** 	}
 512              		.loc 1 236 3 discriminator 3 view .LVU173
 513 001c 0121     		movs	r1, #1
 514 001e 2046     		mov	r0, r4
 515 0020 FFF7FEFF 		bl	loadNextFramebufferData
 516              	.LVL54:
 231:Core/Src/WS2812b_Core.c **** 	{
 517              		.loc 1 231 40 discriminator 3 view .LVU174
 518 0024 0135     		adds	r5, r5, #1
 519              	.LVL55:
 520              	.L21:
 231:Core/Src/WS2812b_Core.c **** 	{
 521              		.loc 1 231 16 discriminator 1 view .LVU175
 522 0026 032D     		cmp	r5, #3
 523 0028 F0D9     		bls	.L22
 240:Core/Src/WS2812b_Core.c **** 	__HAL_DMA_CLEAR_FLAG(&dmaCC1, DMA_FLAG_TC5 | DMA_FLAG_HT5 | DMA_FLAG_TE5);
 524              		.loc 1 240 2 view .LVU176
 525 002a 204B     		ldr	r3, .L24+4
 526 002c E022     		movs	r2, #224
 527 002e 5A60     		str	r2, [r3, #4]
 241:Core/Src/WS2812b_Core.c **** 	__HAL_DMA_CLEAR_FLAG(&dmaCC2, DMA_FLAG_TC7 | DMA_FLAG_HT7 | DMA_FLAG_TE7);
 528              		.loc 1 241 2 view .LVU177
 529 0030 4FF46022 		mov	r2, #917504
 530 0034 5A60     		str	r2, [r3, #4]
 242:Core/Src/WS2812b_Core.c **** 
 531              		.loc 1 242 2 view .LVU178
 532 0036 4FF06062 		mov	r2, #234881024
 533 003a 5A60     		str	r2, [r3, #4]
 245:Core/Src/WS2812b_Core.c **** 	dmaCC1.Instance->CNDTR = BUFFER_SIZE;
 534              		.loc 1 245 2 view .LVU179
 245:Core/Src/WS2812b_Core.c **** 	dmaCC1.Instance->CNDTR = BUFFER_SIZE;
 535              		.loc 1 245 11 is_stmt 0 view .LVU180
 536 003c 1C4B     		ldr	r3, .L24+8
ARM GAS  C:\Users\igorn\AppData\Local\Temp\cc020j7O.s 			page 23


 537 003e 1B68     		ldr	r3, [r3]
 245:Core/Src/WS2812b_Core.c **** 	dmaCC1.Instance->CNDTR = BUFFER_SIZE;
 538              		.loc 1 245 28 view .LVU181
 539 0040 3022     		movs	r2, #48
 540 0042 5A60     		str	r2, [r3, #4]
 246:Core/Src/WS2812b_Core.c **** 	dmaCC2.Instance->CNDTR = BUFFER_SIZE;
 541              		.loc 1 246 2 is_stmt 1 view .LVU182
 246:Core/Src/WS2812b_Core.c **** 	dmaCC2.Instance->CNDTR = BUFFER_SIZE;
 542              		.loc 1 246 8 is_stmt 0 view .LVU183
 543 0044 1B4C     		ldr	r4, .L24+12
 544 0046 2168     		ldr	r1, [r4]
 246:Core/Src/WS2812b_Core.c **** 	dmaCC2.Instance->CNDTR = BUFFER_SIZE;
 545              		.loc 1 246 25 view .LVU184
 546 0048 4A60     		str	r2, [r1, #4]
 247:Core/Src/WS2812b_Core.c **** 
 547              		.loc 1 247 2 is_stmt 1 view .LVU185
 247:Core/Src/WS2812b_Core.c **** 
 548              		.loc 1 247 8 is_stmt 0 view .LVU186
 549 004a 1B48     		ldr	r0, .L24+16
 550 004c 0168     		ldr	r1, [r0]
 247:Core/Src/WS2812b_Core.c **** 
 551              		.loc 1 247 25 view .LVU187
 552 004e 4A60     		str	r2, [r1, #4]
 250:Core/Src/WS2812b_Core.c **** 
 553              		.loc 1 250 2 is_stmt 1 view .LVU188
 554 0050 1A49     		ldr	r1, .L24+20
 555 0052 0A68     		ldr	r2, [r1]
 556 0054 6FF01F05 		mvn	r5, #31
 557              	.LVL56:
 250:Core/Src/WS2812b_Core.c **** 
 558              		.loc 1 250 2 is_stmt 0 view .LVU189
 559 0058 1561     		str	r5, [r2, #16]
 253:Core/Src/WS2812b_Core.c **** 	__HAL_DMA_ENABLE(&dmaCC1);
 560              		.loc 1 253 2 is_stmt 1 view .LVU190
 561 005a 1A68     		ldr	r2, [r3]
 562 005c 42F00102 		orr	r2, r2, #1
 563 0060 1A60     		str	r2, [r3]
 254:Core/Src/WS2812b_Core.c **** 	__HAL_DMA_ENABLE(&dmaCC2);
 564              		.loc 1 254 2 view .LVU191
 565 0062 2268     		ldr	r2, [r4]
 566 0064 1368     		ldr	r3, [r2]
 567 0066 43F00103 		orr	r3, r3, #1
 568 006a 1360     		str	r3, [r2]
 255:Core/Src/WS2812b_Core.c **** 
 569              		.loc 1 255 2 view .LVU192
 570 006c 0268     		ldr	r2, [r0]
 571 006e 1368     		ldr	r3, [r2]
 572 0070 43F00103 		orr	r3, r3, #1
 573 0074 1360     		str	r3, [r2]
 258:Core/Src/WS2812b_Core.c **** 	__HAL_TIM_ENABLE_DMA(&Tim2Handle, TIM_DMA_CC1);
 574              		.loc 1 258 2 view .LVU193
 575 0076 0B68     		ldr	r3, [r1]
 576 0078 DA68     		ldr	r2, [r3, #12]
 577 007a 42F48072 		orr	r2, r2, #256
 578 007e DA60     		str	r2, [r3, #12]
 259:Core/Src/WS2812b_Core.c **** 	__HAL_TIM_ENABLE_DMA(&Tim2Handle, TIM_DMA_CC2);
 579              		.loc 1 259 2 view .LVU194
ARM GAS  C:\Users\igorn\AppData\Local\Temp\cc020j7O.s 			page 24


 580 0080 DA68     		ldr	r2, [r3, #12]
 581 0082 42F40072 		orr	r2, r2, #512
 582 0086 DA60     		str	r2, [r3, #12]
 260:Core/Src/WS2812b_Core.c **** 
 583              		.loc 1 260 2 view .LVU195
 584 0088 DA68     		ldr	r2, [r3, #12]
 585 008a 42F48062 		orr	r2, r2, #1024
 586 008e DA60     		str	r2, [r3, #12]
 262:Core/Src/WS2812b_Core.c **** 
 587              		.loc 1 262 2 view .LVU196
 262:Core/Src/WS2812b_Core.c **** 
 588              		.loc 1 262 24 is_stmt 0 view .LVU197
 589 0090 0B4A     		ldr	r2, .L24+24
 590 0092 1268     		ldr	r2, [r2]
 591 0094 013A     		subs	r2, r2, #1
 262:Core/Src/WS2812b_Core.c **** 
 592              		.loc 1 262 12 view .LVU198
 593 0096 4FF08041 		mov	r1, #1073741824
 594 009a 4A62     		str	r2, [r1, #36]
 265:Core/Src/WS2812b_Core.c **** }
 595              		.loc 1 265 2 is_stmt 1 view .LVU199
 596 009c 1A68     		ldr	r2, [r3]
 597 009e 42F00102 		orr	r2, r2, #1
 598 00a2 1A60     		str	r2, [r3]
 266:Core/Src/WS2812b_Core.c **** 
 599              		.loc 1 266 1 is_stmt 0 view .LVU200
 600 00a4 38BD     		pop	{r3, r4, r5, pc}
 601              	.L25:
 602 00a6 00BF     		.align	2
 603              	.L24:
 604 00a8 00000000 		.word	ws2812b
 605 00ac 00000240 		.word	1073872896
 606 00b0 00000000 		.word	dmaUpdate
 607 00b4 00000000 		.word	dmaCC1
 608 00b8 00000000 		.word	dmaCC2
 609 00bc 00000000 		.word	Tim2Handle
 610 00c0 00000000 		.word	tim_period
 611              		.cfi_endproc
 612              	.LFE72:
 614              		.section	.text.DMA_TransferHalfHandler,"ax",%progbits
 615              		.align	1
 616              		.global	DMA_TransferHalfHandler
 617              		.syntax unified
 618              		.thumb
 619              		.thumb_func
 621              	DMA_TransferHalfHandler:
 622              	.LVL57:
 623              	.LFB73:
 273:Core/Src/WS2812b_Core.c **** 	#if defined(LED4_PORT)
 624              		.loc 1 273 1 is_stmt 1 view -0
 625              		.cfi_startproc
 626              		@ args = 0, pretend = 0, frame = 0
 627              		@ frame_needed = 0, uses_anonymous_args = 0
 273:Core/Src/WS2812b_Core.c **** 	#if defined(LED4_PORT)
 628              		.loc 1 273 1 is_stmt 0 view .LVU202
 629 0000 10B5     		push	{r4, lr}
 630              		.cfi_def_cfa_offset 8
ARM GAS  C:\Users\igorn\AppData\Local\Temp\cc020j7O.s 			page 25


 631              		.cfi_offset 4, -8
 632              		.cfi_offset 14, -4
 633 0002 82B0     		sub	sp, sp, #8
 634              		.cfi_def_cfa_offset 16
 279:Core/Src/WS2812b_Core.c **** 	{
 635              		.loc 1 279 2 is_stmt 1 view .LVU203
 279:Core/Src/WS2812b_Core.c **** 	{
 636              		.loc 1 279 12 is_stmt 0 view .LVU204
 637 0004 0D4B     		ldr	r3, .L35
 638 0006 9A6C     		ldr	r2, [r3, #72]
 279:Core/Src/WS2812b_Core.c **** 	{
 639              		.loc 1 279 4 view .LVU205
 640 0008 40F2FF33 		movw	r3, #1023
 641 000c 9A42     		cmp	r2, r3
 642 000e 0CD0     		beq	.L34
 643              	.LBB4:
 283:Core/Src/WS2812b_Core.c **** 		{
 644              		.loc 1 283 10 view .LVU206
 645 0010 0024     		movs	r4, #0
 646 0012 06E0     		b	.L27
 647              	.LVL58:
 648              	.L29:
 285:Core/Src/WS2812b_Core.c **** 		}
 649              		.loc 1 285 4 is_stmt 1 discriminator 3 view .LVU207
 650 0014 0021     		movs	r1, #0
 651 0016 0948     		ldr	r0, .L35
 652 0018 00EB0410 		add	r0, r0, r4, lsl #4
 653 001c FFF7FEFF 		bl	loadNextFramebufferData
 654              	.LVL59:
 283:Core/Src/WS2812b_Core.c **** 		{
 655              		.loc 1 283 41 discriminator 3 view .LVU208
 656 0020 0134     		adds	r4, r4, #1
 657              	.LVL60:
 658              	.L27:
 283:Core/Src/WS2812b_Core.c **** 		{
 659              		.loc 1 283 17 discriminator 1 view .LVU209
 660 0022 032C     		cmp	r4, #3
 661 0024 F6D9     		bls	.L29
 662              	.LVL61:
 663              	.L26:
 283:Core/Src/WS2812b_Core.c **** 		{
 664              		.loc 1 283 17 is_stmt 0 discriminator 1 view .LVU210
 665              	.LBE4:
 297:Core/Src/WS2812b_Core.c **** 
 666              		.loc 1 297 1 view .LVU211
 667 0026 02B0     		add	sp, sp, #8
 668              		.cfi_remember_state
 669              		.cfi_def_cfa_offset 8
 670              		@ sp needed
 671 0028 10BD     		pop	{r4, pc}
 672              	.LVL62:
 673              	.L34:
 674              		.cfi_restore_state
 291:Core/Src/WS2812b_Core.c **** 	}
 675              		.loc 1 291 3 is_stmt 1 view .LVU212
 676 002a 0020     		movs	r0, #0
 677              	.LVL63:
ARM GAS  C:\Users\igorn\AppData\Local\Temp\cc020j7O.s 			page 26


 291:Core/Src/WS2812b_Core.c **** 	}
 678              		.loc 1 291 3 is_stmt 0 view .LVU213
 679 002c 0090     		str	r0, [sp]
 680 002e 0346     		mov	r3, r0
 681 0030 0246     		mov	r2, r0
 682 0032 0146     		mov	r1, r0
 683 0034 FFF7FEFF 		bl	ws2812b_set_pixel
 684              	.LVL64:
 297:Core/Src/WS2812b_Core.c **** 
 685              		.loc 1 297 1 view .LVU214
 686 0038 F5E7     		b	.L26
 687              	.L36:
 688 003a 00BF     		.align	2
 689              	.L35:
 690 003c 00000000 		.word	ws2812b
 691              		.cfi_endproc
 692              	.LFE73:
 694              		.section	.text.ws2812b_gpio_init,"ax",%progbits
 695              		.align	1
 696              		.syntax unified
 697              		.thumb
 698              		.thumb_func
 700              	ws2812b_gpio_init:
 701              	.LFB65:
  45:Core/Src/WS2812b_Core.c **** 	// WS2812B outputs
 702              		.loc 1 45 1 is_stmt 1 view -0
 703              		.cfi_startproc
 704              		@ args = 0, pretend = 0, frame = 24
 705              		@ frame_needed = 0, uses_anonymous_args = 0
 706 0000 00B5     		push	{lr}
 707              		.cfi_def_cfa_offset 4
 708              		.cfi_offset 14, -4
 709 0002 87B0     		sub	sp, sp, #28
 710              		.cfi_def_cfa_offset 32
  47:Core/Src/WS2812b_Core.c **** 	GPIO_InitTypeDef  GPIO_InitStruct;
 711              		.loc 1 47 2 view .LVU216
 712              	.LBB5:
  47:Core/Src/WS2812b_Core.c **** 	GPIO_InitTypeDef  GPIO_InitStruct;
 713              		.loc 1 47 2 view .LVU217
  47:Core/Src/WS2812b_Core.c **** 	GPIO_InitTypeDef  GPIO_InitStruct;
 714              		.loc 1 47 2 view .LVU218
 715 0004 0C4B     		ldr	r3, .L39
 716 0006 9A69     		ldr	r2, [r3, #24]
 717 0008 42F00402 		orr	r2, r2, #4
 718 000c 9A61     		str	r2, [r3, #24]
  47:Core/Src/WS2812b_Core.c **** 	GPIO_InitTypeDef  GPIO_InitStruct;
 719              		.loc 1 47 2 view .LVU219
 720 000e 9B69     		ldr	r3, [r3, #24]
 721 0010 03F00403 		and	r3, r3, #4
 722 0014 0193     		str	r3, [sp, #4]
  47:Core/Src/WS2812b_Core.c **** 	GPIO_InitTypeDef  GPIO_InitStruct;
 723              		.loc 1 47 2 view .LVU220
 724 0016 019B     		ldr	r3, [sp, #4]
 725              	.LBE5:
  47:Core/Src/WS2812b_Core.c **** 	GPIO_InitTypeDef  GPIO_InitStruct;
 726              		.loc 1 47 2 view .LVU221
  48:Core/Src/WS2812b_Core.c **** 	GPIO_InitStruct.Pin       = WS2812B_PINS;
ARM GAS  C:\Users\igorn\AppData\Local\Temp\cc020j7O.s 			page 27


 727              		.loc 1 48 2 view .LVU222
  49:Core/Src/WS2812b_Core.c **** 	GPIO_InitStruct.Mode      = GPIO_MODE_OUTPUT_PP;
 728              		.loc 1 49 2 view .LVU223
  49:Core/Src/WS2812b_Core.c **** 	GPIO_InitStruct.Mode      = GPIO_MODE_OUTPUT_PP;
 729              		.loc 1 49 28 is_stmt 0 view .LVU224
 730 0018 F023     		movs	r3, #240
 731 001a 0293     		str	r3, [sp, #8]
  50:Core/Src/WS2812b_Core.c **** 	GPIO_InitStruct.Pull      = GPIO_NOPULL;
 732              		.loc 1 50 2 is_stmt 1 view .LVU225
  50:Core/Src/WS2812b_Core.c **** 	GPIO_InitStruct.Pull      = GPIO_NOPULL;
 733              		.loc 1 50 28 is_stmt 0 view .LVU226
 734 001c 0123     		movs	r3, #1
 735 001e 0393     		str	r3, [sp, #12]
  51:Core/Src/WS2812b_Core.c **** 	GPIO_InitStruct.Speed     = GPIO_SPEED_FREQ_LOW;
 736              		.loc 1 51 2 is_stmt 1 view .LVU227
  51:Core/Src/WS2812b_Core.c **** 	GPIO_InitStruct.Speed     = GPIO_SPEED_FREQ_LOW;
 737              		.loc 1 51 28 is_stmt 0 view .LVU228
 738 0020 0023     		movs	r3, #0
 739 0022 0493     		str	r3, [sp, #16]
  52:Core/Src/WS2812b_Core.c **** 	HAL_GPIO_Init(WS2812B_PORT, &GPIO_InitStruct);
 740              		.loc 1 52 2 is_stmt 1 view .LVU229
  52:Core/Src/WS2812b_Core.c **** 	HAL_GPIO_Init(WS2812B_PORT, &GPIO_InitStruct);
 741              		.loc 1 52 28 is_stmt 0 view .LVU230
 742 0024 0223     		movs	r3, #2
 743 0026 0593     		str	r3, [sp, #20]
  53:Core/Src/WS2812b_Core.c **** 
 744              		.loc 1 53 2 is_stmt 1 view .LVU231
 745 0028 02A9     		add	r1, sp, #8
 746 002a 0448     		ldr	r0, .L39+4
 747 002c FFF7FEFF 		bl	HAL_GPIO_Init
 748              	.LVL65:
  66:Core/Src/WS2812b_Core.c **** 
 749              		.loc 1 66 1 is_stmt 0 view .LVU232
 750 0030 07B0     		add	sp, sp, #28
 751              		.cfi_def_cfa_offset 4
 752              		@ sp needed
 753 0032 5DF804FB 		ldr	pc, [sp], #4
 754              	.L40:
 755 0036 00BF     		.align	2
 756              	.L39:
 757 0038 00100240 		.word	1073876992
 758 003c 00080140 		.word	1073809408
 759              		.cfi_endproc
 760              	.LFE65:
 762              		.section	.text.DMA_init,"ax",%progbits
 763              		.align	1
 764              		.syntax unified
 765              		.thumb
 766              		.thumb_func
 768              	DMA_init:
 769              	.LFB67:
 126:Core/Src/WS2812b_Core.c **** 
 770              		.loc 1 126 1 is_stmt 1 view -0
 771              		.cfi_startproc
 772              		@ args = 0, pretend = 0, frame = 8
 773              		@ frame_needed = 0, uses_anonymous_args = 0
 774 0000 2DE9F04F 		push	{r4, r5, r6, r7, r8, r9, r10, fp, lr}
ARM GAS  C:\Users\igorn\AppData\Local\Temp\cc020j7O.s 			page 28


 775              		.cfi_def_cfa_offset 36
 776              		.cfi_offset 4, -36
 777              		.cfi_offset 5, -32
 778              		.cfi_offset 6, -28
 779              		.cfi_offset 7, -24
 780              		.cfi_offset 8, -20
 781              		.cfi_offset 9, -16
 782              		.cfi_offset 10, -12
 783              		.cfi_offset 11, -8
 784              		.cfi_offset 14, -4
 785 0004 83B0     		sub	sp, sp, #12
 786              		.cfi_def_cfa_offset 48
 129:Core/Src/WS2812b_Core.c **** 	dmaUpdate.Init.Direction = DMA_MEMORY_TO_PERIPH;
 787              		.loc 1 129 2 view .LVU234
 788              	.LBB6:
 129:Core/Src/WS2812b_Core.c **** 	dmaUpdate.Init.Direction = DMA_MEMORY_TO_PERIPH;
 789              		.loc 1 129 2 view .LVU235
 129:Core/Src/WS2812b_Core.c **** 	dmaUpdate.Init.Direction = DMA_MEMORY_TO_PERIPH;
 790              		.loc 1 129 2 view .LVU236
 791 0006 344B     		ldr	r3, .L43
 792 0008 5A69     		ldr	r2, [r3, #20]
 793 000a 42F00102 		orr	r2, r2, #1
 794 000e 5A61     		str	r2, [r3, #20]
 129:Core/Src/WS2812b_Core.c **** 	dmaUpdate.Init.Direction = DMA_MEMORY_TO_PERIPH;
 795              		.loc 1 129 2 view .LVU237
 796 0010 5B69     		ldr	r3, [r3, #20]
 797 0012 03F00103 		and	r3, r3, #1
 798 0016 0193     		str	r3, [sp, #4]
 129:Core/Src/WS2812b_Core.c **** 	dmaUpdate.Init.Direction = DMA_MEMORY_TO_PERIPH;
 799              		.loc 1 129 2 view .LVU238
 800 0018 019B     		ldr	r3, [sp, #4]
 801              	.LBE6:
 129:Core/Src/WS2812b_Core.c **** 	dmaUpdate.Init.Direction = DMA_MEMORY_TO_PERIPH;
 802              		.loc 1 129 2 view .LVU239
 130:Core/Src/WS2812b_Core.c **** 	dmaUpdate.Init.PeriphInc = DMA_PINC_DISABLE;
 803              		.loc 1 130 2 view .LVU240
 130:Core/Src/WS2812b_Core.c **** 	dmaUpdate.Init.PeriphInc = DMA_PINC_DISABLE;
 804              		.loc 1 130 27 is_stmt 0 view .LVU241
 805 001a 304C     		ldr	r4, .L43+4
 806 001c 4FF01009 		mov	r9, #16
 807 0020 C4F80490 		str	r9, [r4, #4]
 131:Core/Src/WS2812b_Core.c **** 	dmaUpdate.Init.MemInc = DMA_MINC_DISABLE;
 808              		.loc 1 131 2 is_stmt 1 view .LVU242
 131:Core/Src/WS2812b_Core.c **** 	dmaUpdate.Init.MemInc = DMA_MINC_DISABLE;
 809              		.loc 1 131 27 is_stmt 0 view .LVU243
 810 0024 0025     		movs	r5, #0
 811 0026 A560     		str	r5, [r4, #8]
 132:Core/Src/WS2812b_Core.c **** 	dmaUpdate.Init.PeriphDataAlignment = DMA_PDATAALIGN_WORD;
 812              		.loc 1 132 2 is_stmt 1 view .LVU244
 132:Core/Src/WS2812b_Core.c **** 	dmaUpdate.Init.PeriphDataAlignment = DMA_PDATAALIGN_WORD;
 813              		.loc 1 132 24 is_stmt 0 view .LVU245
 814 0028 E560     		str	r5, [r4, #12]
 133:Core/Src/WS2812b_Core.c **** 	dmaUpdate.Init.MemDataAlignment = DMA_MDATAALIGN_WORD;
 815              		.loc 1 133 2 is_stmt 1 view .LVU246
 133:Core/Src/WS2812b_Core.c **** 	dmaUpdate.Init.MemDataAlignment = DMA_MDATAALIGN_WORD;
 816              		.loc 1 133 37 is_stmt 0 view .LVU247
 817 002a 4FF40078 		mov	r8, #512
ARM GAS  C:\Users\igorn\AppData\Local\Temp\cc020j7O.s 			page 29


 818 002e C4F81080 		str	r8, [r4, #16]
 134:Core/Src/WS2812b_Core.c **** 	dmaUpdate.Init.Mode = DMA_CIRCULAR;
 819              		.loc 1 134 2 is_stmt 1 view .LVU248
 134:Core/Src/WS2812b_Core.c **** 	dmaUpdate.Init.Mode = DMA_CIRCULAR;
 820              		.loc 1 134 34 is_stmt 0 view .LVU249
 821 0032 4FF4006B 		mov	fp, #2048
 822 0036 C4F814B0 		str	fp, [r4, #20]
 135:Core/Src/WS2812b_Core.c **** 	dmaUpdate.Init.Priority = DMA_PRIORITY_VERY_HIGH;
 823              		.loc 1 135 2 is_stmt 1 view .LVU250
 135:Core/Src/WS2812b_Core.c **** 	dmaUpdate.Init.Priority = DMA_PRIORITY_VERY_HIGH;
 824              		.loc 1 135 22 is_stmt 0 view .LVU251
 825 003a 2027     		movs	r7, #32
 826 003c A761     		str	r7, [r4, #24]
 136:Core/Src/WS2812b_Core.c **** 	dmaUpdate.Instance = DMA1_Channel2;
 827              		.loc 1 136 2 is_stmt 1 view .LVU252
 136:Core/Src/WS2812b_Core.c **** 	dmaUpdate.Instance = DMA1_Channel2;
 828              		.loc 1 136 26 is_stmt 0 view .LVU253
 829 003e 4FF44056 		mov	r6, #12288
 830 0042 E661     		str	r6, [r4, #28]
 137:Core/Src/WS2812b_Core.c **** 	//dmaUpdate.XferCpltCallback  = TransferComplete;
 831              		.loc 1 137 2 is_stmt 1 view .LVU254
 137:Core/Src/WS2812b_Core.c **** 	//dmaUpdate.XferCpltCallback  = TransferComplete;
 832              		.loc 1 137 21 is_stmt 0 view .LVU255
 833 0044 264B     		ldr	r3, .L43+8
 834 0046 2360     		str	r3, [r4]
 140:Core/Src/WS2812b_Core.c **** 	//HAL_NVIC_SetPriority(DMA1_Channel2_IRQn, 0, 0);
 835              		.loc 1 140 2 is_stmt 1 view .LVU256
 836 0048 2046     		mov	r0, r4
 837 004a FFF7FEFF 		bl	HAL_DMA_Init
 838              	.LVL66:
 143:Core/Src/WS2812b_Core.c **** 
 839              		.loc 1 143 2 view .LVU257
 840 004e DFF894A0 		ldr	r10, .L43+12
 841 0052 3023     		movs	r3, #48
 842 0054 5246     		mov	r2, r10
 843 0056 2449     		ldr	r1, .L43+16
 844 0058 2046     		mov	r0, r4
 845 005a FFF7FEFF 		bl	HAL_DMA_Start
 846              	.LVL67:
 147:Core/Src/WS2812b_Core.c **** 	dmaCC1.Init.PeriphInc = DMA_PINC_DISABLE;
 847              		.loc 1 147 2 view .LVU258
 147:Core/Src/WS2812b_Core.c **** 	dmaCC1.Init.PeriphInc = DMA_PINC_DISABLE;
 848              		.loc 1 147 24 is_stmt 0 view .LVU259
 849 005e 234C     		ldr	r4, .L43+20
 850 0060 C4F80490 		str	r9, [r4, #4]
 148:Core/Src/WS2812b_Core.c **** 	dmaCC1.Init.MemInc = DMA_MINC_ENABLE;
 851              		.loc 1 148 2 is_stmt 1 view .LVU260
 148:Core/Src/WS2812b_Core.c **** 	dmaCC1.Init.MemInc = DMA_MINC_ENABLE;
 852              		.loc 1 148 24 is_stmt 0 view .LVU261
 853 0064 A560     		str	r5, [r4, #8]
 149:Core/Src/WS2812b_Core.c **** 	dmaCC1.Init.PeriphDataAlignment = DMA_PDATAALIGN_WORD;
 854              		.loc 1 149 2 is_stmt 1 view .LVU262
 149:Core/Src/WS2812b_Core.c **** 	dmaCC1.Init.PeriphDataAlignment = DMA_PDATAALIGN_WORD;
 855              		.loc 1 149 21 is_stmt 0 view .LVU263
 856 0066 8023     		movs	r3, #128
 857 0068 E360     		str	r3, [r4, #12]
 150:Core/Src/WS2812b_Core.c **** 	dmaCC1.Init.MemDataAlignment = DMA_MDATAALIGN_HALFWORD;
ARM GAS  C:\Users\igorn\AppData\Local\Temp\cc020j7O.s 			page 30


 858              		.loc 1 150 2 is_stmt 1 view .LVU264
 150:Core/Src/WS2812b_Core.c **** 	dmaCC1.Init.MemDataAlignment = DMA_MDATAALIGN_HALFWORD;
 859              		.loc 1 150 34 is_stmt 0 view .LVU265
 860 006a C4F81080 		str	r8, [r4, #16]
 151:Core/Src/WS2812b_Core.c **** 	dmaCC1.Init.Mode = DMA_CIRCULAR;
 861              		.loc 1 151 2 is_stmt 1 view .LVU266
 151:Core/Src/WS2812b_Core.c **** 	dmaCC1.Init.Mode = DMA_CIRCULAR;
 862              		.loc 1 151 31 is_stmt 0 view .LVU267
 863 006e 4FF48063 		mov	r3, #1024
 864 0072 6361     		str	r3, [r4, #20]
 152:Core/Src/WS2812b_Core.c **** 	dmaCC1.Init.Priority = DMA_PRIORITY_VERY_HIGH;
 865              		.loc 1 152 2 is_stmt 1 view .LVU268
 152:Core/Src/WS2812b_Core.c **** 	dmaCC1.Init.Priority = DMA_PRIORITY_VERY_HIGH;
 866              		.loc 1 152 19 is_stmt 0 view .LVU269
 867 0074 A761     		str	r7, [r4, #24]
 153:Core/Src/WS2812b_Core.c **** 	dmaCC1.Instance = DMA1_Channel5;
 868              		.loc 1 153 2 is_stmt 1 view .LVU270
 153:Core/Src/WS2812b_Core.c **** 	dmaCC1.Instance = DMA1_Channel5;
 869              		.loc 1 153 23 is_stmt 0 view .LVU271
 870 0076 E661     		str	r6, [r4, #28]
 154:Core/Src/WS2812b_Core.c **** 	//dmaUpdate.XferCpltCallback  = TransferComplete;
 871              		.loc 1 154 2 is_stmt 1 view .LVU272
 154:Core/Src/WS2812b_Core.c **** 	//dmaUpdate.XferCpltCallback  = TransferComplete;
 872              		.loc 1 154 18 is_stmt 0 view .LVU273
 873 0078 1D4B     		ldr	r3, .L43+24
 874 007a 2360     		str	r3, [r4]
 160:Core/Src/WS2812b_Core.c **** 	HAL_DMA_Start(&dmaCC1, (uint32_t)ws2812bDmaBitBuffer, (uint32_t)&WS2812B_PORT->BRR, BUFFER_SIZE);
 875              		.loc 1 160 2 is_stmt 1 view .LVU274
 876 007c 2046     		mov	r0, r4
 877 007e FFF7FEFF 		bl	HAL_DMA_Init
 878              	.LVL68:
 161:Core/Src/WS2812b_Core.c **** 
 879              		.loc 1 161 2 view .LVU275
 880 0082 3023     		movs	r3, #48
 881 0084 1B4A     		ldr	r2, .L43+28
 882 0086 1C49     		ldr	r1, .L43+32
 883 0088 2046     		mov	r0, r4
 884 008a FFF7FEFF 		bl	HAL_DMA_Start
 885              	.LVL69:
 165:Core/Src/WS2812b_Core.c **** 	dmaCC2.Init.PeriphInc = DMA_PINC_DISABLE;
 886              		.loc 1 165 2 view .LVU276
 165:Core/Src/WS2812b_Core.c **** 	dmaCC2.Init.PeriphInc = DMA_PINC_DISABLE;
 887              		.loc 1 165 24 is_stmt 0 view .LVU277
 888 008e 1B4C     		ldr	r4, .L43+36
 889 0090 C4F80490 		str	r9, [r4, #4]
 166:Core/Src/WS2812b_Core.c **** 	dmaCC2.Init.MemInc = DMA_MINC_DISABLE;
 890              		.loc 1 166 2 is_stmt 1 view .LVU278
 166:Core/Src/WS2812b_Core.c **** 	dmaCC2.Init.MemInc = DMA_MINC_DISABLE;
 891              		.loc 1 166 24 is_stmt 0 view .LVU279
 892 0094 A560     		str	r5, [r4, #8]
 167:Core/Src/WS2812b_Core.c **** 	dmaCC2.Init.PeriphDataAlignment = DMA_PDATAALIGN_WORD;
 893              		.loc 1 167 2 is_stmt 1 view .LVU280
 167:Core/Src/WS2812b_Core.c **** 	dmaCC2.Init.PeriphDataAlignment = DMA_PDATAALIGN_WORD;
 894              		.loc 1 167 21 is_stmt 0 view .LVU281
 895 0096 E560     		str	r5, [r4, #12]
 168:Core/Src/WS2812b_Core.c **** 	dmaCC2.Init.MemDataAlignment = DMA_MDATAALIGN_WORD;
 896              		.loc 1 168 2 is_stmt 1 view .LVU282
ARM GAS  C:\Users\igorn\AppData\Local\Temp\cc020j7O.s 			page 31


 168:Core/Src/WS2812b_Core.c **** 	dmaCC2.Init.MemDataAlignment = DMA_MDATAALIGN_WORD;
 897              		.loc 1 168 34 is_stmt 0 view .LVU283
 898 0098 C4F81080 		str	r8, [r4, #16]
 169:Core/Src/WS2812b_Core.c **** 	dmaCC2.Init.Mode = DMA_CIRCULAR;
 899              		.loc 1 169 2 is_stmt 1 view .LVU284
 169:Core/Src/WS2812b_Core.c **** 	dmaCC2.Init.Mode = DMA_CIRCULAR;
 900              		.loc 1 169 31 is_stmt 0 view .LVU285
 901 009c C4F814B0 		str	fp, [r4, #20]
 170:Core/Src/WS2812b_Core.c **** 	dmaCC2.Init.Priority = DMA_PRIORITY_VERY_HIGH;
 902              		.loc 1 170 2 is_stmt 1 view .LVU286
 170:Core/Src/WS2812b_Core.c **** 	dmaCC2.Init.Priority = DMA_PRIORITY_VERY_HIGH;
 903              		.loc 1 170 19 is_stmt 0 view .LVU287
 904 00a0 A761     		str	r7, [r4, #24]
 171:Core/Src/WS2812b_Core.c **** 	dmaCC2.Instance = DMA1_Channel7;
 905              		.loc 1 171 2 is_stmt 1 view .LVU288
 171:Core/Src/WS2812b_Core.c **** 	dmaCC2.Instance = DMA1_Channel7;
 906              		.loc 1 171 23 is_stmt 0 view .LVU289
 907 00a2 E661     		str	r6, [r4, #28]
 172:Core/Src/WS2812b_Core.c **** 
 908              		.loc 1 172 2 is_stmt 1 view .LVU290
 172:Core/Src/WS2812b_Core.c **** 
 909              		.loc 1 172 18 is_stmt 0 view .LVU291
 910 00a4 164B     		ldr	r3, .L43+40
 911 00a6 2360     		str	r3, [r4]
 175:Core/Src/WS2812b_Core.c **** 
 912              		.loc 1 175 2 is_stmt 1 view .LVU292
 913 00a8 2046     		mov	r0, r4
 914 00aa FFF7FEFF 		bl	HAL_DMA_Init
 915              	.LVL70:
 178:Core/Src/WS2812b_Core.c **** 	dmaCC2.XferHalfCpltCallback = DMA_TransferHalfHandler;
 916              		.loc 1 178 2 view .LVU293
 178:Core/Src/WS2812b_Core.c **** 	dmaCC2.XferHalfCpltCallback = DMA_TransferHalfHandler;
 917              		.loc 1 178 27 is_stmt 0 view .LVU294
 918 00ae 154B     		ldr	r3, .L43+44
 919 00b0 A362     		str	r3, [r4, #40]
 179:Core/Src/WS2812b_Core.c **** 	//dmaUpdate.XferErrorCallback = TransferError;
 920              		.loc 1 179 2 is_stmt 1 view .LVU295
 179:Core/Src/WS2812b_Core.c **** 	//dmaUpdate.XferErrorCallback = TransferError;
 921              		.loc 1 179 30 is_stmt 0 view .LVU296
 922 00b2 154B     		ldr	r3, .L43+48
 923 00b4 E362     		str	r3, [r4, #44]
 182:Core/Src/WS2812b_Core.c **** 	HAL_NVIC_EnableIRQ(DMA1_Channel7_IRQn);
 924              		.loc 1 182 2 is_stmt 1 view .LVU297
 925 00b6 2A46     		mov	r2, r5
 926 00b8 2946     		mov	r1, r5
 927 00ba 1120     		movs	r0, #17
 928 00bc FFF7FEFF 		bl	HAL_NVIC_SetPriority
 929              	.LVL71:
 183:Core/Src/WS2812b_Core.c **** 	HAL_DMA_Start_IT(&dmaCC2, (uint32_t)WS2812_IO_Low, (uint32_t)&WS2812B_PORT->BSRR, BUFFER_SIZE);
 930              		.loc 1 183 2 view .LVU298
 931 00c0 1120     		movs	r0, #17
 932 00c2 FFF7FEFF 		bl	HAL_NVIC_EnableIRQ
 933              	.LVL72:
 184:Core/Src/WS2812b_Core.c **** 
 934              		.loc 1 184 2 view .LVU299
 935 00c6 3023     		movs	r3, #48
 936 00c8 5246     		mov	r2, r10
ARM GAS  C:\Users\igorn\AppData\Local\Temp\cc020j7O.s 			page 32


 937 00ca 1049     		ldr	r1, .L43+52
 938 00cc 2046     		mov	r0, r4
 939 00ce FFF7FEFF 		bl	HAL_DMA_Start_IT
 940              	.LVL73:
 186:Core/Src/WS2812b_Core.c **** 
 941              		.loc 1 186 1 is_stmt 0 view .LVU300
 942 00d2 03B0     		add	sp, sp, #12
 943              		.cfi_def_cfa_offset 36
 944              		@ sp needed
 945 00d4 BDE8F08F 		pop	{r4, r5, r6, r7, r8, r9, r10, fp, pc}
 946              	.L44:
 947              		.align	2
 948              	.L43:
 949 00d8 00100240 		.word	1073876992
 950 00dc 00000000 		.word	dmaUpdate
 951 00e0 1C000240 		.word	1073872924
 952 00e4 10080140 		.word	1073809424
 953 00e8 00000000 		.word	WS2812_IO_High
 954 00ec 00000000 		.word	dmaCC1
 955 00f0 58000240 		.word	1073872984
 956 00f4 14080140 		.word	1073809428
 957 00f8 00000000 		.word	ws2812bDmaBitBuffer
 958 00fc 00000000 		.word	dmaCC2
 959 0100 80000240 		.word	1073873024
 960 0104 00000000 		.word	DMA_TransferCompleteHandler
 961 0108 00000000 		.word	DMA_TransferHalfHandler
 962 010c 00000000 		.word	WS2812_IO_Low
 963              		.cfi_endproc
 964              	.LFE67:
 966              		.section	.text.TIM2_init,"ax",%progbits
 967              		.align	1
 968              		.syntax unified
 969              		.thumb
 970              		.thumb_func
 972              	TIM2_init:
 973              	.LFB66:
  74:Core/Src/WS2812b_Core.c **** 	// TIM2 Periph clock enable
 974              		.loc 1 74 1 is_stmt 1 view -0
 975              		.cfi_startproc
 976              		@ args = 0, pretend = 0, frame = 8
 977              		@ frame_needed = 0, uses_anonymous_args = 0
 978 0000 2DE9F041 		push	{r4, r5, r6, r7, r8, lr}
 979              		.cfi_def_cfa_offset 24
 980              		.cfi_offset 4, -24
 981              		.cfi_offset 5, -20
 982              		.cfi_offset 6, -16
 983              		.cfi_offset 7, -12
 984              		.cfi_offset 8, -8
 985              		.cfi_offset 14, -4
 986 0004 82B0     		sub	sp, sp, #8
 987              		.cfi_def_cfa_offset 32
  76:Core/Src/WS2812b_Core.c **** 
 988              		.loc 1 76 2 view .LVU302
 989              	.LBB7:
  76:Core/Src/WS2812b_Core.c **** 
 990              		.loc 1 76 2 view .LVU303
  76:Core/Src/WS2812b_Core.c **** 
ARM GAS  C:\Users\igorn\AppData\Local\Temp\cc020j7O.s 			page 33


 991              		.loc 1 76 2 view .LVU304
 992 0006 2B4B     		ldr	r3, .L47
 993 0008 DA69     		ldr	r2, [r3, #28]
 994 000a 42F00102 		orr	r2, r2, #1
 995 000e DA61     		str	r2, [r3, #28]
  76:Core/Src/WS2812b_Core.c **** 
 996              		.loc 1 76 2 view .LVU305
 997 0010 DB69     		ldr	r3, [r3, #28]
 998 0012 03F00103 		and	r3, r3, #1
 999 0016 0193     		str	r3, [sp, #4]
  76:Core/Src/WS2812b_Core.c **** 
 1000              		.loc 1 76 2 view .LVU306
 1001 0018 019B     		ldr	r3, [sp, #4]
 1002              	.LBE7:
  76:Core/Src/WS2812b_Core.c **** 
 1003              		.loc 1 76 2 view .LVU307
  80:Core/Src/WS2812b_Core.c **** 	uint32_t cc1 = (10 * tim_period) / 36;
 1004              		.loc 1 80 2 view .LVU308
  80:Core/Src/WS2812b_Core.c **** 	uint32_t cc1 = (10 * tim_period) / 36;
 1005              		.loc 1 80 32 is_stmt 0 view .LVU309
 1006 001a 274B     		ldr	r3, .L47+4
 1007 001c 1B68     		ldr	r3, [r3]
 1008 001e 1B0A     		lsrs	r3, r3, #8
 1009 0020 264A     		ldr	r2, .L47+8
 1010 0022 A2FB0323 		umull	r2, r3, r2, r3
 1011 0026 1B09     		lsrs	r3, r3, #4
  80:Core/Src/WS2812b_Core.c **** 	uint32_t cc1 = (10 * tim_period) / 36;
 1012              		.loc 1 80 13 view .LVU310
 1013 0028 254A     		ldr	r2, .L47+12
 1014 002a 1360     		str	r3, [r2]
  81:Core/Src/WS2812b_Core.c **** 	uint32_t cc2 = (10 * tim_period) / 15;
 1015              		.loc 1 81 2 is_stmt 1 view .LVU311
  81:Core/Src/WS2812b_Core.c **** 	uint32_t cc2 = (10 * tim_period) / 15;
 1016              		.loc 1 81 21 is_stmt 0 view .LVU312
 1017 002c 03EB8301 		add	r1, r3, r3, lsl #2
 1018 0030 4A00     		lsls	r2, r1, #1
  81:Core/Src/WS2812b_Core.c **** 	uint32_t cc2 = (10 * tim_period) / 15;
 1019              		.loc 1 81 11 view .LVU313
 1020 0032 244F     		ldr	r7, .L47+16
 1021 0034 A7FB0217 		umull	r1, r7, r7, r2
 1022 0038 FF08     		lsrs	r7, r7, #3
 1023              	.LVL74:
  82:Core/Src/WS2812b_Core.c **** 
 1024              		.loc 1 82 2 is_stmt 1 view .LVU314
  82:Core/Src/WS2812b_Core.c **** 
 1025              		.loc 1 82 11 is_stmt 0 view .LVU315
 1026 003a 2349     		ldr	r1, .L47+20
 1027 003c A1FB0212 		umull	r1, r2, r1, r2
 1028 0040 D608     		lsrs	r6, r2, #3
 1029              	.LVL75:
  84:Core/Src/WS2812b_Core.c **** 
 1030              		.loc 1 84 2 is_stmt 1 view .LVU316
  84:Core/Src/WS2812b_Core.c **** 
 1031              		.loc 1 84 22 is_stmt 0 view .LVU317
 1032 0042 224D     		ldr	r5, .L47+24
 1033 0044 4FF08042 		mov	r2, #1073741824
 1034 0048 2A60     		str	r2, [r5]
ARM GAS  C:\Users\igorn\AppData\Local\Temp\cc020j7O.s 			page 34


  86:Core/Src/WS2812b_Core.c **** 	Tim2Handle.Init.RepetitionCounter = 0;
 1035              		.loc 1 86 2 is_stmt 1 view .LVU318
  86:Core/Src/WS2812b_Core.c **** 	Tim2Handle.Init.RepetitionCounter = 0;
 1036              		.loc 1 86 36 is_stmt 0 view .LVU319
 1037 004a EB60     		str	r3, [r5, #12]
  87:Core/Src/WS2812b_Core.c **** 	Tim2Handle.Init.Prescaler         = 0;
 1038              		.loc 1 87 2 is_stmt 1 view .LVU320
  87:Core/Src/WS2812b_Core.c **** 	Tim2Handle.Init.Prescaler         = 0;
 1039              		.loc 1 87 36 is_stmt 0 view .LVU321
 1040 004c 0024     		movs	r4, #0
 1041 004e 6C61     		str	r4, [r5, #20]
  88:Core/Src/WS2812b_Core.c **** 	Tim2Handle.Init.ClockDivision     = TIM_CLOCKDIVISION_DIV1;
 1042              		.loc 1 88 2 is_stmt 1 view .LVU322
  88:Core/Src/WS2812b_Core.c **** 	Tim2Handle.Init.ClockDivision     = TIM_CLOCKDIVISION_DIV1;
 1043              		.loc 1 88 36 is_stmt 0 view .LVU323
 1044 0050 6C60     		str	r4, [r5, #4]
  89:Core/Src/WS2812b_Core.c **** 	Tim2Handle.Init.CounterMode       = TIM_COUNTERMODE_UP;
 1045              		.loc 1 89 2 is_stmt 1 view .LVU324
  89:Core/Src/WS2812b_Core.c **** 	Tim2Handle.Init.CounterMode       = TIM_COUNTERMODE_UP;
 1046              		.loc 1 89 36 is_stmt 0 view .LVU325
 1047 0052 2C61     		str	r4, [r5, #16]
  90:Core/Src/WS2812b_Core.c **** 	HAL_TIM_PWM_Init(&Tim2Handle);
 1048              		.loc 1 90 2 is_stmt 1 view .LVU326
  90:Core/Src/WS2812b_Core.c **** 	HAL_TIM_PWM_Init(&Tim2Handle);
 1049              		.loc 1 90 36 is_stmt 0 view .LVU327
 1050 0054 AC60     		str	r4, [r5, #8]
  91:Core/Src/WS2812b_Core.c **** 
 1051              		.loc 1 91 2 is_stmt 1 view .LVU328
 1052 0056 2846     		mov	r0, r5
 1053 0058 FFF7FEFF 		bl	HAL_TIM_PWM_Init
 1054              	.LVL76:
  93:Core/Src/WS2812b_Core.c **** 	HAL_NVIC_EnableIRQ(TIM2_IRQn);
 1055              		.loc 1 93 2 view .LVU329
 1056 005c 2246     		mov	r2, r4
 1057 005e 2146     		mov	r1, r4
 1058 0060 1C20     		movs	r0, #28
 1059 0062 FFF7FEFF 		bl	HAL_NVIC_SetPriority
 1060              	.LVL77:
  94:Core/Src/WS2812b_Core.c **** 
 1061              		.loc 1 94 2 view .LVU330
 1062 0066 1C20     		movs	r0, #28
 1063 0068 FFF7FEFF 		bl	HAL_NVIC_EnableIRQ
 1064              	.LVL78:
  96:Core/Src/WS2812b_Core.c **** 	tim2OC1.OCPolarity   = TIM_OCPOLARITY_HIGH;
 1065              		.loc 1 96 2 view .LVU331
  96:Core/Src/WS2812b_Core.c **** 	tim2OC1.OCPolarity   = TIM_OCPOLARITY_HIGH;
 1066              		.loc 1 96 23 is_stmt 0 view .LVU332
 1067 006c 1849     		ldr	r1, .L47+28
 1068 006e 4FF06008 		mov	r8, #96
 1069 0072 C1F80080 		str	r8, [r1]
  97:Core/Src/WS2812b_Core.c **** 	tim2OC1.Pulse        = cc1;
 1070              		.loc 1 97 2 is_stmt 1 view .LVU333
  97:Core/Src/WS2812b_Core.c **** 	tim2OC1.Pulse        = cc1;
 1071              		.loc 1 97 23 is_stmt 0 view .LVU334
 1072 0076 8C60     		str	r4, [r1, #8]
  98:Core/Src/WS2812b_Core.c **** 	tim2OC1.OCNPolarity  = TIM_OCNPOLARITY_HIGH;
 1073              		.loc 1 98 2 is_stmt 1 view .LVU335
ARM GAS  C:\Users\igorn\AppData\Local\Temp\cc020j7O.s 			page 35


  98:Core/Src/WS2812b_Core.c **** 	tim2OC1.OCNPolarity  = TIM_OCNPOLARITY_HIGH;
 1074              		.loc 1 98 23 is_stmt 0 view .LVU336
 1075 0078 4F60     		str	r7, [r1, #4]
  99:Core/Src/WS2812b_Core.c **** 	tim2OC1.OCFastMode   = TIM_OCFAST_DISABLE;
 1076              		.loc 1 99 2 is_stmt 1 view .LVU337
  99:Core/Src/WS2812b_Core.c **** 	tim2OC1.OCFastMode   = TIM_OCFAST_DISABLE;
 1077              		.loc 1 99 23 is_stmt 0 view .LVU338
 1078 007a CC60     		str	r4, [r1, #12]
 100:Core/Src/WS2812b_Core.c **** 	HAL_TIM_PWM_ConfigChannel(&Tim2Handle, &tim2OC1, TIM_CHANNEL_1);
 1079              		.loc 1 100 2 is_stmt 1 view .LVU339
 100:Core/Src/WS2812b_Core.c **** 	HAL_TIM_PWM_ConfigChannel(&Tim2Handle, &tim2OC1, TIM_CHANNEL_1);
 1080              		.loc 1 100 23 is_stmt 0 view .LVU340
 1081 007c 0C61     		str	r4, [r1, #16]
 101:Core/Src/WS2812b_Core.c **** 
 1082              		.loc 1 101 2 is_stmt 1 view .LVU341
 1083 007e 2246     		mov	r2, r4
 1084 0080 2846     		mov	r0, r5
 1085 0082 FFF7FEFF 		bl	HAL_TIM_PWM_ConfigChannel
 1086              	.LVL79:
 105:Core/Src/WS2812b_Core.c **** 	tim2OC2.OCPolarity   = TIM_OCPOLARITY_HIGH;
 1087              		.loc 1 105 2 view .LVU342
 105:Core/Src/WS2812b_Core.c **** 	tim2OC2.OCPolarity   = TIM_OCPOLARITY_HIGH;
 1088              		.loc 1 105 23 is_stmt 0 view .LVU343
 1089 0086 1349     		ldr	r1, .L47+32
 1090 0088 C1F80080 		str	r8, [r1]
 106:Core/Src/WS2812b_Core.c **** 	tim2OC2.Pulse        = cc2;
 1091              		.loc 1 106 2 is_stmt 1 view .LVU344
 106:Core/Src/WS2812b_Core.c **** 	tim2OC2.Pulse        = cc2;
 1092              		.loc 1 106 23 is_stmt 0 view .LVU345
 1093 008c 8C60     		str	r4, [r1, #8]
 107:Core/Src/WS2812b_Core.c **** 	tim2OC2.OCNPolarity  = TIM_OCNPOLARITY_HIGH;
 1094              		.loc 1 107 2 is_stmt 1 view .LVU346
 107:Core/Src/WS2812b_Core.c **** 	tim2OC2.OCNPolarity  = TIM_OCNPOLARITY_HIGH;
 1095              		.loc 1 107 23 is_stmt 0 view .LVU347
 1096 008e 4E60     		str	r6, [r1, #4]
 108:Core/Src/WS2812b_Core.c **** 	tim2OC2.OCFastMode   = TIM_OCFAST_DISABLE;
 1097              		.loc 1 108 2 is_stmt 1 view .LVU348
 108:Core/Src/WS2812b_Core.c **** 	tim2OC2.OCFastMode   = TIM_OCFAST_DISABLE;
 1098              		.loc 1 108 23 is_stmt 0 view .LVU349
 1099 0090 CC60     		str	r4, [r1, #12]
 109:Core/Src/WS2812b_Core.c **** 	tim2OC2.OCIdleState  = TIM_OCIDLESTATE_RESET;
 1100              		.loc 1 109 2 is_stmt 1 view .LVU350
 109:Core/Src/WS2812b_Core.c **** 	tim2OC2.OCIdleState  = TIM_OCIDLESTATE_RESET;
 1101              		.loc 1 109 23 is_stmt 0 view .LVU351
 1102 0092 0C61     		str	r4, [r1, #16]
 110:Core/Src/WS2812b_Core.c **** 	tim2OC2.OCNIdleState = TIM_OCNIDLESTATE_RESET;
 1103              		.loc 1 110 2 is_stmt 1 view .LVU352
 110:Core/Src/WS2812b_Core.c **** 	tim2OC2.OCNIdleState = TIM_OCNIDLESTATE_RESET;
 1104              		.loc 1 110 23 is_stmt 0 view .LVU353
 1105 0094 4C61     		str	r4, [r1, #20]
 111:Core/Src/WS2812b_Core.c **** 	HAL_TIM_PWM_ConfigChannel(&Tim2Handle, &tim2OC2, TIM_CHANNEL_2);
 1106              		.loc 1 111 2 is_stmt 1 view .LVU354
 111:Core/Src/WS2812b_Core.c **** 	HAL_TIM_PWM_ConfigChannel(&Tim2Handle, &tim2OC2, TIM_CHANNEL_2);
 1107              		.loc 1 111 23 is_stmt 0 view .LVU355
 1108 0096 8C61     		str	r4, [r1, #24]
 112:Core/Src/WS2812b_Core.c **** 
 1109              		.loc 1 112 2 is_stmt 1 view .LVU356
ARM GAS  C:\Users\igorn\AppData\Local\Temp\cc020j7O.s 			page 36


 1110 0098 0422     		movs	r2, #4
 1111 009a 2846     		mov	r0, r5
 1112 009c FFF7FEFF 		bl	HAL_TIM_PWM_ConfigChannel
 1113              	.LVL80:
 114:Core/Src/WS2812b_Core.c **** 	HAL_TIM_PWM_Start(&Tim2Handle, TIM_CHANNEL_1);
 1114              		.loc 1 114 2 view .LVU357
 1115 00a0 2846     		mov	r0, r5
 1116 00a2 FFF7FEFF 		bl	HAL_TIM_Base_Start
 1117              	.LVL81:
 115:Core/Src/WS2812b_Core.c **** 
 1118              		.loc 1 115 2 view .LVU358
 1119 00a6 2146     		mov	r1, r4
 1120 00a8 2846     		mov	r0, r5
 1121 00aa FFF7FEFF 		bl	HAL_TIM_PWM_Start
 1122              	.LVL82:
 117:Core/Src/WS2812b_Core.c **** 
 1123              		.loc 1 117 1 is_stmt 0 view .LVU359
 1124 00ae 02B0     		add	sp, sp, #8
 1125              		.cfi_def_cfa_offset 24
 1126              		@ sp needed
 1127 00b0 BDE8F081 		pop	{r4, r5, r6, r7, r8, pc}
 1128              	.LVL83:
 1129              	.L48:
 117:Core/Src/WS2812b_Core.c **** 
 1130              		.loc 1 117 1 view .LVU360
 1131              		.align	2
 1132              	.L47:
 1133 00b4 00100240 		.word	1073876992
 1134 00b8 00000000 		.word	SystemCoreClock
 1135 00bc 598B4F01 		.word	21990233
 1136 00c0 00000000 		.word	tim_period
 1137 00c4 398EE338 		.word	954437177
 1138 00c8 89888888 		.word	-2004318071
 1139 00cc 00000000 		.word	Tim2Handle
 1140 00d0 00000000 		.word	tim2OC1
 1141 00d4 00000000 		.word	tim2OC2
 1142              		.cfi_endproc
 1143              	.LFE66:
 1145              		.section	.text.DMA1_Channel2_IRQHandler,"ax",%progbits
 1146              		.align	1
 1147              		.global	DMA1_Channel2_IRQHandler
 1148              		.syntax unified
 1149              		.thumb
 1150              		.thumb_func
 1152              	DMA1_Channel2_IRQHandler:
 1153              	.LFB68:
 190:Core/Src/WS2812b_Core.c ****   // Check the interrupt and clear flag
 1154              		.loc 1 190 1 is_stmt 1 view -0
 1155              		.cfi_startproc
 1156              		@ args = 0, pretend = 0, frame = 0
 1157              		@ frame_needed = 0, uses_anonymous_args = 0
 1158 0000 08B5     		push	{r3, lr}
 1159              		.cfi_def_cfa_offset 8
 1160              		.cfi_offset 3, -8
 1161              		.cfi_offset 14, -4
 192:Core/Src/WS2812b_Core.c **** }
 1162              		.loc 1 192 3 view .LVU362
ARM GAS  C:\Users\igorn\AppData\Local\Temp\cc020j7O.s 			page 37


 1163 0002 0248     		ldr	r0, .L51
 1164 0004 FFF7FEFF 		bl	HAL_DMA_IRQHandler
 1165              	.LVL84:
 193:Core/Src/WS2812b_Core.c **** 
 1166              		.loc 1 193 1 is_stmt 0 view .LVU363
 1167 0008 08BD     		pop	{r3, pc}
 1168              	.L52:
 1169 000a 00BF     		.align	2
 1170              	.L51:
 1171 000c 00000000 		.word	dmaUpdate
 1172              		.cfi_endproc
 1173              	.LFE68:
 1175              		.section	.text.DMA1_Channel5_IRQHandler,"ax",%progbits
 1176              		.align	1
 1177              		.global	DMA1_Channel5_IRQHandler
 1178              		.syntax unified
 1179              		.thumb
 1180              		.thumb_func
 1182              	DMA1_Channel5_IRQHandler:
 1183              	.LFB69:
 196:Core/Src/WS2812b_Core.c ****   // Check the interrupt and clear flag
 1184              		.loc 1 196 1 is_stmt 1 view -0
 1185              		.cfi_startproc
 1186              		@ args = 0, pretend = 0, frame = 0
 1187              		@ frame_needed = 0, uses_anonymous_args = 0
 1188 0000 08B5     		push	{r3, lr}
 1189              		.cfi_def_cfa_offset 8
 1190              		.cfi_offset 3, -8
 1191              		.cfi_offset 14, -4
 198:Core/Src/WS2812b_Core.c **** }
 1192              		.loc 1 198 3 view .LVU365
 1193 0002 0248     		ldr	r0, .L55
 1194 0004 FFF7FEFF 		bl	HAL_DMA_IRQHandler
 1195              	.LVL85:
 199:Core/Src/WS2812b_Core.c **** 
 1196              		.loc 1 199 1 is_stmt 0 view .LVU366
 1197 0008 08BD     		pop	{r3, pc}
 1198              	.L56:
 1199 000a 00BF     		.align	2
 1200              	.L55:
 1201 000c 00000000 		.word	dmaCC1
 1202              		.cfi_endproc
 1203              	.LFE69:
 1205              		.section	.text.DMA1_Channel7_IRQHandler,"ax",%progbits
 1206              		.align	1
 1207              		.global	DMA1_Channel7_IRQHandler
 1208              		.syntax unified
 1209              		.thumb
 1210              		.thumb_func
 1212              	DMA1_Channel7_IRQHandler:
 1213              	.LFB70:
 202:Core/Src/WS2812b_Core.c ****   // Check the interrupt and clear flag
 1214              		.loc 1 202 1 is_stmt 1 view -0
 1215              		.cfi_startproc
 1216              		@ args = 0, pretend = 0, frame = 0
 1217              		@ frame_needed = 0, uses_anonymous_args = 0
 1218 0000 08B5     		push	{r3, lr}
ARM GAS  C:\Users\igorn\AppData\Local\Temp\cc020j7O.s 			page 38


 1219              		.cfi_def_cfa_offset 8
 1220              		.cfi_offset 3, -8
 1221              		.cfi_offset 14, -4
 204:Core/Src/WS2812b_Core.c **** }
 1222              		.loc 1 204 3 view .LVU368
 1223 0002 0248     		ldr	r0, .L59
 1224 0004 FFF7FEFF 		bl	HAL_DMA_IRQHandler
 1225              	.LVL86:
 205:Core/Src/WS2812b_Core.c **** 
 1226              		.loc 1 205 1 is_stmt 0 view .LVU369
 1227 0008 08BD     		pop	{r3, pc}
 1228              	.L60:
 1229 000a 00BF     		.align	2
 1230              	.L59:
 1231 000c 00000000 		.word	dmaCC2
 1232              		.cfi_endproc
 1233              	.LFE70:
 1235              		.section	.text.TIM2_IRQHandler,"ax",%progbits
 1236              		.align	1
 1237              		.global	TIM2_IRQHandler
 1238              		.syntax unified
 1239              		.thumb
 1240              		.thumb_func
 1242              	TIM2_IRQHandler:
 1243              	.LFB75:
 344:Core/Src/WS2812b_Core.c **** 	HAL_TIM_IRQHandler(&Tim2Handle);
 1244              		.loc 1 344 1 is_stmt 1 view -0
 1245              		.cfi_startproc
 1246              		@ args = 0, pretend = 0, frame = 0
 1247              		@ frame_needed = 0, uses_anonymous_args = 0
 1248 0000 08B5     		push	{r3, lr}
 1249              		.cfi_def_cfa_offset 8
 1250              		.cfi_offset 3, -8
 1251              		.cfi_offset 14, -4
 345:Core/Src/WS2812b_Core.c **** }
 1252              		.loc 1 345 2 view .LVU371
 1253 0002 0248     		ldr	r0, .L63
 1254 0004 FFF7FEFF 		bl	HAL_TIM_IRQHandler
 1255              	.LVL87:
 346:Core/Src/WS2812b_Core.c **** 
 1256              		.loc 1 346 1 is_stmt 0 view .LVU372
 1257 0008 08BD     		pop	{r3, pc}
 1258              	.L64:
 1259 000a 00BF     		.align	2
 1260              	.L63:
 1261 000c 00000000 		.word	Tim2Handle
 1262              		.cfi_endproc
 1263              	.LFE75:
 1265              		.section	.text.HAL_TIM_PeriodElapsedCallback,"ax",%progbits
 1266              		.align	1
 1267              		.global	HAL_TIM_PeriodElapsedCallback
 1268              		.syntax unified
 1269              		.thumb
 1270              		.thumb_func
 1272              	HAL_TIM_PeriodElapsedCallback:
 1273              	.LVL88:
 1274              	.LFB76:
ARM GAS  C:\Users\igorn\AppData\Local\Temp\cc020j7O.s 			page 39


 350:Core/Src/WS2812b_Core.c **** 	// I have to wait 50us to generate Treset signal
 1275              		.loc 1 350 1 is_stmt 1 view -0
 1276              		.cfi_startproc
 1277              		@ args = 0, pretend = 0, frame = 0
 1278              		@ frame_needed = 0, uses_anonymous_args = 0
 1279              		@ link register save eliminated.
 352:Core/Src/WS2812b_Core.c **** 	{
 1280              		.loc 1 352 2 view .LVU374
 352:Core/Src/WS2812b_Core.c **** 	{
 1281              		.loc 1 352 13 is_stmt 0 view .LVU375
 1282 0000 144B     		ldr	r3, .L69
 1283 0002 5B6C     		ldr	r3, [r3, #68]
 352:Core/Src/WS2812b_Core.c **** 	{
 1284              		.loc 1 352 5 view .LVU376
 1285 0004 0B2B     		cmp	r3, #11
 1286 0006 03D8     		bhi	.L66
 355:Core/Src/WS2812b_Core.c **** 	}
 1287              		.loc 1 355 3 is_stmt 1 view .LVU377
 355:Core/Src/WS2812b_Core.c **** 	}
 1288              		.loc 1 355 29 is_stmt 0 view .LVU378
 1289 0008 0133     		adds	r3, r3, #1
 1290 000a 124A     		ldr	r2, .L69
 1291 000c 5364     		str	r3, [r2, #68]
 1292 000e 7047     		bx	lr
 1293              	.L66:
 359:Core/Src/WS2812b_Core.c **** 		__HAL_TIM_DISABLE(&Tim2Handle);
 1294              		.loc 1 359 3 is_stmt 1 view .LVU379
 359:Core/Src/WS2812b_Core.c **** 		__HAL_TIM_DISABLE(&Tim2Handle);
 1295              		.loc 1 359 30 is_stmt 0 view .LVU380
 1296 0010 104B     		ldr	r3, .L69
 1297 0012 0022     		movs	r2, #0
 1298 0014 5A64     		str	r2, [r3, #68]
 360:Core/Src/WS2812b_Core.c **** 		TIM2->CR1 = 0; // disable timer
 1299              		.loc 1 360 3 is_stmt 1 view .LVU381
 360:Core/Src/WS2812b_Core.c **** 		TIM2->CR1 = 0; // disable timer
 1300              		.loc 1 360 3 view .LVU382
 1301 0016 104B     		ldr	r3, .L69+4
 1302 0018 1B68     		ldr	r3, [r3]
 1303 001a 196A     		ldr	r1, [r3, #32]
 1304 001c 41F21112 		movw	r2, #4369
 1305 0020 1142     		tst	r1, r2
 1306 0022 08D1     		bne	.L68
 360:Core/Src/WS2812b_Core.c **** 		TIM2->CR1 = 0; // disable timer
 1307              		.loc 1 360 3 discriminator 1 view .LVU383
 1308 0024 196A     		ldr	r1, [r3, #32]
 1309 0026 40F24442 		movw	r2, #1092
 1310 002a 1142     		tst	r1, r2
 1311 002c 03D1     		bne	.L68
 360:Core/Src/WS2812b_Core.c **** 		TIM2->CR1 = 0; // disable timer
 1312              		.loc 1 360 3 discriminator 3 view .LVU384
 1313 002e 1A68     		ldr	r2, [r3]
 1314 0030 22F00102 		bic	r2, r2, #1
 1315 0034 1A60     		str	r2, [r3]
 1316              	.L68:
 360:Core/Src/WS2812b_Core.c **** 		TIM2->CR1 = 0; // disable timer
 1317              		.loc 1 360 3 discriminator 5 view .LVU385
 361:Core/Src/WS2812b_Core.c **** 
ARM GAS  C:\Users\igorn\AppData\Local\Temp\cc020j7O.s 			page 40


 1318              		.loc 1 361 3 discriminator 5 view .LVU386
 361:Core/Src/WS2812b_Core.c **** 
 1319              		.loc 1 361 13 is_stmt 0 discriminator 5 view .LVU387
 1320 0036 4FF08043 		mov	r3, #1073741824
 1321 003a 0022     		movs	r2, #0
 1322 003c 1A60     		str	r2, [r3]
 364:Core/Src/WS2812b_Core.c **** 		// set TransferComplete flag
 1323              		.loc 1 364 3 is_stmt 1 discriminator 5 view .LVU388
 1324 003e 064B     		ldr	r3, .L69+4
 1325 0040 1A68     		ldr	r2, [r3]
 1326 0042 D368     		ldr	r3, [r2, #12]
 1327 0044 23F00103 		bic	r3, r3, #1
 1328 0048 D360     		str	r3, [r2, #12]
 366:Core/Src/WS2812b_Core.c **** 	}
 1329              		.loc 1 366 3 discriminator 5 view .LVU389
 366:Core/Src/WS2812b_Core.c **** 	}
 1330              		.loc 1 366 28 is_stmt 0 discriminator 5 view .LVU390
 1331 004a 024B     		ldr	r3, .L69
 1332 004c 0122     		movs	r2, #1
 1333 004e 83F84020 		strb	r2, [r3, #64]
 369:Core/Src/WS2812b_Core.c **** 
 1334              		.loc 1 369 1 discriminator 5 view .LVU391
 1335 0052 7047     		bx	lr
 1336              	.L70:
 1337              		.align	2
 1338              	.L69:
 1339 0054 00000000 		.word	ws2812b
 1340 0058 00000000 		.word	Tim2Handle
 1341              		.cfi_endproc
 1342              	.LFE76:
 1344              		.section	.text.ws2812b_init,"ax",%progbits
 1345              		.align	1
 1346              		.global	ws2812b_init
 1347              		.syntax unified
 1348              		.thumb
 1349              		.thumb_func
 1351              	ws2812b_init:
 1352              	.LFB78:
 662:Core/Src/WS2812b_Core.c **** 
 663:Core/Src/WS2812b_Core.c **** 
 664:Core/Src/WS2812b_Core.c **** void ws2812b_init()
 665:Core/Src/WS2812b_Core.c **** {
 1353              		.loc 1 665 1 is_stmt 1 view -0
 1354              		.cfi_startproc
 1355              		@ args = 0, pretend = 0, frame = 0
 1356              		@ frame_needed = 0, uses_anonymous_args = 0
 1357 0000 08B5     		push	{r3, lr}
 1358              		.cfi_def_cfa_offset 8
 1359              		.cfi_offset 3, -8
 1360              		.cfi_offset 14, -4
 666:Core/Src/WS2812b_Core.c **** 
 667:Core/Src/WS2812b_Core.c **** 	ws2812b_gpio_init();
 1361              		.loc 1 667 2 view .LVU393
 1362 0002 FFF7FEFF 		bl	ws2812b_gpio_init
 1363              	.LVL89:
 668:Core/Src/WS2812b_Core.c **** 	//void ws2812b_set_pixel(uint8_t row, uint16_t column, uint8_t red, uint8_t green, uint8_t blue);
 669:Core/Src/WS2812b_Core.c **** 	DMA_init();
ARM GAS  C:\Users\igorn\AppData\Local\Temp\cc020j7O.s 			page 41


 1364              		.loc 1 669 2 view .LVU394
 1365 0006 FFF7FEFF 		bl	DMA_init
 1366              	.LVL90:
 670:Core/Src/WS2812b_Core.c **** 	TIM2_init();
 1367              		.loc 1 670 2 view .LVU395
 1368 000a FFF7FEFF 		bl	TIM2_init
 1369              	.LVL91:
 671:Core/Src/WS2812b_Core.c **** 	// Need to start the first transfer
 672:Core/Src/WS2812b_Core.c **** 	ws2812b.transferComplete = 1;
 1370              		.loc 1 672 2 view .LVU396
 1371              		.loc 1 672 27 is_stmt 0 view .LVU397
 1372 000e 024B     		ldr	r3, .L73
 1373 0010 0122     		movs	r2, #1
 1374 0012 83F84020 		strb	r2, [r3, #64]
 673:Core/Src/WS2812b_Core.c **** }
 1375              		.loc 1 673 1 view .LVU398
 1376 0016 08BD     		pop	{r3, pc}
 1377              	.L74:
 1378              		.align	2
 1379              	.L73:
 1380 0018 00000000 		.word	ws2812b
 1381              		.cfi_endproc
 1382              	.LFE78:
 1384              		.section	.text.ws2812b_handle,"ax",%progbits
 1385              		.align	1
 1386              		.global	ws2812b_handle
 1387              		.syntax unified
 1388              		.thumb
 1389              		.thumb_func
 1391              	ws2812b_handle:
 1392              	.LFB79:
 674:Core/Src/WS2812b_Core.c **** 
 675:Core/Src/WS2812b_Core.c **** 
 676:Core/Src/WS2812b_Core.c **** void ws2812b_handle()
 677:Core/Src/WS2812b_Core.c **** {
 1393              		.loc 1 677 1 is_stmt 1 view -0
 1394              		.cfi_startproc
 1395              		@ args = 0, pretend = 0, frame = 0
 1396              		@ frame_needed = 0, uses_anonymous_args = 0
 1397 0000 08B5     		push	{r3, lr}
 1398              		.cfi_def_cfa_offset 8
 1399              		.cfi_offset 3, -8
 1400              		.cfi_offset 14, -4
 678:Core/Src/WS2812b_Core.c **** 	if(ws2812b.startTransfer) {
 1401              		.loc 1 678 2 view .LVU400
 1402              		.loc 1 678 12 is_stmt 0 view .LVU401
 1403 0002 064B     		ldr	r3, .L79
 1404 0004 93F84130 		ldrb	r3, [r3, #65]	@ zero_extendqisi2
 1405              		.loc 1 678 4 view .LVU402
 1406 0008 03B9     		cbnz	r3, .L78
 1407              	.L75:
 679:Core/Src/WS2812b_Core.c **** 		ws2812b.startTransfer = 0;
 680:Core/Src/WS2812b_Core.c **** 		WS2812_sendbuf();
 681:Core/Src/WS2812b_Core.c **** 	}
 682:Core/Src/WS2812b_Core.c **** 
 683:Core/Src/WS2812b_Core.c **** }
 1408              		.loc 1 683 1 view .LVU403
ARM GAS  C:\Users\igorn\AppData\Local\Temp\cc020j7O.s 			page 42


 1409 000a 08BD     		pop	{r3, pc}
 1410              	.L78:
 679:Core/Src/WS2812b_Core.c **** 		ws2812b.startTransfer = 0;
 1411              		.loc 1 679 3 is_stmt 1 view .LVU404
 679:Core/Src/WS2812b_Core.c **** 		ws2812b.startTransfer = 0;
 1412              		.loc 1 679 25 is_stmt 0 view .LVU405
 1413 000c 034B     		ldr	r3, .L79
 1414 000e 0022     		movs	r2, #0
 1415 0010 83F84120 		strb	r2, [r3, #65]
 680:Core/Src/WS2812b_Core.c **** 	}
 1416              		.loc 1 680 3 is_stmt 1 view .LVU406
 1417 0014 FFF7FEFF 		bl	WS2812_sendbuf
 1418              	.LVL92:
 1419              		.loc 1 683 1 is_stmt 0 view .LVU407
 1420 0018 F7E7     		b	.L75
 1421              	.L80:
 1422 001a 00BF     		.align	2
 1423              	.L79:
 1424 001c 00000000 		.word	ws2812b
 1425              		.cfi_endproc
 1426              	.LFE79:
 1428              		.global	dmaCC2
 1429              		.section	.bss.dmaCC2,"aw",%nobits
 1430              		.align	2
 1433              	dmaCC2:
 1434 0000 00000000 		.space	68
 1434      00000000 
 1434      00000000 
 1434      00000000 
 1434      00000000 
 1435              		.global	dmaCC1
 1436              		.section	.bss.dmaCC1,"aw",%nobits
 1437              		.align	2
 1440              	dmaCC1:
 1441 0000 00000000 		.space	68
 1441      00000000 
 1441      00000000 
 1441      00000000 
 1441      00000000 
 1442              		.global	dmaUpdate
 1443              		.section	.bss.dmaUpdate,"aw",%nobits
 1444              		.align	2
 1447              	dmaUpdate:
 1448 0000 00000000 		.space	68
 1448      00000000 
 1448      00000000 
 1448      00000000 
 1448      00000000 
 1449              		.global	tim_period
 1450              		.section	.bss.tim_period,"aw",%nobits
 1451              		.align	2
 1454              	tim_period:
 1455 0000 00000000 		.space	4
 1456              		.global	tim2OC2
 1457              		.section	.bss.tim2OC2,"aw",%nobits
 1458              		.align	2
 1461              	tim2OC2:
ARM GAS  C:\Users\igorn\AppData\Local\Temp\cc020j7O.s 			page 43


 1462 0000 00000000 		.space	28
 1462      00000000 
 1462      00000000 
 1462      00000000 
 1462      00000000 
 1463              		.global	tim2OC1
 1464              		.section	.bss.tim2OC1,"aw",%nobits
 1465              		.align	2
 1468              	tim2OC1:
 1469 0000 00000000 		.space	28
 1469      00000000 
 1469      00000000 
 1469      00000000 
 1469      00000000 
 1470              		.global	Tim2Handle
 1471              		.section	.bss.Tim2Handle,"aw",%nobits
 1472              		.align	2
 1475              	Tim2Handle:
 1476 0000 00000000 		.space	72
 1476      00000000 
 1476      00000000 
 1476      00000000 
 1476      00000000 
 1477              		.global	gammaTable
 1478              		.section	.rodata.gammaTable,"a"
 1479              		.align	2
 1482              	gammaTable:
 1483 0000 00000000 		.ascii	"\000\000\000\000\000\000\000\000\000\000\000\000\000"
 1483      00000000 
 1483      00000000 
 1483      00
 1484 000d 00000000 		.ascii	"\000\000\000\000\000\000\000\000\000\000\000\000\000"
 1484      00000000 
 1484      00000000 
 1484      00
 1485 001a 00000101 		.ascii	"\000\000\001\001\001\001\001\001\001\001\001\001\001"
 1485      01010101 
 1485      01010101 
 1485      01
 1486 0027 01010202 		.ascii	"\001\001\002\002\002\002\002\002\002\002\003\003\003"
 1486      02020202 
 1486      02020303 
 1486      03
 1487 0034 03030303 		.ascii	"\003\003\003\003\004\004\004\004\004\005\005\005\005"
 1487      04040404 
 1487      04050505 
 1487      05
 1488 0041 06060606 		.ascii	"\006\006\006\006\007\007\007\007\010\010\010\011\011"
 1488      07070707 
 1488      08080809 
 1488      09
 1489 004e 090A0A0A 		.ascii	"\011\012\012\012\013\013\013\014\014\015\015\015\016"
 1489      0B0B0B0C 
 1489      0C0D0D0D 
 1489      0E
 1490 005b 0E0F0F10 		.ascii	"\016\017\017\020\020\021\021\022\022\023\023\024\024"
 1490      10111112 
ARM GAS  C:\Users\igorn\AppData\Local\Temp\cc020j7O.s 			page 44


 1490      12131314 
 1490      14
 1491 0068 15151616 		.ascii	"\025\025\026\026\027\030\030\031\031\032\033\033\034"
 1491      17181819 
 1491      191A1B1B 
 1491      1C
 1492 0075 1D1D1E1F 		.ascii	"\035\035\036\037  !\"##$%&''()*+,-./0122346789:;<=>"
 1492      20202122 
 1492      23232425 
 1492      26272728 
 1492      292A2B2C 
 1493 009b 3F404243 		.ascii	"?@BCDEFHIJKMNOQRSUVWYZ\\]_`bcefhikmnprsuwxz|~\177\201"
 1493      44454648 
 1493      494A4B4D 
 1493      4E4F5152 
 1493      53555657 
 1494 00c9 83858789 		.ascii	"\203\205\207\211\212\214\216\220\222\224\226\230\232"
 1494      8A8C8E90 
 1494      92949698 
 1494      9A
 1495 00d6 9C9EA0A2 		.ascii	"\234\236\240\242\244\247\251\253\255\257\261\264\266"
 1495      A4A7A9AB 
 1495      ADAFB1B4 
 1495      B6
 1496 00e3 B8BABDBF 		.ascii	"\270\272\275\277\301\304\306\310\313\315\320\322\325"
 1496      C1C4C6C8 
 1496      CBCDD0D2 
 1496      D5
 1497 00f0 D7DADCDF 		.ascii	"\327\332\334\337\341\344\347\351\354\357\361\364\367"
 1497      E1E4E7E9 
 1497      ECEFF1F4 
 1497      F7
 1498 00fd F9FCFF   		.ascii	"\371\374\377"
 1499              		.global	ws2812bDmaBitBuffer
 1500              		.section	.bss.ws2812bDmaBitBuffer,"aw",%nobits
 1501              		.align	2
 1504              	ws2812bDmaBitBuffer:
 1505 0000 00000000 		.space	96
 1505      00000000 
 1505      00000000 
 1505      00000000 
 1505      00000000 
 1506              		.global	WS2812_IO_Low
 1507              		.section	.data.WS2812_IO_Low,"aw"
 1508              		.align	2
 1511              	WS2812_IO_Low:
 1512 0000 0000F000 		.word	15728640
 1513              		.global	WS2812_IO_High
 1514              		.section	.data.WS2812_IO_High,"aw"
 1515              		.align	2
 1518              	WS2812_IO_High:
 1519 0000 F0000000 		.word	240
 1520              		.global	ws2812b
 1521              		.section	.bss.ws2812b,"aw",%nobits
 1522              		.align	2
 1525              	ws2812b:
 1526 0000 00000000 		.space	76
ARM GAS  C:\Users\igorn\AppData\Local\Temp\cc020j7O.s 			page 45


 1526      00000000 
 1526      00000000 
 1526      00000000 
 1526      00000000 
 1527              		.text
 1528              	.Letext0:
 1529              		.file 2 "c:\\users\\igorn\\appdata\\roaming\\code\\user\\globalstorage\\bmd.stm32-for-vscode\\@xpa
 1530              		.file 3 "c:\\users\\igorn\\appdata\\roaming\\code\\user\\globalstorage\\bmd.stm32-for-vscode\\@xpa
 1531              		.file 4 "Drivers/CMSIS/Device/ST/STM32F1xx/Include/stm32f103xb.h"
 1532              		.file 5 "Drivers/STM32F1xx_HAL_Driver/Inc/stm32f1xx_hal_def.h"
 1533              		.file 6 "Drivers/STM32F1xx_HAL_Driver/Inc/stm32f1xx_hal_gpio.h"
 1534              		.file 7 "Drivers/STM32F1xx_HAL_Driver/Inc/stm32f1xx_hal_dma.h"
 1535              		.file 8 "Drivers/STM32F1xx_HAL_Driver/Inc/stm32f1xx_hal_tim.h"
 1536              		.file 9 "Core/Inc/WS2812B_Core.h"
 1537              		.file 10 "Drivers/CMSIS/Device/ST/STM32F1xx/Include/system_stm32f1xx.h"
 1538              		.file 11 "Drivers/STM32F1xx_HAL_Driver/Inc/stm32f1xx_hal_cortex.h"
ARM GAS  C:\Users\igorn\AppData\Local\Temp\cc020j7O.s 			page 46


DEFINED SYMBOLS
                            *ABS*:00000000 WS2812b_Core.c
C:\Users\igorn\AppData\Local\Temp\cc020j7O.s:19     .text.ws2812b_set_pixel:00000000 $t
C:\Users\igorn\AppData\Local\Temp\cc020j7O.s:24     .text.ws2812b_set_pixel:00000000 ws2812b_set_pixel
C:\Users\igorn\AppData\Local\Temp\cc020j7O.s:260    .text.ws2812b_set_pixel:000000bc $d
C:\Users\igorn\AppData\Local\Temp\cc020j7O.s:1482   .rodata.gammaTable:00000000 gammaTable
C:\Users\igorn\AppData\Local\Temp\cc020j7O.s:1504   .bss.ws2812bDmaBitBuffer:00000000 ws2812bDmaBitBuffer
C:\Users\igorn\AppData\Local\Temp\cc020j7O.s:266    .text.loadNextFramebufferData:00000000 $t
C:\Users\igorn\AppData\Local\Temp\cc020j7O.s:271    .text.loadNextFramebufferData:00000000 loadNextFramebufferData
C:\Users\igorn\AppData\Local\Temp\cc020j7O.s:347    .text.DMA_TransferCompleteHandler:00000000 $t
C:\Users\igorn\AppData\Local\Temp\cc020j7O.s:353    .text.DMA_TransferCompleteHandler:00000000 DMA_TransferCompleteHandler
C:\Users\igorn\AppData\Local\Temp\cc020j7O.s:462    .text.DMA_TransferCompleteHandler:00000084 $d
C:\Users\igorn\AppData\Local\Temp\cc020j7O.s:1525   .bss.ws2812b:00000000 ws2812b
C:\Users\igorn\AppData\Local\Temp\cc020j7O.s:1475   .bss.Tim2Handle:00000000 Tim2Handle
C:\Users\igorn\AppData\Local\Temp\cc020j7O.s:1447   .bss.dmaUpdate:00000000 dmaUpdate
C:\Users\igorn\AppData\Local\Temp\cc020j7O.s:1440   .bss.dmaCC1:00000000 dmaCC1
C:\Users\igorn\AppData\Local\Temp\cc020j7O.s:1433   .bss.dmaCC2:00000000 dmaCC2
C:\Users\igorn\AppData\Local\Temp\cc020j7O.s:1511   .data.WS2812_IO_Low:00000000 WS2812_IO_Low
C:\Users\igorn\AppData\Local\Temp\cc020j7O.s:473    .text.WS2812_sendbuf:00000000 $t
C:\Users\igorn\AppData\Local\Temp\cc020j7O.s:478    .text.WS2812_sendbuf:00000000 WS2812_sendbuf
C:\Users\igorn\AppData\Local\Temp\cc020j7O.s:604    .text.WS2812_sendbuf:000000a8 $d
C:\Users\igorn\AppData\Local\Temp\cc020j7O.s:1454   .bss.tim_period:00000000 tim_period
C:\Users\igorn\AppData\Local\Temp\cc020j7O.s:615    .text.DMA_TransferHalfHandler:00000000 $t
C:\Users\igorn\AppData\Local\Temp\cc020j7O.s:621    .text.DMA_TransferHalfHandler:00000000 DMA_TransferHalfHandler
C:\Users\igorn\AppData\Local\Temp\cc020j7O.s:690    .text.DMA_TransferHalfHandler:0000003c $d
C:\Users\igorn\AppData\Local\Temp\cc020j7O.s:695    .text.ws2812b_gpio_init:00000000 $t
C:\Users\igorn\AppData\Local\Temp\cc020j7O.s:700    .text.ws2812b_gpio_init:00000000 ws2812b_gpio_init
C:\Users\igorn\AppData\Local\Temp\cc020j7O.s:757    .text.ws2812b_gpio_init:00000038 $d
C:\Users\igorn\AppData\Local\Temp\cc020j7O.s:763    .text.DMA_init:00000000 $t
C:\Users\igorn\AppData\Local\Temp\cc020j7O.s:768    .text.DMA_init:00000000 DMA_init
C:\Users\igorn\AppData\Local\Temp\cc020j7O.s:949    .text.DMA_init:000000d8 $d
C:\Users\igorn\AppData\Local\Temp\cc020j7O.s:1518   .data.WS2812_IO_High:00000000 WS2812_IO_High
C:\Users\igorn\AppData\Local\Temp\cc020j7O.s:967    .text.TIM2_init:00000000 $t
C:\Users\igorn\AppData\Local\Temp\cc020j7O.s:972    .text.TIM2_init:00000000 TIM2_init
C:\Users\igorn\AppData\Local\Temp\cc020j7O.s:1133   .text.TIM2_init:000000b4 $d
C:\Users\igorn\AppData\Local\Temp\cc020j7O.s:1468   .bss.tim2OC1:00000000 tim2OC1
C:\Users\igorn\AppData\Local\Temp\cc020j7O.s:1461   .bss.tim2OC2:00000000 tim2OC2
C:\Users\igorn\AppData\Local\Temp\cc020j7O.s:1146   .text.DMA1_Channel2_IRQHandler:00000000 $t
C:\Users\igorn\AppData\Local\Temp\cc020j7O.s:1152   .text.DMA1_Channel2_IRQHandler:00000000 DMA1_Channel2_IRQHandler
C:\Users\igorn\AppData\Local\Temp\cc020j7O.s:1171   .text.DMA1_Channel2_IRQHandler:0000000c $d
C:\Users\igorn\AppData\Local\Temp\cc020j7O.s:1176   .text.DMA1_Channel5_IRQHandler:00000000 $t
C:\Users\igorn\AppData\Local\Temp\cc020j7O.s:1182   .text.DMA1_Channel5_IRQHandler:00000000 DMA1_Channel5_IRQHandler
C:\Users\igorn\AppData\Local\Temp\cc020j7O.s:1201   .text.DMA1_Channel5_IRQHandler:0000000c $d
C:\Users\igorn\AppData\Local\Temp\cc020j7O.s:1206   .text.DMA1_Channel7_IRQHandler:00000000 $t
C:\Users\igorn\AppData\Local\Temp\cc020j7O.s:1212   .text.DMA1_Channel7_IRQHandler:00000000 DMA1_Channel7_IRQHandler
C:\Users\igorn\AppData\Local\Temp\cc020j7O.s:1231   .text.DMA1_Channel7_IRQHandler:0000000c $d
C:\Users\igorn\AppData\Local\Temp\cc020j7O.s:1236   .text.TIM2_IRQHandler:00000000 $t
C:\Users\igorn\AppData\Local\Temp\cc020j7O.s:1242   .text.TIM2_IRQHandler:00000000 TIM2_IRQHandler
C:\Users\igorn\AppData\Local\Temp\cc020j7O.s:1261   .text.TIM2_IRQHandler:0000000c $d
C:\Users\igorn\AppData\Local\Temp\cc020j7O.s:1266   .text.HAL_TIM_PeriodElapsedCallback:00000000 $t
C:\Users\igorn\AppData\Local\Temp\cc020j7O.s:1272   .text.HAL_TIM_PeriodElapsedCallback:00000000 HAL_TIM_PeriodElapsedCallback
C:\Users\igorn\AppData\Local\Temp\cc020j7O.s:1339   .text.HAL_TIM_PeriodElapsedCallback:00000054 $d
C:\Users\igorn\AppData\Local\Temp\cc020j7O.s:1345   .text.ws2812b_init:00000000 $t
C:\Users\igorn\AppData\Local\Temp\cc020j7O.s:1351   .text.ws2812b_init:00000000 ws2812b_init
C:\Users\igorn\AppData\Local\Temp\cc020j7O.s:1380   .text.ws2812b_init:00000018 $d
C:\Users\igorn\AppData\Local\Temp\cc020j7O.s:1385   .text.ws2812b_handle:00000000 $t
C:\Users\igorn\AppData\Local\Temp\cc020j7O.s:1391   .text.ws2812b_handle:00000000 ws2812b_handle
ARM GAS  C:\Users\igorn\AppData\Local\Temp\cc020j7O.s 			page 47


C:\Users\igorn\AppData\Local\Temp\cc020j7O.s:1424   .text.ws2812b_handle:0000001c $d
C:\Users\igorn\AppData\Local\Temp\cc020j7O.s:1430   .bss.dmaCC2:00000000 $d
C:\Users\igorn\AppData\Local\Temp\cc020j7O.s:1437   .bss.dmaCC1:00000000 $d
C:\Users\igorn\AppData\Local\Temp\cc020j7O.s:1444   .bss.dmaUpdate:00000000 $d
C:\Users\igorn\AppData\Local\Temp\cc020j7O.s:1451   .bss.tim_period:00000000 $d
C:\Users\igorn\AppData\Local\Temp\cc020j7O.s:1458   .bss.tim2OC2:00000000 $d
C:\Users\igorn\AppData\Local\Temp\cc020j7O.s:1465   .bss.tim2OC1:00000000 $d
C:\Users\igorn\AppData\Local\Temp\cc020j7O.s:1472   .bss.Tim2Handle:00000000 $d
C:\Users\igorn\AppData\Local\Temp\cc020j7O.s:1479   .rodata.gammaTable:00000000 $d
C:\Users\igorn\AppData\Local\Temp\cc020j7O.s:1501   .bss.ws2812bDmaBitBuffer:00000000 $d
C:\Users\igorn\AppData\Local\Temp\cc020j7O.s:1508   .data.WS2812_IO_Low:00000000 $d
C:\Users\igorn\AppData\Local\Temp\cc020j7O.s:1515   .data.WS2812_IO_High:00000000 $d
C:\Users\igorn\AppData\Local\Temp\cc020j7O.s:1522   .bss.ws2812b:00000000 $d

UNDEFINED SYMBOLS
HAL_GPIO_Init
HAL_DMA_Init
HAL_DMA_Start
HAL_NVIC_SetPriority
HAL_NVIC_EnableIRQ
HAL_DMA_Start_IT
HAL_TIM_PWM_Init
HAL_TIM_PWM_ConfigChannel
HAL_TIM_Base_Start
HAL_TIM_PWM_Start
SystemCoreClock
HAL_DMA_IRQHandler
HAL_TIM_IRQHandler
