
build/debug/WS2812B_F103C8.elf:     file format elf32-littlearm

Sections:
Idx Name          Size      VMA       LMA       File off  Algn
  0 .isr_vector   0000010c  08000000  08000000  00001000  2**0
                  CONTENTS, ALLOC, LOAD, READONLY, DATA
  1 .text         000054f8  0800010c  0800010c  0000110c  2**2
                  CONTENTS, ALLOC, LOAD, READONLY, CODE
  2 .rodata       00000230  08005604  08005604  00006604  2**2
                  CONTENTS, ALLOC, LOAD, READONLY, DATA
  3 .init_array   00000004  08005834  08005834  00006834  2**2
                  CONTENTS, ALLOC, LOAD, DATA
  4 .fini_array   00000004  08005838  08005838  00006838  2**2
                  CONTENTS, ALLOC, LOAD, DATA
  5 .data         00000070  20000000  0800583c  00007000  2**2
                  CONTENTS, ALLOC, LOAD, DATA
  6 .bss          00004120  20000070  080058ac  00007070  2**3
                  ALLOC
  7 ._user_heap_stack 00000600  20004190  080058ac  00007190  2**0
                  ALLOC
  8 .ARM.attributes 00000029  00000000  00000000  00007070  2**0
                  CONTENTS, READONLY
  9 .comment      00000039  00000000  00000000  00007099  2**0
                  CONTENTS, READONLY
 10 .debug_info   0001583c  00000000  00000000  000070d2  2**0
                  CONTENTS, READONLY, DEBUGGING, OCTETS
 11 .debug_abbrev 00003480  00000000  00000000  0001c90e  2**0
                  CONTENTS, READONLY, DEBUGGING, OCTETS
 12 .debug_loclists 00009fd9  00000000  00000000  0001fd8e  2**0
                  CONTENTS, READONLY, DEBUGGING, OCTETS
 13 .debug_aranges 00001050  00000000  00000000  00029d68  2**3
                  CONTENTS, READONLY, DEBUGGING, OCTETS
 14 .debug_rnglists 00000ccb  00000000  00000000  0002adb8  2**0
                  CONTENTS, READONLY, DEBUGGING, OCTETS
 15 .debug_line   00012f6e  00000000  00000000  0002ba83  2**0
                  CONTENTS, READONLY, DEBUGGING, OCTETS
 16 .debug_str    00004d4e  00000000  00000000  0003e9f1  2**0
                  CONTENTS, READONLY, DEBUGGING, OCTETS
 17 .debug_frame  000029f8  00000000  00000000  00043740  2**2
                  CONTENTS, READONLY, DEBUGGING, OCTETS
 18 .debug_line_str 00000148  00000000  00000000  00046138  2**0
                  CONTENTS, READONLY, DEBUGGING, OCTETS

Disassembly of section .text:

0800010c <__aeabi_frsub>:
 800010c:	f080 4000 	eor.w	r0, r0, #2147483648	@ 0x80000000
 8000110:	e002      	b.n	8000118 <__addsf3>
 8000112:	bf00      	nop

08000114 <__aeabi_fsub>:
 8000114:	f081 4100 	eor.w	r1, r1, #2147483648	@ 0x80000000

08000118 <__addsf3>:
 8000118:	0042      	lsls	r2, r0, #1
 800011a:	bf1f      	itttt	ne
 800011c:	ea5f 0341 	movsne.w	r3, r1, lsl #1
 8000120:	ea92 0f03 	teqne	r2, r3
 8000124:	ea7f 6c22 	mvnsne.w	ip, r2, asr #24
 8000128:	ea7f 6c23 	mvnsne.w	ip, r3, asr #24
 800012c:	d06a      	beq.n	8000204 <__addsf3+0xec>
 800012e:	ea4f 6212 	mov.w	r2, r2, lsr #24
 8000132:	ebd2 6313 	rsbs	r3, r2, r3, lsr #24
 8000136:	bfc1      	itttt	gt
 8000138:	18d2      	addgt	r2, r2, r3
 800013a:	4041      	eorgt	r1, r0
 800013c:	4048      	eorgt	r0, r1
 800013e:	4041      	eorgt	r1, r0
 8000140:	bfb8      	it	lt
 8000142:	425b      	neglt	r3, r3
 8000144:	2b19      	cmp	r3, #25
 8000146:	bf88      	it	hi
 8000148:	4770      	bxhi	lr
 800014a:	f010 4f00 	tst.w	r0, #2147483648	@ 0x80000000
 800014e:	f440 0000 	orr.w	r0, r0, #8388608	@ 0x800000
 8000152:	f020 407f 	bic.w	r0, r0, #4278190080	@ 0xff000000
 8000156:	bf18      	it	ne
 8000158:	4240      	negne	r0, r0
 800015a:	f011 4f00 	tst.w	r1, #2147483648	@ 0x80000000
 800015e:	f441 0100 	orr.w	r1, r1, #8388608	@ 0x800000
 8000162:	f021 417f 	bic.w	r1, r1, #4278190080	@ 0xff000000
 8000166:	bf18      	it	ne
 8000168:	4249      	negne	r1, r1
 800016a:	ea92 0f03 	teq	r2, r3
 800016e:	d03f      	beq.n	80001f0 <__addsf3+0xd8>
 8000170:	f1a2 0201 	sub.w	r2, r2, #1
 8000174:	fa41 fc03 	asr.w	ip, r1, r3
 8000178:	eb10 000c 	adds.w	r0, r0, ip
 800017c:	f1c3 0320 	rsb	r3, r3, #32
 8000180:	fa01 f103 	lsl.w	r1, r1, r3
 8000184:	f000 4300 	and.w	r3, r0, #2147483648	@ 0x80000000
 8000188:	d502      	bpl.n	8000190 <__addsf3+0x78>
 800018a:	4249      	negs	r1, r1
 800018c:	eb60 0040 	sbc.w	r0, r0, r0, lsl #1
 8000190:	f5b0 0f00 	cmp.w	r0, #8388608	@ 0x800000
 8000194:	d313      	bcc.n	80001be <__addsf3+0xa6>
 8000196:	f1b0 7f80 	cmp.w	r0, #16777216	@ 0x1000000
 800019a:	d306      	bcc.n	80001aa <__addsf3+0x92>
 800019c:	0840      	lsrs	r0, r0, #1
 800019e:	ea4f 0131 	mov.w	r1, r1, rrx
 80001a2:	f102 0201 	add.w	r2, r2, #1
 80001a6:	2afe      	cmp	r2, #254	@ 0xfe
 80001a8:	d251      	bcs.n	800024e <__addsf3+0x136>
 80001aa:	f1b1 4f00 	cmp.w	r1, #2147483648	@ 0x80000000
 80001ae:	eb40 50c2 	adc.w	r0, r0, r2, lsl #23
 80001b2:	bf08      	it	eq
 80001b4:	f020 0001 	biceq.w	r0, r0, #1
 80001b8:	ea40 0003 	orr.w	r0, r0, r3
 80001bc:	4770      	bx	lr
 80001be:	0049      	lsls	r1, r1, #1
 80001c0:	eb40 0000 	adc.w	r0, r0, r0
 80001c4:	3a01      	subs	r2, #1
 80001c6:	bf28      	it	cs
 80001c8:	f5b0 0f00 	cmpcs.w	r0, #8388608	@ 0x800000
 80001cc:	d2ed      	bcs.n	80001aa <__addsf3+0x92>
 80001ce:	fab0 fc80 	clz	ip, r0
 80001d2:	f1ac 0c08 	sub.w	ip, ip, #8
 80001d6:	ebb2 020c 	subs.w	r2, r2, ip
 80001da:	fa00 f00c 	lsl.w	r0, r0, ip
 80001de:	bfaa      	itet	ge
 80001e0:	eb00 50c2 	addge.w	r0, r0, r2, lsl #23
 80001e4:	4252      	neglt	r2, r2
 80001e6:	4318      	orrge	r0, r3
 80001e8:	bfbc      	itt	lt
 80001ea:	40d0      	lsrlt	r0, r2
 80001ec:	4318      	orrlt	r0, r3
 80001ee:	4770      	bx	lr
 80001f0:	f092 0f00 	teq	r2, #0
 80001f4:	f481 0100 	eor.w	r1, r1, #8388608	@ 0x800000
 80001f8:	bf06      	itte	eq
 80001fa:	f480 0000 	eoreq.w	r0, r0, #8388608	@ 0x800000
 80001fe:	3201      	addeq	r2, #1
 8000200:	3b01      	subne	r3, #1
 8000202:	e7b5      	b.n	8000170 <__addsf3+0x58>
 8000204:	ea4f 0341 	mov.w	r3, r1, lsl #1
 8000208:	ea7f 6c22 	mvns.w	ip, r2, asr #24
 800020c:	bf18      	it	ne
 800020e:	ea7f 6c23 	mvnsne.w	ip, r3, asr #24
 8000212:	d021      	beq.n	8000258 <__addsf3+0x140>
 8000214:	ea92 0f03 	teq	r2, r3
 8000218:	d004      	beq.n	8000224 <__addsf3+0x10c>
 800021a:	f092 0f00 	teq	r2, #0
 800021e:	bf08      	it	eq
 8000220:	4608      	moveq	r0, r1
 8000222:	4770      	bx	lr
 8000224:	ea90 0f01 	teq	r0, r1
 8000228:	bf1c      	itt	ne
 800022a:	2000      	movne	r0, #0
 800022c:	4770      	bxne	lr
 800022e:	f012 4f7f 	tst.w	r2, #4278190080	@ 0xff000000
 8000232:	d104      	bne.n	800023e <__addsf3+0x126>
 8000234:	0040      	lsls	r0, r0, #1
 8000236:	bf28      	it	cs
 8000238:	f040 4000 	orrcs.w	r0, r0, #2147483648	@ 0x80000000
 800023c:	4770      	bx	lr
 800023e:	f112 7200 	adds.w	r2, r2, #33554432	@ 0x2000000
 8000242:	bf3c      	itt	cc
 8000244:	f500 0000 	addcc.w	r0, r0, #8388608	@ 0x800000
 8000248:	4770      	bxcc	lr
 800024a:	f000 4300 	and.w	r3, r0, #2147483648	@ 0x80000000
 800024e:	f043 40fe 	orr.w	r0, r3, #2130706432	@ 0x7f000000
 8000252:	f440 0000 	orr.w	r0, r0, #8388608	@ 0x800000
 8000256:	4770      	bx	lr
 8000258:	ea7f 6222 	mvns.w	r2, r2, asr #24
 800025c:	bf16      	itet	ne
 800025e:	4608      	movne	r0, r1
 8000260:	ea7f 6323 	mvnseq.w	r3, r3, asr #24
 8000264:	4601      	movne	r1, r0
 8000266:	0242      	lsls	r2, r0, #9
 8000268:	bf06      	itte	eq
 800026a:	ea5f 2341 	movseq.w	r3, r1, lsl #9
 800026e:	ea90 0f01 	teqeq	r0, r1
 8000272:	f440 0080 	orrne.w	r0, r0, #4194304	@ 0x400000
 8000276:	4770      	bx	lr

08000278 <__aeabi_ui2f>:
 8000278:	f04f 0300 	mov.w	r3, #0
 800027c:	e004      	b.n	8000288 <__aeabi_i2f+0x8>
 800027e:	bf00      	nop

08000280 <__aeabi_i2f>:
 8000280:	f010 4300 	ands.w	r3, r0, #2147483648	@ 0x80000000
 8000284:	bf48      	it	mi
 8000286:	4240      	negmi	r0, r0
 8000288:	ea5f 0c00 	movs.w	ip, r0
 800028c:	bf08      	it	eq
 800028e:	4770      	bxeq	lr
 8000290:	f043 4396 	orr.w	r3, r3, #1258291200	@ 0x4b000000
 8000294:	4601      	mov	r1, r0
 8000296:	f04f 0000 	mov.w	r0, #0
 800029a:	e01c      	b.n	80002d6 <__aeabi_l2f+0x2a>

0800029c <__aeabi_ul2f>:
 800029c:	ea50 0201 	orrs.w	r2, r0, r1
 80002a0:	bf08      	it	eq
 80002a2:	4770      	bxeq	lr
 80002a4:	f04f 0300 	mov.w	r3, #0
 80002a8:	e00a      	b.n	80002c0 <__aeabi_l2f+0x14>
 80002aa:	bf00      	nop

080002ac <__aeabi_l2f>:
 80002ac:	ea50 0201 	orrs.w	r2, r0, r1
 80002b0:	bf08      	it	eq
 80002b2:	4770      	bxeq	lr
 80002b4:	f011 4300 	ands.w	r3, r1, #2147483648	@ 0x80000000
 80002b8:	d502      	bpl.n	80002c0 <__aeabi_l2f+0x14>
 80002ba:	4240      	negs	r0, r0
 80002bc:	eb61 0141 	sbc.w	r1, r1, r1, lsl #1
 80002c0:	ea5f 0c01 	movs.w	ip, r1
 80002c4:	bf02      	ittt	eq
 80002c6:	4684      	moveq	ip, r0
 80002c8:	4601      	moveq	r1, r0
 80002ca:	2000      	moveq	r0, #0
 80002cc:	f043 43b6 	orr.w	r3, r3, #1526726656	@ 0x5b000000
 80002d0:	bf08      	it	eq
 80002d2:	f1a3 5380 	subeq.w	r3, r3, #268435456	@ 0x10000000
 80002d6:	f5a3 0300 	sub.w	r3, r3, #8388608	@ 0x800000
 80002da:	fabc f28c 	clz	r2, ip
 80002de:	3a08      	subs	r2, #8
 80002e0:	eba3 53c2 	sub.w	r3, r3, r2, lsl #23
 80002e4:	db10      	blt.n	8000308 <__aeabi_l2f+0x5c>
 80002e6:	fa01 fc02 	lsl.w	ip, r1, r2
 80002ea:	4463      	add	r3, ip
 80002ec:	fa00 fc02 	lsl.w	ip, r0, r2
 80002f0:	f1c2 0220 	rsb	r2, r2, #32
 80002f4:	f1bc 4f00 	cmp.w	ip, #2147483648	@ 0x80000000
 80002f8:	fa20 f202 	lsr.w	r2, r0, r2
 80002fc:	eb43 0002 	adc.w	r0, r3, r2
 8000300:	bf08      	it	eq
 8000302:	f020 0001 	biceq.w	r0, r0, #1
 8000306:	4770      	bx	lr
 8000308:	f102 0220 	add.w	r2, r2, #32
 800030c:	fa01 fc02 	lsl.w	ip, r1, r2
 8000310:	f1c2 0220 	rsb	r2, r2, #32
 8000314:	ea50 004c 	orrs.w	r0, r0, ip, lsl #1
 8000318:	fa21 f202 	lsr.w	r2, r1, r2
 800031c:	eb43 0002 	adc.w	r0, r3, r2
 8000320:	bf08      	it	eq
 8000322:	ea20 70dc 	biceq.w	r0, r0, ip, lsr #31
 8000326:	4770      	bx	lr

08000328 <__aeabi_fmul>:
 8000328:	f04f 0cff 	mov.w	ip, #255	@ 0xff
 800032c:	ea1c 52d0 	ands.w	r2, ip, r0, lsr #23
 8000330:	bf1e      	ittt	ne
 8000332:	ea1c 53d1 	andsne.w	r3, ip, r1, lsr #23
 8000336:	ea92 0f0c 	teqne	r2, ip
 800033a:	ea93 0f0c 	teqne	r3, ip
 800033e:	d06f      	beq.n	8000420 <__aeabi_fmul+0xf8>
 8000340:	441a      	add	r2, r3
 8000342:	ea80 0c01 	eor.w	ip, r0, r1
 8000346:	0240      	lsls	r0, r0, #9
 8000348:	bf18      	it	ne
 800034a:	ea5f 2141 	movsne.w	r1, r1, lsl #9
 800034e:	d01e      	beq.n	800038e <__aeabi_fmul+0x66>
 8000350:	f04f 6300 	mov.w	r3, #134217728	@ 0x8000000
 8000354:	ea43 1050 	orr.w	r0, r3, r0, lsr #5
 8000358:	ea43 1151 	orr.w	r1, r3, r1, lsr #5
 800035c:	fba0 3101 	umull	r3, r1, r0, r1
 8000360:	f00c 4000 	and.w	r0, ip, #2147483648	@ 0x80000000
 8000364:	f5b1 0f00 	cmp.w	r1, #8388608	@ 0x800000
 8000368:	bf3e      	ittt	cc
 800036a:	0049      	lslcc	r1, r1, #1
 800036c:	ea41 71d3 	orrcc.w	r1, r1, r3, lsr #31
 8000370:	005b      	lslcc	r3, r3, #1
 8000372:	ea40 0001 	orr.w	r0, r0, r1
 8000376:	f162 027f 	sbc.w	r2, r2, #127	@ 0x7f
 800037a:	2afd      	cmp	r2, #253	@ 0xfd
 800037c:	d81d      	bhi.n	80003ba <__aeabi_fmul+0x92>
 800037e:	f1b3 4f00 	cmp.w	r3, #2147483648	@ 0x80000000
 8000382:	eb40 50c2 	adc.w	r0, r0, r2, lsl #23
 8000386:	bf08      	it	eq
 8000388:	f020 0001 	biceq.w	r0, r0, #1
 800038c:	4770      	bx	lr
 800038e:	f090 0f00 	teq	r0, #0
 8000392:	f00c 4c00 	and.w	ip, ip, #2147483648	@ 0x80000000
 8000396:	bf08      	it	eq
 8000398:	0249      	lsleq	r1, r1, #9
 800039a:	ea4c 2050 	orr.w	r0, ip, r0, lsr #9
 800039e:	ea40 2051 	orr.w	r0, r0, r1, lsr #9
 80003a2:	3a7f      	subs	r2, #127	@ 0x7f
 80003a4:	bfc2      	ittt	gt
 80003a6:	f1d2 03ff 	rsbsgt	r3, r2, #255	@ 0xff
 80003aa:	ea40 50c2 	orrgt.w	r0, r0, r2, lsl #23
 80003ae:	4770      	bxgt	lr
 80003b0:	f440 0000 	orr.w	r0, r0, #8388608	@ 0x800000
 80003b4:	f04f 0300 	mov.w	r3, #0
 80003b8:	3a01      	subs	r2, #1
 80003ba:	dc5d      	bgt.n	8000478 <__aeabi_fmul+0x150>
 80003bc:	f112 0f19 	cmn.w	r2, #25
 80003c0:	bfdc      	itt	le
 80003c2:	f000 4000 	andle.w	r0, r0, #2147483648	@ 0x80000000
 80003c6:	4770      	bxle	lr
 80003c8:	f1c2 0200 	rsb	r2, r2, #0
 80003cc:	0041      	lsls	r1, r0, #1
 80003ce:	fa21 f102 	lsr.w	r1, r1, r2
 80003d2:	f1c2 0220 	rsb	r2, r2, #32
 80003d6:	fa00 fc02 	lsl.w	ip, r0, r2
 80003da:	ea5f 0031 	movs.w	r0, r1, rrx
 80003de:	f140 0000 	adc.w	r0, r0, #0
 80003e2:	ea53 034c 	orrs.w	r3, r3, ip, lsl #1
 80003e6:	bf08      	it	eq
 80003e8:	ea20 70dc 	biceq.w	r0, r0, ip, lsr #31
 80003ec:	4770      	bx	lr
 80003ee:	f092 0f00 	teq	r2, #0
 80003f2:	f000 4c00 	and.w	ip, r0, #2147483648	@ 0x80000000
 80003f6:	bf02      	ittt	eq
 80003f8:	0040      	lsleq	r0, r0, #1
 80003fa:	f410 0f00 	tsteq.w	r0, #8388608	@ 0x800000
 80003fe:	3a01      	subeq	r2, #1
 8000400:	d0f9      	beq.n	80003f6 <__aeabi_fmul+0xce>
 8000402:	ea40 000c 	orr.w	r0, r0, ip
 8000406:	f093 0f00 	teq	r3, #0
 800040a:	f001 4c00 	and.w	ip, r1, #2147483648	@ 0x80000000
 800040e:	bf02      	ittt	eq
 8000410:	0049      	lsleq	r1, r1, #1
 8000412:	f411 0f00 	tsteq.w	r1, #8388608	@ 0x800000
 8000416:	3b01      	subeq	r3, #1
 8000418:	d0f9      	beq.n	800040e <__aeabi_fmul+0xe6>
 800041a:	ea41 010c 	orr.w	r1, r1, ip
 800041e:	e78f      	b.n	8000340 <__aeabi_fmul+0x18>
 8000420:	ea0c 53d1 	and.w	r3, ip, r1, lsr #23
 8000424:	ea92 0f0c 	teq	r2, ip
 8000428:	bf18      	it	ne
 800042a:	ea93 0f0c 	teqne	r3, ip
 800042e:	d00a      	beq.n	8000446 <__aeabi_fmul+0x11e>
 8000430:	f030 4c00 	bics.w	ip, r0, #2147483648	@ 0x80000000
 8000434:	bf18      	it	ne
 8000436:	f031 4c00 	bicsne.w	ip, r1, #2147483648	@ 0x80000000
 800043a:	d1d8      	bne.n	80003ee <__aeabi_fmul+0xc6>
 800043c:	ea80 0001 	eor.w	r0, r0, r1
 8000440:	f000 4000 	and.w	r0, r0, #2147483648	@ 0x80000000
 8000444:	4770      	bx	lr
 8000446:	f090 0f00 	teq	r0, #0
 800044a:	bf17      	itett	ne
 800044c:	f090 4f00 	teqne	r0, #2147483648	@ 0x80000000
 8000450:	4608      	moveq	r0, r1
 8000452:	f091 0f00 	teqne	r1, #0
 8000456:	f091 4f00 	teqne	r1, #2147483648	@ 0x80000000
 800045a:	d014      	beq.n	8000486 <__aeabi_fmul+0x15e>
 800045c:	ea92 0f0c 	teq	r2, ip
 8000460:	d101      	bne.n	8000466 <__aeabi_fmul+0x13e>
 8000462:	0242      	lsls	r2, r0, #9
 8000464:	d10f      	bne.n	8000486 <__aeabi_fmul+0x15e>
 8000466:	ea93 0f0c 	teq	r3, ip
 800046a:	d103      	bne.n	8000474 <__aeabi_fmul+0x14c>
 800046c:	024b      	lsls	r3, r1, #9
 800046e:	bf18      	it	ne
 8000470:	4608      	movne	r0, r1
 8000472:	d108      	bne.n	8000486 <__aeabi_fmul+0x15e>
 8000474:	ea80 0001 	eor.w	r0, r0, r1
 8000478:	f000 4000 	and.w	r0, r0, #2147483648	@ 0x80000000
 800047c:	f040 40fe 	orr.w	r0, r0, #2130706432	@ 0x7f000000
 8000480:	f440 0000 	orr.w	r0, r0, #8388608	@ 0x800000
 8000484:	4770      	bx	lr
 8000486:	f040 40fe 	orr.w	r0, r0, #2130706432	@ 0x7f000000
 800048a:	f440 0040 	orr.w	r0, r0, #12582912	@ 0xc00000
 800048e:	4770      	bx	lr

08000490 <__aeabi_fdiv>:
 8000490:	f04f 0cff 	mov.w	ip, #255	@ 0xff
 8000494:	ea1c 52d0 	ands.w	r2, ip, r0, lsr #23
 8000498:	bf1e      	ittt	ne
 800049a:	ea1c 53d1 	andsne.w	r3, ip, r1, lsr #23
 800049e:	ea92 0f0c 	teqne	r2, ip
 80004a2:	ea93 0f0c 	teqne	r3, ip
 80004a6:	d069      	beq.n	800057c <__aeabi_fdiv+0xec>
 80004a8:	eba2 0203 	sub.w	r2, r2, r3
 80004ac:	ea80 0c01 	eor.w	ip, r0, r1
 80004b0:	0249      	lsls	r1, r1, #9
 80004b2:	ea4f 2040 	mov.w	r0, r0, lsl #9
 80004b6:	d037      	beq.n	8000528 <__aeabi_fdiv+0x98>
 80004b8:	f04f 5380 	mov.w	r3, #268435456	@ 0x10000000
 80004bc:	ea43 1111 	orr.w	r1, r3, r1, lsr #4
 80004c0:	ea43 1310 	orr.w	r3, r3, r0, lsr #4
 80004c4:	f00c 4000 	and.w	r0, ip, #2147483648	@ 0x80000000
 80004c8:	428b      	cmp	r3, r1
 80004ca:	bf38      	it	cc
 80004cc:	005b      	lslcc	r3, r3, #1
 80004ce:	f142 027d 	adc.w	r2, r2, #125	@ 0x7d
 80004d2:	f44f 0c00 	mov.w	ip, #8388608	@ 0x800000
 80004d6:	428b      	cmp	r3, r1
 80004d8:	bf24      	itt	cs
 80004da:	1a5b      	subcs	r3, r3, r1
 80004dc:	ea40 000c 	orrcs.w	r0, r0, ip
 80004e0:	ebb3 0f51 	cmp.w	r3, r1, lsr #1
 80004e4:	bf24      	itt	cs
 80004e6:	eba3 0351 	subcs.w	r3, r3, r1, lsr #1
 80004ea:	ea40 005c 	orrcs.w	r0, r0, ip, lsr #1
 80004ee:	ebb3 0f91 	cmp.w	r3, r1, lsr #2
 80004f2:	bf24      	itt	cs
 80004f4:	eba3 0391 	subcs.w	r3, r3, r1, lsr #2
 80004f8:	ea40 009c 	orrcs.w	r0, r0, ip, lsr #2
 80004fc:	ebb3 0fd1 	cmp.w	r3, r1, lsr #3
 8000500:	bf24      	itt	cs
 8000502:	eba3 03d1 	subcs.w	r3, r3, r1, lsr #3
 8000506:	ea40 00dc 	orrcs.w	r0, r0, ip, lsr #3
 800050a:	011b      	lsls	r3, r3, #4
 800050c:	bf18      	it	ne
 800050e:	ea5f 1c1c 	movsne.w	ip, ip, lsr #4
 8000512:	d1e0      	bne.n	80004d6 <__aeabi_fdiv+0x46>
 8000514:	2afd      	cmp	r2, #253	@ 0xfd
 8000516:	f63f af50 	bhi.w	80003ba <__aeabi_fmul+0x92>
 800051a:	428b      	cmp	r3, r1
 800051c:	eb40 50c2 	adc.w	r0, r0, r2, lsl #23
 8000520:	bf08      	it	eq
 8000522:	f020 0001 	biceq.w	r0, r0, #1
 8000526:	4770      	bx	lr
 8000528:	f00c 4c00 	and.w	ip, ip, #2147483648	@ 0x80000000
 800052c:	ea4c 2050 	orr.w	r0, ip, r0, lsr #9
 8000530:	327f      	adds	r2, #127	@ 0x7f
 8000532:	bfc2      	ittt	gt
 8000534:	f1d2 03ff 	rsbsgt	r3, r2, #255	@ 0xff
 8000538:	ea40 50c2 	orrgt.w	r0, r0, r2, lsl #23
 800053c:	4770      	bxgt	lr
 800053e:	f440 0000 	orr.w	r0, r0, #8388608	@ 0x800000
 8000542:	f04f 0300 	mov.w	r3, #0
 8000546:	3a01      	subs	r2, #1
 8000548:	e737      	b.n	80003ba <__aeabi_fmul+0x92>
 800054a:	f092 0f00 	teq	r2, #0
 800054e:	f000 4c00 	and.w	ip, r0, #2147483648	@ 0x80000000
 8000552:	bf02      	ittt	eq
 8000554:	0040      	lsleq	r0, r0, #1
 8000556:	f410 0f00 	tsteq.w	r0, #8388608	@ 0x800000
 800055a:	3a01      	subeq	r2, #1
 800055c:	d0f9      	beq.n	8000552 <__aeabi_fdiv+0xc2>
 800055e:	ea40 000c 	orr.w	r0, r0, ip
 8000562:	f093 0f00 	teq	r3, #0
 8000566:	f001 4c00 	and.w	ip, r1, #2147483648	@ 0x80000000
 800056a:	bf02      	ittt	eq
 800056c:	0049      	lsleq	r1, r1, #1
 800056e:	f411 0f00 	tsteq.w	r1, #8388608	@ 0x800000
 8000572:	3b01      	subeq	r3, #1
 8000574:	d0f9      	beq.n	800056a <__aeabi_fdiv+0xda>
 8000576:	ea41 010c 	orr.w	r1, r1, ip
 800057a:	e795      	b.n	80004a8 <__aeabi_fdiv+0x18>
 800057c:	ea0c 53d1 	and.w	r3, ip, r1, lsr #23
 8000580:	ea92 0f0c 	teq	r2, ip
 8000584:	d108      	bne.n	8000598 <__aeabi_fdiv+0x108>
 8000586:	0242      	lsls	r2, r0, #9
 8000588:	f47f af7d 	bne.w	8000486 <__aeabi_fmul+0x15e>
 800058c:	ea93 0f0c 	teq	r3, ip
 8000590:	f47f af70 	bne.w	8000474 <__aeabi_fmul+0x14c>
 8000594:	4608      	mov	r0, r1
 8000596:	e776      	b.n	8000486 <__aeabi_fmul+0x15e>
 8000598:	ea93 0f0c 	teq	r3, ip
 800059c:	d104      	bne.n	80005a8 <__aeabi_fdiv+0x118>
 800059e:	024b      	lsls	r3, r1, #9
 80005a0:	f43f af4c 	beq.w	800043c <__aeabi_fmul+0x114>
 80005a4:	4608      	mov	r0, r1
 80005a6:	e76e      	b.n	8000486 <__aeabi_fmul+0x15e>
 80005a8:	f030 4c00 	bics.w	ip, r0, #2147483648	@ 0x80000000
 80005ac:	bf18      	it	ne
 80005ae:	f031 4c00 	bicsne.w	ip, r1, #2147483648	@ 0x80000000
 80005b2:	d1ca      	bne.n	800054a <__aeabi_fdiv+0xba>
 80005b4:	f030 4200 	bics.w	r2, r0, #2147483648	@ 0x80000000
 80005b8:	f47f af5c 	bne.w	8000474 <__aeabi_fmul+0x14c>
 80005bc:	f031 4300 	bics.w	r3, r1, #2147483648	@ 0x80000000
 80005c0:	f47f af3c 	bne.w	800043c <__aeabi_fmul+0x114>
 80005c4:	e75f      	b.n	8000486 <__aeabi_fmul+0x15e>
 80005c6:	bf00      	nop

080005c8 <__aeabi_f2uiz>:
 80005c8:	0042      	lsls	r2, r0, #1
 80005ca:	d20e      	bcs.n	80005ea <__aeabi_f2uiz+0x22>
 80005cc:	f1b2 4ffe 	cmp.w	r2, #2130706432	@ 0x7f000000
 80005d0:	d30b      	bcc.n	80005ea <__aeabi_f2uiz+0x22>
 80005d2:	f04f 039e 	mov.w	r3, #158	@ 0x9e
 80005d6:	ebb3 6212 	subs.w	r2, r3, r2, lsr #24
 80005da:	d409      	bmi.n	80005f0 <__aeabi_f2uiz+0x28>
 80005dc:	ea4f 2300 	mov.w	r3, r0, lsl #8
 80005e0:	f043 4300 	orr.w	r3, r3, #2147483648	@ 0x80000000
 80005e4:	fa23 f002 	lsr.w	r0, r3, r2
 80005e8:	4770      	bx	lr
 80005ea:	f04f 0000 	mov.w	r0, #0
 80005ee:	4770      	bx	lr
 80005f0:	f112 0f61 	cmn.w	r2, #97	@ 0x61
 80005f4:	d101      	bne.n	80005fa <__aeabi_f2uiz+0x32>
 80005f6:	0242      	lsls	r2, r0, #9
 80005f8:	d102      	bne.n	8000600 <__aeabi_f2uiz+0x38>
 80005fa:	f04f 30ff 	mov.w	r0, #4294967295
 80005fe:	4770      	bx	lr
 8000600:	f04f 0000 	mov.w	r0, #0
 8000604:	4770      	bx	lr
 8000606:	bf00      	nop

08000608 <__do_global_dtors_aux>:
 8000608:	b510      	push	{r4, lr}
 800060a:	4c05      	ldr	r4, [pc, #20]	@ (8000620 <__do_global_dtors_aux+0x18>)
 800060c:	7823      	ldrb	r3, [r4, #0]
 800060e:	b933      	cbnz	r3, 800061e <__do_global_dtors_aux+0x16>
 8000610:	4b04      	ldr	r3, [pc, #16]	@ (8000624 <__do_global_dtors_aux+0x1c>)
 8000612:	b113      	cbz	r3, 800061a <__do_global_dtors_aux+0x12>
 8000614:	4804      	ldr	r0, [pc, #16]	@ (8000628 <__do_global_dtors_aux+0x20>)
 8000616:	f3af 8000 	nop.w
 800061a:	2301      	movs	r3, #1
 800061c:	7023      	strb	r3, [r4, #0]
 800061e:	bd10      	pop	{r4, pc}
 8000620:	20000070 	.word	0x20000070
 8000624:	00000000 	.word	0x00000000
 8000628:	080055ec 	.word	0x080055ec

0800062c <frame_dummy>:
 800062c:	b508      	push	{r3, lr}
 800062e:	4b03      	ldr	r3, [pc, #12]	@ (800063c <frame_dummy+0x10>)
 8000630:	b11b      	cbz	r3, 800063a <frame_dummy+0xe>
 8000632:	4903      	ldr	r1, [pc, #12]	@ (8000640 <frame_dummy+0x14>)
 8000634:	4803      	ldr	r0, [pc, #12]	@ (8000644 <frame_dummy+0x18>)
 8000636:	f3af 8000 	nop.w
 800063a:	bd08      	pop	{r3, pc}
 800063c:	00000000 	.word	0x00000000
 8000640:	20000074 	.word	0x20000074
 8000644:	080055ec 	.word	0x080055ec

08000648 <NOS_PixelColor_SetColor>:
#include "NOS_BaseColors.h"

void NOS_PixelColor_SetColor(PixelColor* color,uint8_t R,uint8_t G,uint8_t B)
{
    color->R = R;
 8000648:	7001      	strb	r1, [r0, #0]
    color->G = G;
 800064a:	7042      	strb	r2, [r0, #1]
    color->B = B;
 800064c:	7083      	strb	r3, [r0, #2]
}
 800064e:	4770      	bx	lr

08000650 <NOS_GetBaseColor>:

PixelColor NOS_GetBaseColor(NOS_BaseColors color)
{
 8000650:	b500      	push	{lr}
 8000652:	b083      	sub	sp, #12
    PixelColor result = {0,0,0};
 8000654:	2300      	movs	r3, #0
 8000656:	f88d 3000 	strb.w	r3, [sp]
 800065a:	f88d 3001 	strb.w	r3, [sp, #1]
 800065e:	f88d 3002 	strb.w	r3, [sp, #2]
    
    switch(color)
 8000662:	280b      	cmp	r0, #11
 8000664:	d80d      	bhi.n	8000682 <NOS_GetBaseColor+0x32>
 8000666:	e8df f000 	tbb	[pc, r0]
 800066a:	2206      	.short	0x2206
 800066c:	3e373029 	.word	0x3e373029
 8000670:	5a534c45 	.word	0x5a534c45
 8000674:	6861      	.short	0x6861
    {
        case BLUE:
            NOS_PixelColor_SetColor(&result,0x00,0x00,0xFF);
 8000676:	23ff      	movs	r3, #255	@ 0xff
 8000678:	2200      	movs	r2, #0
 800067a:	4611      	mov	r1, r2
 800067c:	4668      	mov	r0, sp
 800067e:	f7ff ffe3 	bl	8000648 <NOS_PixelColor_SetColor>
        case VIOLET:
            NOS_PixelColor_SetColor(&result,0x7F,0x00,0xFF);
        break;
        
    }
    return result;
 8000682:	9b00      	ldr	r3, [sp, #0]
 8000684:	f8ad 3004 	strh.w	r3, [sp, #4]
 8000688:	0c1b      	lsrs	r3, r3, #16
 800068a:	f88d 3006 	strb.w	r3, [sp, #6]
 800068e:	2000      	movs	r0, #0
 8000690:	f89d 3004 	ldrb.w	r3, [sp, #4]
 8000694:	f363 0007 	bfi	r0, r3, #0, #8
 8000698:	f89d 3005 	ldrb.w	r3, [sp, #5]
 800069c:	f363 200f 	bfi	r0, r3, #8, #8
 80006a0:	f89d 3006 	ldrb.w	r3, [sp, #6]
 80006a4:	f363 4017 	bfi	r0, r3, #16, #8
 80006a8:	b003      	add	sp, #12
 80006aa:	f85d fb04 	ldr.w	pc, [sp], #4
            NOS_PixelColor_SetColor(&result,0x00,0x7F,0xFF);
 80006ae:	23ff      	movs	r3, #255	@ 0xff
 80006b0:	227f      	movs	r2, #127	@ 0x7f
 80006b2:	2100      	movs	r1, #0
 80006b4:	4668      	mov	r0, sp
 80006b6:	f7ff ffc7 	bl	8000648 <NOS_PixelColor_SetColor>
        break;
 80006ba:	e7e2      	b.n	8000682 <NOS_GetBaseColor+0x32>
            NOS_PixelColor_SetColor(&result,0x00,0xFF,0xFF);
 80006bc:	23ff      	movs	r3, #255	@ 0xff
 80006be:	461a      	mov	r2, r3
 80006c0:	2100      	movs	r1, #0
 80006c2:	4668      	mov	r0, sp
 80006c4:	f7ff ffc0 	bl	8000648 <NOS_PixelColor_SetColor>
        break;
 80006c8:	e7db      	b.n	8000682 <NOS_GetBaseColor+0x32>
            NOS_PixelColor_SetColor(&result,0x00,0xFF,0x7F);
 80006ca:	237f      	movs	r3, #127	@ 0x7f
 80006cc:	22ff      	movs	r2, #255	@ 0xff
 80006ce:	2100      	movs	r1, #0
 80006d0:	4668      	mov	r0, sp
 80006d2:	f7ff ffb9 	bl	8000648 <NOS_PixelColor_SetColor>
        break;
 80006d6:	e7d4      	b.n	8000682 <NOS_GetBaseColor+0x32>
            NOS_PixelColor_SetColor(&result,0x00,0xFF,0x00);
 80006d8:	2300      	movs	r3, #0
 80006da:	22ff      	movs	r2, #255	@ 0xff
 80006dc:	4619      	mov	r1, r3
 80006de:	4668      	mov	r0, sp
 80006e0:	f7ff ffb2 	bl	8000648 <NOS_PixelColor_SetColor>
        break;
 80006e4:	e7cd      	b.n	8000682 <NOS_GetBaseColor+0x32>
            NOS_PixelColor_SetColor(&result,0x7F,0xFF,0x00);
 80006e6:	2300      	movs	r3, #0
 80006e8:	22ff      	movs	r2, #255	@ 0xff
 80006ea:	217f      	movs	r1, #127	@ 0x7f
 80006ec:	4668      	mov	r0, sp
 80006ee:	f7ff ffab 	bl	8000648 <NOS_PixelColor_SetColor>
        break;
 80006f2:	e7c6      	b.n	8000682 <NOS_GetBaseColor+0x32>
            NOS_PixelColor_SetColor(&result,0xFF,0xFF,0x00);
 80006f4:	2300      	movs	r3, #0
 80006f6:	22ff      	movs	r2, #255	@ 0xff
 80006f8:	4611      	mov	r1, r2
 80006fa:	4668      	mov	r0, sp
 80006fc:	f7ff ffa4 	bl	8000648 <NOS_PixelColor_SetColor>
        break;
 8000700:	e7bf      	b.n	8000682 <NOS_GetBaseColor+0x32>
            NOS_PixelColor_SetColor(&result,0xFF,0x7F,0x00);
 8000702:	2300      	movs	r3, #0
 8000704:	227f      	movs	r2, #127	@ 0x7f
 8000706:	21ff      	movs	r1, #255	@ 0xff
 8000708:	4668      	mov	r0, sp
 800070a:	f7ff ff9d 	bl	8000648 <NOS_PixelColor_SetColor>
        break;
 800070e:	e7b8      	b.n	8000682 <NOS_GetBaseColor+0x32>
            NOS_PixelColor_SetColor(&result,0xFF,0x00,0x00);
 8000710:	2300      	movs	r3, #0
 8000712:	461a      	mov	r2, r3
 8000714:	21ff      	movs	r1, #255	@ 0xff
 8000716:	4668      	mov	r0, sp
 8000718:	f7ff ff96 	bl	8000648 <NOS_PixelColor_SetColor>
        break;
 800071c:	e7b1      	b.n	8000682 <NOS_GetBaseColor+0x32>
            NOS_PixelColor_SetColor(&result,0xFF,0x00,0x7F);
 800071e:	237f      	movs	r3, #127	@ 0x7f
 8000720:	2200      	movs	r2, #0
 8000722:	21ff      	movs	r1, #255	@ 0xff
 8000724:	4668      	mov	r0, sp
 8000726:	f7ff ff8f 	bl	8000648 <NOS_PixelColor_SetColor>
        break;
 800072a:	e7aa      	b.n	8000682 <NOS_GetBaseColor+0x32>
            NOS_PixelColor_SetColor(&result,0xFF,0x00,0xFF);
 800072c:	23ff      	movs	r3, #255	@ 0xff
 800072e:	2200      	movs	r2, #0
 8000730:	4619      	mov	r1, r3
 8000732:	4668      	mov	r0, sp
 8000734:	f7ff ff88 	bl	8000648 <NOS_PixelColor_SetColor>
        break;
 8000738:	e7a3      	b.n	8000682 <NOS_GetBaseColor+0x32>
            NOS_PixelColor_SetColor(&result,0x7F,0x00,0xFF);
 800073a:	23ff      	movs	r3, #255	@ 0xff
 800073c:	2200      	movs	r2, #0
 800073e:	217f      	movs	r1, #127	@ 0x7f
 8000740:	4668      	mov	r0, sp
 8000742:	f7ff ff81 	bl	8000648 <NOS_PixelColor_SetColor>
        break;
 8000746:	e79c      	b.n	8000682 <NOS_GetBaseColor+0x32>

08000748 <NOS_FlashMemory_Struct_Validate>:
#include "NOS_Flash.h"

bool NOS_FlashMemory_Struct_Validate(NOS_Flash_Memory_Struct* flashMemory)
{
 8000748:	b410      	push	{r4}
	bool validated = true;

	size_t _size = flashMemory->totalSize;
 800074a:	6e81      	ldr	r1, [r0, #104]	@ 0x68
	uint32_t address = flashMemory->baseFlashAddress;
 800074c:	6804      	ldr	r4, [r0, #0]

	for(int i = 0; i < _size; i++)
 800074e:	2300      	movs	r3, #0
	bool validated = true;
 8000750:	2001      	movs	r0, #1
	for(int i = 0; i < _size; i++)
 8000752:	e000      	b.n	8000756 <NOS_FlashMemory_Struct_Validate+0xe>
 8000754:	3301      	adds	r3, #1
 8000756:	428b      	cmp	r3, r1
 8000758:	d205      	bcs.n	8000766 <NOS_FlashMemory_Struct_Validate+0x1e>
	{
		if(*(uint32_t*)address == 0xFFFFFFFF)
 800075a:	6822      	ldr	r2, [r4, #0]
 800075c:	f1b2 3fff 	cmp.w	r2, #4294967295
 8000760:	d1f8      	bne.n	8000754 <NOS_FlashMemory_Struct_Validate+0xc>
		{
			validated = false;
 8000762:	2000      	movs	r0, #0
 8000764:	e7f6      	b.n	8000754 <NOS_FlashMemory_Struct_Validate+0xc>
		}
	}

	return validated;
}
 8000766:	bc10      	pop	{r4}
 8000768:	4770      	bx	lr

0800076a <NOS_Flash_Chunk_Init>:

void NOS_Flash_Chunk_Init(NOS_Flash_Chunk* chunk,void* dataPtr,size_t size)
{
	chunk->dataPointer = dataPtr;
 800076a:	6001      	str	r1, [r0, #0]
	chunk->size = size;
 800076c:	6082      	str	r2, [r0, #8]
	chunk->flashAddress = 0;
 800076e:	2300      	movs	r3, #0
 8000770:	6043      	str	r3, [r0, #4]
}
 8000772:	4770      	bx	lr

08000774 <NOS_FlashMemory_Struct_Init>:

void NOS_FlashMemory_Struct_Init(NOS_Flash_Memory_Struct* flashMemory,uint32_t baseAddress)
{
	flashMemory->baseFlashAddress = baseAddress;
 8000774:	6001      	str	r1, [r0, #0]
	flashMemory->chunksCounter = 0;
 8000776:	2300      	movs	r3, #0
 8000778:	6643      	str	r3, [r0, #100]	@ 0x64
}
 800077a:	4770      	bx	lr

0800077c <NOS_Flash_Chunk_Copy>:

void NOS_Flash_Chunk_Copy(NOS_Flash_Chunk* destination,NOS_Flash_Chunk* source)
{
	destination->dataPointer = source->dataPointer;
 800077c:	680b      	ldr	r3, [r1, #0]
 800077e:	6003      	str	r3, [r0, #0]
	destination->size = source->size;
 8000780:	688b      	ldr	r3, [r1, #8]
 8000782:	6083      	str	r3, [r0, #8]
	destination->flashAddress = 0;
 8000784:	2300      	movs	r3, #0
 8000786:	6043      	str	r3, [r0, #4]
}
 8000788:	4770      	bx	lr

0800078a <NOS_FlashMemory_Struct_AddChunk>:

void NOS_FlashMemory_Struct_AddChunk(NOS_Flash_Memory_Struct* flashMemory, NOS_Flash_Chunk* chunk)
{
 800078a:	b538      	push	{r3, r4, r5, lr}
 800078c:	4604      	mov	r4, r0
	if(flashMemory->chunksCounter < FLASH_CHUNKS_MAX_COUNTER)
 800078e:	6e40      	ldr	r0, [r0, #100]	@ 0x64
 8000790:	2807      	cmp	r0, #7
 8000792:	d900      	bls.n	8000796 <NOS_FlashMemory_Struct_AddChunk+0xc>
		NOS_Flash_Chunk_Copy(&flashMemory->chunks[flashMemory->chunksCounter],chunk);
		flashMemory->chunks[flashMemory->chunksCounter].flashAddress = flashMemory->baseFlashAddress + flashMemory->totalSize;
		flashMemory->chunksCounter++;
		flashMemory->totalSize += chunk->size;
	}
}
 8000794:	bd38      	pop	{r3, r4, r5, pc}
 8000796:	460d      	mov	r5, r1
		NOS_Flash_Chunk_Copy(&flashMemory->chunks[flashMemory->chunksCounter],chunk);
 8000798:	eb00 0040 	add.w	r0, r0, r0, lsl #1
 800079c:	eb04 0080 	add.w	r0, r4, r0, lsl #2
 80007a0:	3004      	adds	r0, #4
 80007a2:	f7ff ffeb 	bl	800077c <NOS_Flash_Chunk_Copy>
		flashMemory->chunks[flashMemory->chunksCounter].flashAddress = flashMemory->baseFlashAddress + flashMemory->totalSize;
 80007a6:	6821      	ldr	r1, [r4, #0]
 80007a8:	6ea2      	ldr	r2, [r4, #104]	@ 0x68
 80007aa:	6e63      	ldr	r3, [r4, #100]	@ 0x64
 80007ac:	1888      	adds	r0, r1, r2
 80007ae:	eb03 0143 	add.w	r1, r3, r3, lsl #1
 80007b2:	eb04 0181 	add.w	r1, r4, r1, lsl #2
 80007b6:	6088      	str	r0, [r1, #8]
		flashMemory->chunksCounter++;
 80007b8:	3301      	adds	r3, #1
 80007ba:	6663      	str	r3, [r4, #100]	@ 0x64
		flashMemory->totalSize += chunk->size;
 80007bc:	68ab      	ldr	r3, [r5, #8]
 80007be:	441a      	add	r2, r3
 80007c0:	66a2      	str	r2, [r4, #104]	@ 0x68
}
 80007c2:	e7e7      	b.n	8000794 <NOS_FlashMemory_Struct_AddChunk+0xa>

080007c4 <NOS_Flash_Memory_Struct_Save>:
{
	return flashMemory->totalSize;
}

void NOS_Flash_Memory_Struct_Save(NOS_Flash_Memory_Struct* flashMemory)
{
 80007c4:	e92d 43f0 	stmdb	sp!, {r4, r5, r6, r7, r8, r9, lr}
 80007c8:	b089      	sub	sp, #36	@ 0x24
 80007ca:	af00      	add	r7, sp, #0
 80007cc:	4681      	mov	r9, r0
	uint32_t address = flashMemory->baseFlashAddress;
 80007ce:	f8d0 8000 	ldr.w	r8, [r0]
	uint32_t u32Count = flashMemory->totalSize/4;
 80007d2:	6e86      	ldr	r6, [r0, #104]	@ 0x68
 80007d4:	08b5      	lsrs	r5, r6, #2
	uint32_t data_to_flash[u32Count];
 80007d6:	f026 0203 	bic.w	r2, r6, #3
 80007da:	3207      	adds	r2, #7
 80007dc:	f022 0207 	bic.w	r2, r2, #7
 80007e0:	ebad 0d02 	sub.w	sp, sp, r2
 80007e4:	466c      	mov	r4, sp
	uint32_t dataCounter = 0;
	uint8_t pageCount = (flashMemory->totalSize / FLASH_PAGE_SIZE) + 1;
 80007e6:	f3c6 2687 	ubfx	r6, r6, #10, #8
 80007ea:	3601      	adds	r6, #1
 80007ec:	b2f6      	uxtb	r6, r6

	for(int currChunk = 0; currChunk < flashMemory->chunksCounter; currChunk++)
 80007ee:	f04f 0e00 	mov.w	lr, #0
	uint32_t dataCounter = 0;
 80007f2:	4672      	mov	r2, lr
	for(int currChunk = 0; currChunk < flashMemory->chunksCounter; currChunk++)
 80007f4:	e009      	b.n	800080a <NOS_Flash_Memory_Struct_Save+0x46>
		uint32_t* pointer = flashMemory->chunks[currChunk].dataPointer;
		uint32_t currChunkU32Size = flashMemory->chunks[currChunk].size/4;

		for(int i = 0; i < currChunkU32Size; i++)
		{
			data_to_flash[dataCounter] = *pointer;
 80007f6:	f851 0b04 	ldr.w	r0, [r1], #4
 80007fa:	f844 0022 	str.w	r0, [r4, r2, lsl #2]
			pointer++;
			dataCounter++;
 80007fe:	3201      	adds	r2, #1
		for(int i = 0; i < currChunkU32Size; i++)
 8000800:	3301      	adds	r3, #1
 8000802:	4563      	cmp	r3, ip
 8000804:	d3f7      	bcc.n	80007f6 <NOS_Flash_Memory_Struct_Save+0x32>
	for(int currChunk = 0; currChunk < flashMemory->chunksCounter; currChunk++)
 8000806:	f10e 0e01 	add.w	lr, lr, #1
 800080a:	f8d9 3064 	ldr.w	r3, [r9, #100]	@ 0x64
 800080e:	4573      	cmp	r3, lr
 8000810:	d909      	bls.n	8000826 <NOS_Flash_Memory_Struct_Save+0x62>
		uint32_t* pointer = flashMemory->chunks[currChunk].dataPointer;
 8000812:	eb0e 034e 	add.w	r3, lr, lr, lsl #1
 8000816:	eb09 0383 	add.w	r3, r9, r3, lsl #2
 800081a:	6859      	ldr	r1, [r3, #4]
		uint32_t currChunkU32Size = flashMemory->chunks[currChunk].size/4;
 800081c:	68db      	ldr	r3, [r3, #12]
 800081e:	ea4f 0c93 	mov.w	ip, r3, lsr #2
		for(int i = 0; i < currChunkU32Size; i++)
 8000822:	2300      	movs	r3, #0
 8000824:	e7ed      	b.n	8000802 <NOS_Flash_Memory_Struct_Save+0x3e>
		}
	}

	HAL_FLASH_Unlock();
 8000826:	f002 fa2d 	bl	8002c84 <HAL_FLASH_Unlock>
	HAL_FLASH_OB_Unlock();
 800082a:	f002 fa4f 	bl	8002ccc <HAL_FLASH_OB_Unlock>
	
	volatile HAL_StatusTypeDef status = HAL_OK;
 800082e:	2300      	movs	r3, #0
 8000830:	77fb      	strb	r3, [r7, #31]
	volatile uint32_t write_cnt=0, index=0;
 8000832:	61bb      	str	r3, [r7, #24]
 8000834:	617b      	str	r3, [r7, #20]

	FLASH_EraseInitTypeDef EraseInitStruct;
	EraseInitStruct.TypeErase = FLASH_TYPEERASE_PAGES;
 8000836:	607b      	str	r3, [r7, #4]
	EraseInitStruct.PageAddress = address;
 8000838:	f8c7 800c 	str.w	r8, [r7, #12]
	EraseInitStruct.NbPages = pageCount;
 800083c:	613e      	str	r6, [r7, #16]
	uint32_t PageError;
	status = HAL_FLASHEx_Erase(&EraseInitStruct, &PageError);
 800083e:	4639      	mov	r1, r7
 8000840:	1d38      	adds	r0, r7, #4
 8000842:	f002 fb09 	bl	8002e58 <HAL_FLASHEx_Erase>
 8000846:	77f8      	strb	r0, [r7, #31]
	
	

	while(index < u32Count)
 8000848:	697b      	ldr	r3, [r7, #20]
 800084a:	42ab      	cmp	r3, r5
 800084c:	d216      	bcs.n	800087c <NOS_Flash_Memory_Struct_Save+0xb8>
	{
		if (status == HAL_OK)
 800084e:	7ffb      	ldrb	r3, [r7, #31]
 8000850:	2b00      	cmp	r3, #0
 8000852:	d1f9      	bne.n	8000848 <NOS_Flash_Memory_Struct_Save+0x84>
		{
			status = HAL_FLASH_Program(FLASH_TYPEPROGRAM_WORD, address+write_cnt, data_to_flash[index]);
 8000854:	69b9      	ldr	r1, [r7, #24]
 8000856:	697b      	ldr	r3, [r7, #20]
 8000858:	f854 2023 	ldr.w	r2, [r4, r3, lsl #2]
 800085c:	2300      	movs	r3, #0
 800085e:	4441      	add	r1, r8
 8000860:	2002      	movs	r0, #2
 8000862:	f002 fa85 	bl	8002d70 <HAL_FLASH_Program>
 8000866:	77f8      	strb	r0, [r7, #31]
			if(status == HAL_OK)
 8000868:	7ffb      	ldrb	r3, [r7, #31]
 800086a:	2b00      	cmp	r3, #0
 800086c:	d1ec      	bne.n	8000848 <NOS_Flash_Memory_Struct_Save+0x84>
			{
				write_cnt += 4;
 800086e:	69bb      	ldr	r3, [r7, #24]
 8000870:	3304      	adds	r3, #4
 8000872:	61bb      	str	r3, [r7, #24]
				index++;
 8000874:	697b      	ldr	r3, [r7, #20]
 8000876:	3301      	adds	r3, #1
 8000878:	617b      	str	r3, [r7, #20]
 800087a:	e7e5      	b.n	8000848 <NOS_Flash_Memory_Struct_Save+0x84>
			}
		}
	}

	HAL_FLASH_OB_Lock();
 800087c:	f002 fa3a 	bl	8002cf4 <HAL_FLASH_OB_Lock>
	HAL_FLASH_Lock();
 8000880:	f002 fa1a 	bl	8002cb8 <HAL_FLASH_Lock>
}
 8000884:	3724      	adds	r7, #36	@ 0x24
 8000886:	46bd      	mov	sp, r7
 8000888:	e8bd 83f0 	ldmia.w	sp!, {r4, r5, r6, r7, r8, r9, pc}

0800088c <NOS_Flash_Memory_Struct_Load>:

void NOS_Flash_Memory_Struct_Load(NOS_Flash_Memory_Struct* flashMemory)
{
 800088c:	b510      	push	{r4, lr}
 800088e:	4604      	mov	r4, r0
	for(int currChunk = 0; currChunk < flashMemory->chunksCounter; currChunk++)
 8000890:	f04f 0e00 	mov.w	lr, #0
 8000894:	e008      	b.n	80008a8 <NOS_Flash_Memory_Struct_Load+0x1c>
		uint32_t currChunkU32Size = flashMemory->chunks[currChunk].size/4;
		uint32_t data = 0;

		for(int i = 0; i < currChunkU32Size; i++)
		{	
			data = *(uint32_t*)currAddress;
 8000896:	f851 0b04 	ldr.w	r0, [r1], #4
			*pointer = data;
 800089a:	f842 0b04 	str.w	r0, [r2], #4
		for(int i = 0; i < currChunkU32Size; i++)
 800089e:	3301      	adds	r3, #1
 80008a0:	4563      	cmp	r3, ip
 80008a2:	d3f8      	bcc.n	8000896 <NOS_Flash_Memory_Struct_Load+0xa>
	for(int currChunk = 0; currChunk < flashMemory->chunksCounter; currChunk++)
 80008a4:	f10e 0e01 	add.w	lr, lr, #1
 80008a8:	6e63      	ldr	r3, [r4, #100]	@ 0x64
 80008aa:	4573      	cmp	r3, lr
 80008ac:	d90a      	bls.n	80008c4 <NOS_Flash_Memory_Struct_Load+0x38>
		uint32_t currAddress = flashMemory->chunks[currChunk].flashAddress;
 80008ae:	eb0e 034e 	add.w	r3, lr, lr, lsl #1
 80008b2:	eb04 0383 	add.w	r3, r4, r3, lsl #2
 80008b6:	6899      	ldr	r1, [r3, #8]
		uint32_t* pointer = flashMemory->chunks[currChunk].dataPointer;
 80008b8:	685a      	ldr	r2, [r3, #4]
		uint32_t currChunkU32Size = flashMemory->chunks[currChunk].size/4;
 80008ba:	68db      	ldr	r3, [r3, #12]
 80008bc:	ea4f 0c93 	mov.w	ip, r3, lsr #2
		for(int i = 0; i < currChunkU32Size; i++)
 80008c0:	2300      	movs	r3, #0
 80008c2:	e7ed      	b.n	80008a0 <NOS_Flash_Memory_Struct_Load+0x14>
			currAddress += 4;
			pointer++;
		}

	}
 80008c4:	bd10      	pop	{r4, pc}

080008c6 <NOS_Math_GetSinValue>:
}

int NOS_Math_GetSinValue(SinValue* value)
{
    return value->value;
}
 80008c6:	6800      	ldr	r0, [r0, #0]
 80008c8:	4770      	bx	lr

080008ca <NOS_Math_SinValue_Handler>:

void NOS_Math_SinValue_Handler(SinValue* value)
{
    if(value->rise)
 80008ca:	7c03      	ldrb	r3, [r0, #16]
 80008cc:	b163      	cbz	r3, 80008e8 <NOS_Math_SinValue_Handler+0x1e>
    {
        value->value += value->increment;
 80008ce:	6803      	ldr	r3, [r0, #0]
 80008d0:	68c2      	ldr	r2, [r0, #12]
 80008d2:	4413      	add	r3, r2
 80008d4:	6003      	str	r3, [r0, #0]
        if(value->value > value->maxValue)
 80008d6:	6882      	ldr	r2, [r0, #8]
 80008d8:	4293      	cmp	r3, r2
 80008da:	dd13      	ble.n	8000904 <NOS_Math_SinValue_Handler+0x3a>
        {
            value->value = value->maxValue;
 80008dc:	6002      	str	r2, [r0, #0]
            value->rise = false;
 80008de:	2300      	movs	r3, #0
 80008e0:	7403      	strb	r3, [r0, #16]
            value->fall = true;
 80008e2:	2301      	movs	r3, #1
 80008e4:	7443      	strb	r3, [r0, #17]
 80008e6:	4770      	bx	lr
        }
    }
    else if(value->fall)
 80008e8:	7c43      	ldrb	r3, [r0, #17]
 80008ea:	b15b      	cbz	r3, 8000904 <NOS_Math_SinValue_Handler+0x3a>
    {
        value->value -= value->increment;
 80008ec:	6803      	ldr	r3, [r0, #0]
 80008ee:	68c2      	ldr	r2, [r0, #12]
 80008f0:	1a9b      	subs	r3, r3, r2
 80008f2:	6003      	str	r3, [r0, #0]
        if(value->value < value->minValue)
 80008f4:	6842      	ldr	r2, [r0, #4]
 80008f6:	4293      	cmp	r3, r2
 80008f8:	da04      	bge.n	8000904 <NOS_Math_SinValue_Handler+0x3a>
        {
            value->value = value->minValue;
 80008fa:	6002      	str	r2, [r0, #0]
            value->fall = false;
 80008fc:	2300      	movs	r3, #0
 80008fe:	7443      	strb	r3, [r0, #17]
            value->rise = true;
 8000900:	2301      	movs	r3, #1
 8000902:	7403      	strb	r3, [r0, #16]
        }
    }
}
 8000904:	4770      	bx	lr

08000906 <NOS_Math_SinValue_Init>:

void NOS_Math_SinValue_Init(SinValue* value,int minValue,int maxValue,int increment)
{
    value->value = minValue;
 8000906:	6001      	str	r1, [r0, #0]
    value->minValue = minValue;
 8000908:	6041      	str	r1, [r0, #4]
    value->maxValue = maxValue;
 800090a:	6082      	str	r2, [r0, #8]
    value->rise = true;
 800090c:	2201      	movs	r2, #1
 800090e:	7402      	strb	r2, [r0, #16]
    value->fall = false;
 8000910:	2200      	movs	r2, #0
 8000912:	7442      	strb	r2, [r0, #17]
    value->increment = increment;
 8000914:	60c3      	str	r3, [r0, #12]
 8000916:	4770      	bx	lr

08000918 <NOS_Strip_UART_ParseCommand>:
#include "NOS_Strip_UART.h"
#include "NOS_WS2812B_Strip.h"

bool NOS_Strip_UART_ParseCommand(WS2812B_Strip* strip,UART_Message* message)
{
 8000918:	e92d 43f0 	stmdb	sp!, {r4, r5, r6, r7, r8, r9, lr}
 800091c:	b095      	sub	sp, #84	@ 0x54
 800091e:	4606      	mov	r6, r0
 8000920:	460c      	mov	r4, r1
    int currPos = 0;
    NOS_Short tempShort;
    Effect_Struct tempEffect = {0};
 8000922:	222c      	movs	r2, #44	@ 0x2c
 8000924:	2100      	movs	r1, #0
 8000926:	a809      	add	r0, sp, #36	@ 0x24
 8000928:	f003 ff65 	bl	80047f6 <memset>
    PixelColor color = NOS_GetBaseColor(GREEN);
 800092c:	2004      	movs	r0, #4
 800092e:	f7ff fe8f 	bl	8000650 <NOS_GetBaseColor>
 8000932:	f88d 0020 	strb.w	r0, [sp, #32]
 8000936:	f3c0 2307 	ubfx	r3, r0, #8, #8
 800093a:	f88d 3021 	strb.w	r3, [sp, #33]	@ 0x21
 800093e:	f3c0 4007 	ubfx	r0, r0, #16, #8
 8000942:	f88d 0022 	strb.w	r0, [sp, #34]	@ 0x22
    NOS_WS2812B_Strip_Effect_Init(&tempEffect,&color,0,0,0,0,0,0,0,0,0,0);
 8000946:	2200      	movs	r2, #0
 8000948:	9207      	str	r2, [sp, #28]
 800094a:	9206      	str	r2, [sp, #24]
 800094c:	9205      	str	r2, [sp, #20]
 800094e:	9204      	str	r2, [sp, #16]
 8000950:	9203      	str	r2, [sp, #12]
 8000952:	9202      	str	r2, [sp, #8]
 8000954:	9201      	str	r2, [sp, #4]
 8000956:	9200      	str	r2, [sp, #0]
 8000958:	4613      	mov	r3, r2
 800095a:	a908      	add	r1, sp, #32
 800095c:	a809      	add	r0, sp, #36	@ 0x24
 800095e:	f000 fc21 	bl	80011a4 <NOS_WS2812B_Strip_Effect_Init>

    switch (message->command.data)
 8000962:	68e3      	ldr	r3, [r4, #12]
 8000964:	2b10      	cmp	r3, #16
 8000966:	d030      	beq.n	80009ca <NOS_Strip_UART_ParseCommand+0xb2>
 8000968:	f0c0 81c5 	bcc.w	8000cf6 <NOS_Strip_UART_ParseCommand+0x3de>
 800096c:	2b52      	cmp	r3, #82	@ 0x52
 800096e:	f200 81c4 	bhi.w	8000cfa <NOS_Strip_UART_ParseCommand+0x3e2>
 8000972:	2b30      	cmp	r3, #48	@ 0x30
 8000974:	f0c0 81c3 	bcc.w	8000cfe <NOS_Strip_UART_ParseCommand+0x3e6>
 8000978:	3b30      	subs	r3, #48	@ 0x30
 800097a:	2b22      	cmp	r3, #34	@ 0x22
 800097c:	f200 81c1 	bhi.w	8000d02 <NOS_Strip_UART_ParseCommand+0x3ea>
 8000980:	e8df f013 	tbh	[pc, r3, lsl #1]
 8000984:	01560144 	.word	0x01560144
 8000988:	01bf0179 	.word	0x01bf0179
 800098c:	018c01bf 	.word	0x018c01bf
 8000990:	01bf01bf 	.word	0x01bf01bf
 8000994:	01bf01bf 	.word	0x01bf01bf
 8000998:	01bf01bf 	.word	0x01bf01bf
 800099c:	01bf01bf 	.word	0x01bf01bf
 80009a0:	01bf01bf 	.word	0x01bf01bf
 80009a4:	01bf01bf 	.word	0x01bf01bf
 80009a8:	01bf01bf 	.word	0x01bf01bf
 80009ac:	01bf01bf 	.word	0x01bf01bf
 80009b0:	01bf01bf 	.word	0x01bf01bf
 80009b4:	01bf01bf 	.word	0x01bf01bf
 80009b8:	01bf01bf 	.word	0x01bf01bf
 80009bc:	01bf01bf 	.word	0x01bf01bf
 80009c0:	01bf01bf 	.word	0x01bf01bf
 80009c4:	00920039 	.word	0x00920039
 80009c8:	00eb      	.short	0x00eb
    {
        case SET_STRIP_PIXEL_COUNT:

        tempShort.bytes[1] = message->data[currPos++];
 80009ca:	7c23      	ldrb	r3, [r4, #16]
 80009cc:	f04f 0100 	mov.w	r1, #0
 80009d0:	f363 210f 	bfi	r1, r3, #8, #8
        tempShort.bytes[0] = message->data[currPos++];
 80009d4:	7c63      	ldrb	r3, [r4, #17]
 80009d6:	f363 0107 	bfi	r1, r3, #0, #8


        if(tempShort.data > 0 && tempShort.data <= 512)
 80009da:	b28c      	uxth	r4, r1
 80009dc:	1e63      	subs	r3, r4, #1
 80009de:	b29b      	uxth	r3, r3
 80009e0:	f5b3 7f00 	cmp.w	r3, #512	@ 0x200
 80009e4:	d301      	bcc.n	80009ea <NOS_Strip_UART_ParseCommand+0xd2>
        {
            NOS_WS2812B_Strip_Clear(strip);
            strip->pixelCount = tempShort.data;
        }
        
        return true;
 80009e6:	2001      	movs	r0, #1
 80009e8:	e18c      	b.n	8000d04 <NOS_Strip_UART_ParseCommand+0x3ec>
            NOS_WS2812B_Strip_Clear(strip);
 80009ea:	4630      	mov	r0, r6
 80009ec:	f000 fb27 	bl	800103e <NOS_WS2812B_Strip_Clear>
            strip->pixelCount = tempShort.data;
 80009f0:	60b4      	str	r4, [r6, #8]
        return true;
 80009f2:	2001      	movs	r0, #1
 80009f4:	e186      	b.n	8000d04 <NOS_Strip_UART_ParseCommand+0x3ec>
        break;

    case SET_BREATHE_EFFECT_COMMAND:

            if(message->data[currPos++] == EFFECT_BREATHE_ID)
 80009f6:	7c23      	ldrb	r3, [r4, #16]
 80009f8:	2b20      	cmp	r3, #32
 80009fa:	d04e      	beq.n	8000a9a <NOS_Strip_UART_ParseCommand+0x182>
            {
                tempEffect.effectId = EFFECT_BREATHE_ID;
            }

            if(message->data[currPos++] == 0xFF)
 80009fc:	7c63      	ldrb	r3, [r4, #17]
 80009fe:	2bff      	cmp	r3, #255	@ 0xff
 8000a00:	d04e      	beq.n	8000aa0 <NOS_Strip_UART_ParseCommand+0x188>
            {
                tempEffect.enabled = true;
            }
            else
            {
                tempEffect.enabled = false;
 8000a02:	2300      	movs	r3, #0
 8000a04:	f88d 304d 	strb.w	r3, [sp, #77]	@ 0x4d
            }

            tempShort.bytes[1] = message->data[currPos++];
 8000a08:	7ca3      	ldrb	r3, [r4, #18]
 8000a0a:	f04f 0100 	mov.w	r1, #0
 8000a0e:	f363 210f 	bfi	r1, r3, #8, #8
            tempShort.bytes[0] = message->data[currPos++];
 8000a12:	7ce3      	ldrb	r3, [r4, #19]
 8000a14:	f363 0107 	bfi	r1, r3, #0, #8
            uint16_t speed = tempShort.data;
 8000a18:	b28a      	uxth	r2, r1

            tempShort.bytes[1] = message->data[currPos++];
 8000a1a:	7d23      	ldrb	r3, [r4, #20]
 8000a1c:	f363 210f 	bfi	r1, r3, #8, #8
            tempShort.bytes[0] = message->data[currPos++];
 8000a20:	7d63      	ldrb	r3, [r4, #21]
 8000a22:	f363 0107 	bfi	r1, r3, #0, #8
            uint16_t step = tempShort.data;
 8000a26:	b28b      	uxth	r3, r1

            tempShort.bytes[1] = message->data[currPos++];
 8000a28:	7da0      	ldrb	r0, [r4, #22]
 8000a2a:	f360 210f 	bfi	r1, r0, #8, #8
            tempShort.bytes[0] = message->data[currPos++];
 8000a2e:	7de0      	ldrb	r0, [r4, #23]
 8000a30:	f360 0107 	bfi	r1, r0, #0, #8
            uint16_t min = tempShort.data;
 8000a34:	b28d      	uxth	r5, r1

            tempShort.bytes[1] = message->data[currPos++];
 8000a36:	7e20      	ldrb	r0, [r4, #24]
 8000a38:	f360 210f 	bfi	r1, r0, #8, #8
            tempShort.bytes[0] = message->data[currPos++];
 8000a3c:	7e60      	ldrb	r0, [r4, #25]
 8000a3e:	f360 0107 	bfi	r1, r0, #0, #8
            uint16_t max = tempShort.data;
 8000a42:	b289      	uxth	r1, r1

            tempEffect.color.R = message->data[currPos++];
 8000a44:	7ea0      	ldrb	r0, [r4, #26]
 8000a46:	f88d 004a 	strb.w	r0, [sp, #74]	@ 0x4a
            tempEffect.color.G = message->data[currPos++];
 8000a4a:	7ee0      	ldrb	r0, [r4, #27]
 8000a4c:	f88d 004b 	strb.w	r0, [sp, #75]	@ 0x4b
            tempEffect.color.B = message->data[currPos++];
 8000a50:	7f20      	ldrb	r0, [r4, #28]
 8000a52:	f88d 004c 	strb.w	r0, [sp, #76]	@ 0x4c

            NOS_WS2812B_Strip_Effect_Init(&tempEffect,&tempEffect.color,speed,step,min,max,0,0,0,0,tempEffect.effectId,tempEffect.enabled);
 8000a56:	af09      	add	r7, sp, #36	@ 0x24
 8000a58:	f89d 004d 	ldrb.w	r0, [sp, #77]	@ 0x4d
 8000a5c:	9007      	str	r0, [sp, #28]
 8000a5e:	f89d 004e 	ldrb.w	r0, [sp, #78]	@ 0x4e
 8000a62:	9006      	str	r0, [sp, #24]
 8000a64:	2000      	movs	r0, #0
 8000a66:	9005      	str	r0, [sp, #20]
 8000a68:	9004      	str	r0, [sp, #16]
 8000a6a:	9003      	str	r0, [sp, #12]
 8000a6c:	9002      	str	r0, [sp, #8]
 8000a6e:	9101      	str	r1, [sp, #4]
 8000a70:	9500      	str	r5, [sp, #0]
 8000a72:	f10d 014a 	add.w	r1, sp, #74	@ 0x4a
 8000a76:	4638      	mov	r0, r7
 8000a78:	f000 fb94 	bl	80011a4 <NOS_WS2812B_Strip_Effect_Init>
            NOS_WS2812B_Strip_Effects_UpdateEffect(strip,tempEffect);
 8000a7c:	466c      	mov	r4, sp
 8000a7e:	ad0c      	add	r5, sp, #48	@ 0x30
 8000a80:	cd0f      	ldmia	r5!, {r0, r1, r2, r3}
 8000a82:	c40f      	stmia	r4!, {r0, r1, r2, r3}
 8000a84:	e895 000f 	ldmia.w	r5, {r0, r1, r2, r3}
 8000a88:	e884 000f 	stmia.w	r4, {r0, r1, r2, r3}
 8000a8c:	e897 000e 	ldmia.w	r7, {r1, r2, r3}
 8000a90:	4630      	mov	r0, r6
 8000a92:	f000 fc99 	bl	80013c8 <NOS_WS2812B_Strip_Effects_UpdateEffect>

            return true;       
 8000a96:	2001      	movs	r0, #1
 8000a98:	e134      	b.n	8000d04 <NOS_Strip_UART_ParseCommand+0x3ec>
                tempEffect.effectId = EFFECT_BREATHE_ID;
 8000a9a:	f88d 304e 	strb.w	r3, [sp, #78]	@ 0x4e
 8000a9e:	e7ad      	b.n	80009fc <NOS_Strip_UART_ParseCommand+0xe4>
                tempEffect.enabled = true;
 8000aa0:	2301      	movs	r3, #1
 8000aa2:	f88d 304d 	strb.w	r3, [sp, #77]	@ 0x4d
 8000aa6:	e7af      	b.n	8000a08 <NOS_Strip_UART_ParseCommand+0xf0>
            break;
    
        case SET_RAINBOW_EFFECT_COMMAND:

            if(message->data[currPos++] == EFFECT_RAINBOW_ID)
 8000aa8:	7c23      	ldrb	r3, [r4, #16]
 8000aaa:	2b21      	cmp	r3, #33	@ 0x21
 8000aac:	d04e      	beq.n	8000b4c <NOS_Strip_UART_ParseCommand+0x234>
            {
                tempEffect.effectId = EFFECT_RAINBOW_ID;
            }

            if(message->data[currPos++] == 0xFF)
 8000aae:	7c63      	ldrb	r3, [r4, #17]
 8000ab0:	2bff      	cmp	r3, #255	@ 0xff
 8000ab2:	d04e      	beq.n	8000b52 <NOS_Strip_UART_ParseCommand+0x23a>
            {
                tempEffect.enabled = true;
            }
            else
            {
                tempEffect.enabled = false;
 8000ab4:	2300      	movs	r3, #0
 8000ab6:	f88d 304d 	strb.w	r3, [sp, #77]	@ 0x4d
            }

            tempShort.bytes[1] = message->data[currPos++];
 8000aba:	7ca3      	ldrb	r3, [r4, #18]
 8000abc:	f04f 0100 	mov.w	r1, #0
 8000ac0:	f363 210f 	bfi	r1, r3, #8, #8
            tempShort.bytes[0] = message->data[currPos++];
 8000ac4:	7ce3      	ldrb	r3, [r4, #19]
 8000ac6:	f363 0107 	bfi	r1, r3, #0, #8
            speed = tempShort.data;
 8000aca:	b28a      	uxth	r2, r1

            tempShort.bytes[1] = message->data[currPos++];
 8000acc:	7d23      	ldrb	r3, [r4, #20]
 8000ace:	f363 210f 	bfi	r1, r3, #8, #8
            tempShort.bytes[0] = message->data[currPos++];
 8000ad2:	7d63      	ldrb	r3, [r4, #21]
 8000ad4:	f363 0107 	bfi	r1, r3, #0, #8
            step = tempShort.data;
 8000ad8:	b28b      	uxth	r3, r1

            tempShort.bytes[1] = message->data[currPos++];
 8000ada:	7da0      	ldrb	r0, [r4, #22]
 8000adc:	f360 210f 	bfi	r1, r0, #8, #8
            tempShort.bytes[0] = message->data[currPos++];
 8000ae0:	7de0      	ldrb	r0, [r4, #23]
 8000ae2:	f360 0107 	bfi	r1, r0, #0, #8
            min = tempShort.data;
 8000ae6:	b28d      	uxth	r5, r1

            tempShort.bytes[1] = message->data[currPos++];
 8000ae8:	7e20      	ldrb	r0, [r4, #24]
 8000aea:	f360 210f 	bfi	r1, r0, #8, #8
            tempShort.bytes[0] = message->data[currPos++];
 8000aee:	7e60      	ldrb	r0, [r4, #25]
 8000af0:	f360 0107 	bfi	r1, r0, #0, #8
            max = tempShort.data;
 8000af4:	b289      	uxth	r1, r1

            tempEffect.color.R = message->data[currPos++];
 8000af6:	7ea0      	ldrb	r0, [r4, #26]
 8000af8:	f88d 004a 	strb.w	r0, [sp, #74]	@ 0x4a
            tempEffect.color.G = message->data[currPos++];
 8000afc:	7ee0      	ldrb	r0, [r4, #27]
 8000afe:	f88d 004b 	strb.w	r0, [sp, #75]	@ 0x4b
            tempEffect.color.B = message->data[currPos++];
 8000b02:	7f20      	ldrb	r0, [r4, #28]
 8000b04:	f88d 004c 	strb.w	r0, [sp, #76]	@ 0x4c

            NOS_WS2812B_Strip_Effect_Init(&tempEffect,&tempEffect.color,speed,step,min,max,0,0,0,0,tempEffect.effectId,tempEffect.enabled);
 8000b08:	af09      	add	r7, sp, #36	@ 0x24
 8000b0a:	f89d 004d 	ldrb.w	r0, [sp, #77]	@ 0x4d
 8000b0e:	9007      	str	r0, [sp, #28]
 8000b10:	f89d 004e 	ldrb.w	r0, [sp, #78]	@ 0x4e
 8000b14:	9006      	str	r0, [sp, #24]
 8000b16:	2000      	movs	r0, #0
 8000b18:	9005      	str	r0, [sp, #20]
 8000b1a:	9004      	str	r0, [sp, #16]
 8000b1c:	9003      	str	r0, [sp, #12]
 8000b1e:	9002      	str	r0, [sp, #8]
 8000b20:	9101      	str	r1, [sp, #4]
 8000b22:	9500      	str	r5, [sp, #0]
 8000b24:	f10d 014a 	add.w	r1, sp, #74	@ 0x4a
 8000b28:	4638      	mov	r0, r7
 8000b2a:	f000 fb3b 	bl	80011a4 <NOS_WS2812B_Strip_Effect_Init>
            NOS_WS2812B_Strip_Effects_UpdateEffect(strip,tempEffect);
 8000b2e:	466c      	mov	r4, sp
 8000b30:	ad0c      	add	r5, sp, #48	@ 0x30
 8000b32:	cd0f      	ldmia	r5!, {r0, r1, r2, r3}
 8000b34:	c40f      	stmia	r4!, {r0, r1, r2, r3}
 8000b36:	e895 000f 	ldmia.w	r5, {r0, r1, r2, r3}
 8000b3a:	e884 000f 	stmia.w	r4, {r0, r1, r2, r3}
 8000b3e:	e897 000e 	ldmia.w	r7, {r1, r2, r3}
 8000b42:	4630      	mov	r0, r6
 8000b44:	f000 fc40 	bl	80013c8 <NOS_WS2812B_Strip_Effects_UpdateEffect>
            return true;
 8000b48:	2001      	movs	r0, #1
 8000b4a:	e0db      	b.n	8000d04 <NOS_Strip_UART_ParseCommand+0x3ec>
                tempEffect.effectId = EFFECT_RAINBOW_ID;
 8000b4c:	f88d 304e 	strb.w	r3, [sp, #78]	@ 0x4e
 8000b50:	e7ad      	b.n	8000aae <NOS_Strip_UART_ParseCommand+0x196>
                tempEffect.enabled = true;
 8000b52:	2301      	movs	r3, #1
 8000b54:	f88d 304d 	strb.w	r3, [sp, #77]	@ 0x4d
 8000b58:	e7af      	b.n	8000aba <NOS_Strip_UART_ParseCommand+0x1a2>
            break;

        case SET_DOTS_EFFECT_COMMAND:

            if(message->data[currPos++] == EFFECT_DOTS_ID)
 8000b5a:	7c23      	ldrb	r3, [r4, #16]
 8000b5c:	2b22      	cmp	r3, #34	@ 0x22
 8000b5e:	d04e      	beq.n	8000bfe <NOS_Strip_UART_ParseCommand+0x2e6>
            {
                tempEffect.effectId = EFFECT_DOTS_ID;
            }

            if(message->data[currPos++] == 0xFF)
 8000b60:	7c63      	ldrb	r3, [r4, #17]
 8000b62:	2bff      	cmp	r3, #255	@ 0xff
 8000b64:	d04e      	beq.n	8000c04 <NOS_Strip_UART_ParseCommand+0x2ec>
            {
                tempEffect.enabled = true;
            }
            else
            {
                tempEffect.enabled = false;
 8000b66:	2300      	movs	r3, #0
 8000b68:	f88d 304d 	strb.w	r3, [sp, #77]	@ 0x4d
            }

            tempShort.bytes[1] = message->data[currPos++];
 8000b6c:	7ca3      	ldrb	r3, [r4, #18]
 8000b6e:	f04f 0100 	mov.w	r1, #0
 8000b72:	f363 210f 	bfi	r1, r3, #8, #8
            tempShort.bytes[0] = message->data[currPos++];
 8000b76:	7ce3      	ldrb	r3, [r4, #19]
 8000b78:	f363 0107 	bfi	r1, r3, #0, #8
            speed = tempShort.data;
 8000b7c:	b28a      	uxth	r2, r1

            tempShort.bytes[1] = message->data[currPos++];
 8000b7e:	7d23      	ldrb	r3, [r4, #20]
 8000b80:	f363 210f 	bfi	r1, r3, #8, #8
            tempShort.bytes[0] = message->data[currPos++];
 8000b84:	7d63      	ldrb	r3, [r4, #21]
 8000b86:	f363 0107 	bfi	r1, r3, #0, #8
            step = tempShort.data;
 8000b8a:	b28b      	uxth	r3, r1

            tempShort.bytes[1] = message->data[currPos++];
 8000b8c:	7da0      	ldrb	r0, [r4, #22]
 8000b8e:	f360 210f 	bfi	r1, r0, #8, #8
            tempShort.bytes[0] = message->data[currPos++];
 8000b92:	7de0      	ldrb	r0, [r4, #23]
 8000b94:	f360 0107 	bfi	r1, r0, #0, #8
            min = tempShort.data;
 8000b98:	b28d      	uxth	r5, r1

            tempShort.bytes[1] = message->data[currPos++];
 8000b9a:	7e20      	ldrb	r0, [r4, #24]
 8000b9c:	f360 210f 	bfi	r1, r0, #8, #8
            tempShort.bytes[0] = message->data[currPos++];
 8000ba0:	7e60      	ldrb	r0, [r4, #25]
 8000ba2:	f360 0107 	bfi	r1, r0, #0, #8
            max = tempShort.data;
 8000ba6:	b289      	uxth	r1, r1

            tempEffect.color.R = message->data[currPos++];
 8000ba8:	7ea0      	ldrb	r0, [r4, #26]
 8000baa:	f88d 004a 	strb.w	r0, [sp, #74]	@ 0x4a
            tempEffect.color.G = message->data[currPos++];
 8000bae:	7ee0      	ldrb	r0, [r4, #27]
 8000bb0:	f88d 004b 	strb.w	r0, [sp, #75]	@ 0x4b
            tempEffect.color.B = message->data[currPos++];
 8000bb4:	7f20      	ldrb	r0, [r4, #28]
 8000bb6:	f88d 004c 	strb.w	r0, [sp, #76]	@ 0x4c

            NOS_WS2812B_Strip_Effect_Init(&tempEffect,&tempEffect.color,speed,step,min,max,0,0,0,0,tempEffect.effectId,tempEffect.enabled);
 8000bba:	af09      	add	r7, sp, #36	@ 0x24
 8000bbc:	f89d 004d 	ldrb.w	r0, [sp, #77]	@ 0x4d
 8000bc0:	9007      	str	r0, [sp, #28]
 8000bc2:	f89d 004e 	ldrb.w	r0, [sp, #78]	@ 0x4e
 8000bc6:	9006      	str	r0, [sp, #24]
 8000bc8:	2000      	movs	r0, #0
 8000bca:	9005      	str	r0, [sp, #20]
 8000bcc:	9004      	str	r0, [sp, #16]
 8000bce:	9003      	str	r0, [sp, #12]
 8000bd0:	9002      	str	r0, [sp, #8]
 8000bd2:	9101      	str	r1, [sp, #4]
 8000bd4:	9500      	str	r5, [sp, #0]
 8000bd6:	f10d 014a 	add.w	r1, sp, #74	@ 0x4a
 8000bda:	4638      	mov	r0, r7
 8000bdc:	f000 fae2 	bl	80011a4 <NOS_WS2812B_Strip_Effect_Init>
            NOS_WS2812B_Strip_Effects_UpdateEffect(strip,tempEffect);
 8000be0:	466c      	mov	r4, sp
 8000be2:	ad0c      	add	r5, sp, #48	@ 0x30
 8000be4:	cd0f      	ldmia	r5!, {r0, r1, r2, r3}
 8000be6:	c40f      	stmia	r4!, {r0, r1, r2, r3}
 8000be8:	e895 000f 	ldmia.w	r5, {r0, r1, r2, r3}
 8000bec:	e884 000f 	stmia.w	r4, {r0, r1, r2, r3}
 8000bf0:	e897 000e 	ldmia.w	r7, {r1, r2, r3}
 8000bf4:	4630      	mov	r0, r6
 8000bf6:	f000 fbe7 	bl	80013c8 <NOS_WS2812B_Strip_Effects_UpdateEffect>

            return true;       
 8000bfa:	2001      	movs	r0, #1
 8000bfc:	e082      	b.n	8000d04 <NOS_Strip_UART_ParseCommand+0x3ec>
                tempEffect.effectId = EFFECT_DOTS_ID;
 8000bfe:	f88d 304e 	strb.w	r3, [sp, #78]	@ 0x4e
 8000c02:	e7ad      	b.n	8000b60 <NOS_Strip_UART_ParseCommand+0x248>
                tempEffect.enabled = true;
 8000c04:	2301      	movs	r3, #1
 8000c06:	f88d 304d 	strb.w	r3, [sp, #77]	@ 0x4d
 8000c0a:	e7af      	b.n	8000b6c <NOS_Strip_UART_ParseCommand+0x254>
            break;
            
        case SET_ONE_PIXEL_COLOR_COMMAND:

            //pixelPos 
            tempShort.bytes[1] = message->data[currPos++];
 8000c0c:	7c23      	ldrb	r3, [r4, #16]
 8000c0e:	f04f 0100 	mov.w	r1, #0
 8000c12:	f363 210f 	bfi	r1, r3, #8, #8
            tempShort.bytes[0] = message->data[currPos++];
 8000c16:	7c63      	ldrb	r3, [r4, #17]
 8000c18:	f363 0107 	bfi	r1, r3, #0, #8
            int tempInt1 = tempShort.data;

            //color
            uint8_t r = message->data[currPos++];
            uint8_t g = message->data[currPos++];
            uint8_t b = message->data[currPos++];
 8000c1c:	7d23      	ldrb	r3, [r4, #20]

            NOS_WS2812B_Strip_SetPixel(strip,tempInt1,r,g,b);
 8000c1e:	9300      	str	r3, [sp, #0]
 8000c20:	7ce3      	ldrb	r3, [r4, #19]
 8000c22:	7ca2      	ldrb	r2, [r4, #18]
 8000c24:	b289      	uxth	r1, r1
 8000c26:	4630      	mov	r0, r6
 8000c28:	f000 f9f5 	bl	8001016 <NOS_WS2812B_Strip_SetPixel>
            return true;
 8000c2c:	2001      	movs	r0, #1
 8000c2e:	e069      	b.n	8000d04 <NOS_Strip_UART_ParseCommand+0x3ec>
            break;

        case SET_ROW_PIXEL_COLOR_COMMAND:

            //pixelPos
            tempShort.bytes[1] = message->data[currPos++];
 8000c30:	7c23      	ldrb	r3, [r4, #16]
 8000c32:	f04f 0100 	mov.w	r1, #0
 8000c36:	f363 210f 	bfi	r1, r3, #8, #8
            tempShort.bytes[0] = message->data[currPos++];
 8000c3a:	7c63      	ldrb	r3, [r4, #17]
 8000c3c:	f363 0107 	bfi	r1, r3, #0, #8
            tempInt1 = tempShort.data;
 8000c40:	fa1f f981 	uxth.w	r9, r1

            //pixelCount
            tempShort.bytes[1] = message->data[currPos++];
 8000c44:	7ca3      	ldrb	r3, [r4, #18]
 8000c46:	f363 210f 	bfi	r1, r3, #8, #8
            tempShort.bytes[0] = message->data[currPos++];
 8000c4a:	7ce3      	ldrb	r3, [r4, #19]
 8000c4c:	f363 0107 	bfi	r1, r3, #0, #8
            int tempInt2 = tempShort.data;
 8000c50:	b28d      	uxth	r5, r1

            //color
            r = message->data[currPos++];
 8000c52:	f894 8014 	ldrb.w	r8, [r4, #20]
            g = message->data[currPos++];
 8000c56:	7d67      	ldrb	r7, [r4, #21]
            b = message->data[currPos++];
 8000c58:	7da4      	ldrb	r4, [r4, #22]

            //fill in row
            for(int i = tempInt1; i < tempInt2; i++)
 8000c5a:	e008      	b.n	8000c6e <NOS_Strip_UART_ParseCommand+0x356>
            {
                    NOS_WS2812B_Strip_SetPixel(strip,i,r,g,b);
 8000c5c:	9400      	str	r4, [sp, #0]
 8000c5e:	463b      	mov	r3, r7
 8000c60:	4642      	mov	r2, r8
 8000c62:	4649      	mov	r1, r9
 8000c64:	4630      	mov	r0, r6
 8000c66:	f000 f9d6 	bl	8001016 <NOS_WS2812B_Strip_SetPixel>
            for(int i = tempInt1; i < tempInt2; i++)
 8000c6a:	f109 0901 	add.w	r9, r9, #1
 8000c6e:	45a9      	cmp	r9, r5
 8000c70:	dbf4      	blt.n	8000c5c <NOS_Strip_UART_ParseCommand+0x344>
            }

            return true;
 8000c72:	2001      	movs	r0, #1
 8000c74:	e046      	b.n	8000d04 <NOS_Strip_UART_ParseCommand+0x3ec>
            break;

        case SET_ALL_PIXEL_ONE_COLOR_COMMAND:

            //color
            r = message->data[currPos++];
 8000c76:	f894 8010 	ldrb.w	r8, [r4, #16]
            g = message->data[currPos++];
 8000c7a:	7c67      	ldrb	r7, [r4, #17]
            b = message->data[currPos++];
 8000c7c:	7ca5      	ldrb	r5, [r4, #18]

            //fill all pixels
            for(int i = 0; i < strip->pixelCount; i++)
 8000c7e:	2400      	movs	r4, #0
 8000c80:	e007      	b.n	8000c92 <NOS_Strip_UART_ParseCommand+0x37a>
            {
                NOS_WS2812B_Strip_SetPixel(strip,i,r,g,b);
 8000c82:	9500      	str	r5, [sp, #0]
 8000c84:	463b      	mov	r3, r7
 8000c86:	4642      	mov	r2, r8
 8000c88:	4621      	mov	r1, r4
 8000c8a:	4630      	mov	r0, r6
 8000c8c:	f000 f9c3 	bl	8001016 <NOS_WS2812B_Strip_SetPixel>
            for(int i = 0; i < strip->pixelCount; i++)
 8000c90:	3401      	adds	r4, #1
 8000c92:	68b3      	ldr	r3, [r6, #8]
 8000c94:	42a3      	cmp	r3, r4
 8000c96:	dcf4      	bgt.n	8000c82 <NOS_Strip_UART_ParseCommand+0x36a>
            }
            return true;
 8000c98:	2001      	movs	r0, #1
 8000c9a:	e033      	b.n	8000d04 <NOS_Strip_UART_ParseCommand+0x3ec>
            break;

        case SET_ALL_PIXEL_COMMAND:

                strip->bright = 100;
 8000c9c:	2364      	movs	r3, #100	@ 0x64
 8000c9e:	60f3      	str	r3, [r6, #12]
                strip->effects[0].enabled = false;
 8000ca0:	2300      	movs	r3, #0
 8000ca2:	f886 3039 	strb.w	r3, [r6, #57]	@ 0x39
                strip->effects[1].enabled = false;
 8000ca6:	f886 3065 	strb.w	r3, [r6, #101]	@ 0x65
                //Pixel count
                tempShort.bytes[1] = message->data[currPos++];
 8000caa:	7c23      	ldrb	r3, [r4, #16]
 8000cac:	f04f 0100 	mov.w	r1, #0
 8000cb0:	f363 210f 	bfi	r1, r3, #8, #8
                tempShort.bytes[0] = message->data[currPos++];
 8000cb4:	7c63      	ldrb	r3, [r4, #17]
 8000cb6:	f363 0107 	bfi	r1, r3, #0, #8
                tempInt1 = tempShort.data;
 8000cba:	b28d      	uxth	r5, r1

                if(tempInt1 <= strip->pixelCount)
 8000cbc:	68b3      	ldr	r3, [r6, #8]
 8000cbe:	42ab      	cmp	r3, r5
 8000cc0:	da01      	bge.n	8000cc6 <NOS_Strip_UART_ParseCommand+0x3ae>

                        NOS_WS2812B_Strip_SetPixel(strip,i,r,g,b);
                    }
                }
            
            return true;
 8000cc2:	2001      	movs	r0, #1
 8000cc4:	e01e      	b.n	8000d04 <NOS_Strip_UART_ParseCommand+0x3ec>
                    for(int i = 0; i < tempInt1; i++)
 8000cc6:	f04f 0800 	mov.w	r8, #0
                tempShort.bytes[0] = message->data[currPos++];
 8000cca:	2702      	movs	r7, #2
                    for(int i = 0; i < tempInt1; i++)
 8000ccc:	45a8      	cmp	r8, r5
 8000cce:	da10      	bge.n	8000cf2 <NOS_Strip_UART_ParseCommand+0x3da>
                        r = message->data[currPos++];
 8000cd0:	1c79      	adds	r1, r7, #1
 8000cd2:	19e2      	adds	r2, r4, r7
                        g = message->data[currPos++];
 8000cd4:	1cbb      	adds	r3, r7, #2
 8000cd6:	4421      	add	r1, r4
                        b = message->data[currPos++];
 8000cd8:	4423      	add	r3, r4
 8000cda:	7c1b      	ldrb	r3, [r3, #16]
                        NOS_WS2812B_Strip_SetPixel(strip,i,r,g,b);
 8000cdc:	9300      	str	r3, [sp, #0]
 8000cde:	7c0b      	ldrb	r3, [r1, #16]
 8000ce0:	7c12      	ldrb	r2, [r2, #16]
 8000ce2:	3703      	adds	r7, #3
 8000ce4:	4641      	mov	r1, r8
 8000ce6:	4630      	mov	r0, r6
 8000ce8:	f000 f995 	bl	8001016 <NOS_WS2812B_Strip_SetPixel>
                    for(int i = 0; i < tempInt1; i++)
 8000cec:	f108 0801 	add.w	r8, r8, #1
 8000cf0:	e7ec      	b.n	8000ccc <NOS_Strip_UART_ParseCommand+0x3b4>
            return true;
 8000cf2:	2001      	movs	r0, #1
 8000cf4:	e006      	b.n	8000d04 <NOS_Strip_UART_ParseCommand+0x3ec>
    switch (message->command.data)
 8000cf6:	2000      	movs	r0, #0
 8000cf8:	e004      	b.n	8000d04 <NOS_Strip_UART_ParseCommand+0x3ec>
 8000cfa:	2000      	movs	r0, #0
 8000cfc:	e002      	b.n	8000d04 <NOS_Strip_UART_ParseCommand+0x3ec>
 8000cfe:	2000      	movs	r0, #0
 8000d00:	e000      	b.n	8000d04 <NOS_Strip_UART_ParseCommand+0x3ec>
 8000d02:	2000      	movs	r0, #0

        break;
    }

    return false;
}
 8000d04:	b015      	add	sp, #84	@ 0x54
 8000d06:	e8bd 83f0 	ldmia.w	sp!, {r4, r5, r6, r7, r8, r9, pc}

08000d0a <NOS_TimeEvent_Init>:
    }
}

void NOS_TimeEvent_Init(NOS_TimeEvent *timeEvent, uint32_t ticksToEnable)
{
    if (timeEvent != NULL)
 8000d0a:	b120      	cbz	r0, 8000d16 <NOS_TimeEvent_Init+0xc>
    {
        timeEvent->enabled = false;
 8000d0c:	2200      	movs	r2, #0
 8000d0e:	7142      	strb	r2, [r0, #5]
        timeEvent->stopped = false;
 8000d10:	7102      	strb	r2, [r0, #4]
        timeEvent->ticksToEnable = ticksToEnable;
 8000d12:	6001      	str	r1, [r0, #0]
        timeEvent->ticks = 0;
 8000d14:	6082      	str	r2, [r0, #8]
    }
}
 8000d16:	4770      	bx	lr

08000d18 <NOS_TimeEvent_TickHandler>:
    timeEvent->ticks = 0;
}

void NOS_TimeEvent_TickHandler(NOS_TimeEvent *timeEvent)
{
    timeEvent->ticks++;
 8000d18:	6883      	ldr	r3, [r0, #8]
 8000d1a:	3301      	adds	r3, #1
 8000d1c:	6083      	str	r3, [r0, #8]
    if (!timeEvent->stopped)
 8000d1e:	7902      	ldrb	r2, [r0, #4]
 8000d20:	b922      	cbnz	r2, 8000d2c <NOS_TimeEvent_TickHandler+0x14>
    {
        if (timeEvent->ticks >= timeEvent->ticksToEnable)
 8000d22:	6802      	ldr	r2, [r0, #0]
 8000d24:	4293      	cmp	r3, r2
 8000d26:	d301      	bcc.n	8000d2c <NOS_TimeEvent_TickHandler+0x14>
        {
            timeEvent->enabled = true;
 8000d28:	2301      	movs	r3, #1
 8000d2a:	7143      	strb	r3, [r0, #5]
        }
    }
}
 8000d2c:	4770      	bx	lr

08000d2e <NOS_TimeEvent_Check>:

bool NOS_TimeEvent_Check(NOS_TimeEvent *timeEvent)
{
 8000d2e:	4603      	mov	r3, r0
    if (timeEvent->enabled && !timeEvent->stopped)
 8000d30:	7940      	ldrb	r0, [r0, #5]
 8000d32:	b110      	cbz	r0, 8000d3a <NOS_TimeEvent_Check+0xc>
 8000d34:	791b      	ldrb	r3, [r3, #4]
 8000d36:	b103      	cbz	r3, 8000d3a <NOS_TimeEvent_Check+0xc>
    {
        return true;
    }
    return false;
 8000d38:	2000      	movs	r0, #0
}
 8000d3a:	4770      	bx	lr

08000d3c <NOS_TimeEvent_FinishEvent>:

void NOS_TimeEvent_FinishEvent(NOS_TimeEvent *timeEvent)
{
    timeEvent->enabled = false;
 8000d3c:	2300      	movs	r3, #0
 8000d3e:	7143      	strb	r3, [r0, #5]
    timeEvent->ticks = 0;
 8000d40:	6083      	str	r3, [r0, #8]
 8000d42:	4770      	bx	lr

08000d44 <NOS_UART_ReceiveReset>:
#include "NOS_UART.h"

NOS_UART_Struct* NOS_UART_ReceiveReset(NOS_UART_Struct* data)
{
    data->lastMessageSize = data->currMessageLenght;
 8000d44:	f8b0 2628 	ldrh.w	r2, [r0, #1576]	@ 0x628
 8000d48:	f8a0 262a 	strh.w	r2, [r0, #1578]	@ 0x62a
    data->rx_buff_ptr = data->rx_buff;
 8000d4c:	f500 7205 	add.w	r2, r0, #532	@ 0x214
 8000d50:	f8c0 2614 	str.w	r2, [r0, #1556]	@ 0x614
    data->currMessageLenght = 0;
 8000d54:	2200      	movs	r2, #0
 8000d56:	f8a0 2628 	strh.w	r2, [r0, #1576]	@ 0x628
    data->startReceive = false;
 8000d5a:	f880 2630 	strb.w	r2, [r0, #1584]	@ 0x630
    data->rx_flag = true;
 8000d5e:	2201      	movs	r2, #1
 8000d60:	f880 262e 	strb.w	r2, [r0, #1582]	@ 0x62e
    return data;
}
 8000d64:	4770      	bx	lr

08000d66 <NOS_UART_ReceiveAbort>:
    ++data->rx_buff_ptr;
    return data;
}

void NOS_UART_ReceiveAbort(NOS_UART_Struct* data,UART_HandleTypeDef* uart)
{
 8000d66:	b508      	push	{r3, lr}
 8000d68:	4686      	mov	lr, r0
 8000d6a:	4608      	mov	r0, r1
    for(int i = 0; i < BUFFER_SIZE; i++)
 8000d6c:	2300      	movs	r3, #0
 8000d6e:	e006      	b.n	8000d7e <NOS_UART_ReceiveAbort+0x18>
    {
        data->rx_buff[i] = 0;
 8000d70:	eb0e 0203 	add.w	r2, lr, r3
 8000d74:	f04f 0c00 	mov.w	ip, #0
 8000d78:	f882 c214 	strb.w	ip, [r2, #532]	@ 0x214
    for(int i = 0; i < BUFFER_SIZE; i++)
 8000d7c:	3301      	adds	r3, #1
 8000d7e:	f5b3 6f80 	cmp.w	r3, #1024	@ 0x400
 8000d82:	dbf5      	blt.n	8000d70 <NOS_UART_ReceiveAbort+0xa>
    }

    data->rx_buff_ptr = data->rx_buff;
 8000d84:	f50e 7105 	add.w	r1, lr, #532	@ 0x214
 8000d88:	f8ce 1614 	str.w	r1, [lr, #1556]	@ 0x614
    data->index = 0;
 8000d8c:	2300      	movs	r3, #0
 8000d8e:	f8ae 3626 	strh.w	r3, [lr, #1574]	@ 0x626
    data->currMessageLenght = 0;
 8000d92:	f8ae 3628 	strh.w	r3, [lr, #1576]	@ 0x628
    data->startReceive = false;
 8000d96:	f88e 3630 	strb.w	r3, [lr, #1584]	@ 0x630
    data->endReceive = false;
 8000d9a:	f88e 3631 	strb.w	r3, [lr, #1585]	@ 0x631
    data->bufferCommand = false;
 8000d9e:	f88e 3632 	strb.w	r3, [lr, #1586]	@ 0x632
    data->rx_flag = false;
 8000da2:	f88e 362e 	strb.w	r3, [lr, #1582]	@ 0x62e
    data->receiveTimeAbort = 400;
 8000da6:	f44f 73c8 	mov.w	r3, #400	@ 0x190
 8000daa:	f8ce 361c 	str.w	r3, [lr, #1564]	@ 0x61c
    HAL_UART_Receive_IT (uart, data->rx_buff_ptr, 1); 
 8000dae:	2201      	movs	r2, #1
 8000db0:	f003 fb93 	bl	80044da <HAL_UART_Receive_IT>
}
 8000db4:	bd08      	pop	{r3, pc}

08000db6 <NOS_UART_Timer_Handler>:

void NOS_UART_Timer_Handler(NOS_UART_Struct* uart)
{
 8000db6:	b508      	push	{r3, lr}
    uart->lastReceivedByteTime++;
 8000db8:	f8d0 3620 	ldr.w	r3, [r0, #1568]	@ 0x620
 8000dbc:	3301      	adds	r3, #1
 8000dbe:	f8c0 3620 	str.w	r3, [r0, #1568]	@ 0x620

    if(uart->startReceive)
 8000dc2:	f890 2630 	ldrb.w	r2, [r0, #1584]	@ 0x630
 8000dc6:	b122      	cbz	r2, 8000dd2 <NOS_UART_Timer_Handler+0x1c>
    {
        uart->receiveTime++;
 8000dc8:	f8d0 1618 	ldr.w	r1, [r0, #1560]	@ 0x618
 8000dcc:	3101      	adds	r1, #1
 8000dce:	f8c0 1618 	str.w	r1, [r0, #1560]	@ 0x618
    }

    if(uart->startReceive && uart->lastReceivedByteTime > 5)
 8000dd2:	b10a      	cbz	r2, 8000dd8 <NOS_UART_Timer_Handler+0x22>
 8000dd4:	2b05      	cmp	r3, #5
 8000dd6:	d800      	bhi.n	8000dda <NOS_UART_Timer_Handler+0x24>
    {
        uart->index = 0;
        uart->receiveTime = 0;
        NOS_UART_ReceiveReset(uart);
    }
}
 8000dd8:	bd08      	pop	{r3, pc}
        uart->index = 0;
 8000dda:	2300      	movs	r3, #0
 8000ddc:	f8a0 3626 	strh.w	r3, [r0, #1574]	@ 0x626
        uart->receiveTime = 0;
 8000de0:	f8c0 3618 	str.w	r3, [r0, #1560]	@ 0x618
        NOS_UART_ReceiveReset(uart);
 8000de4:	f7ff ffae 	bl	8000d44 <NOS_UART_ReceiveReset>
}
 8000de8:	e7f6      	b.n	8000dd8 <NOS_UART_Timer_Handler+0x22>

08000dea <GetCRC16>:

uint16_t GetCRC16(uint8_t *buf, int len)
{  
 8000dea:	b500      	push	{lr}
  unsigned int crc = 0xFFFF;
  for (int pos = 0; pos < len; pos++)
 8000dec:	f04f 0e00 	mov.w	lr, #0
  unsigned int crc = 0xFFFF;
 8000df0:	f64f 73ff 	movw	r3, #65535	@ 0xffff
  for (int pos = 0; pos < len; pos++)
 8000df4:	e00c      	b.n	8000e10 <GetCRC16+0x26>
    if ((crc & 0x0001) != 0) {      
      crc >>= 1;                    
      crc ^= 0xA001;
    }
    else                            
      crc >>= 1;                    
 8000df6:	085b      	lsrs	r3, r3, #1
  for (int i = 8; i != 0; i--) {    
 8000df8:	3a01      	subs	r2, #1
 8000dfa:	b13a      	cbz	r2, 8000e0c <GetCRC16+0x22>
    if ((crc & 0x0001) != 0) {      
 8000dfc:	f013 0f01 	tst.w	r3, #1
 8000e00:	d0f9      	beq.n	8000df6 <GetCRC16+0xc>
      crc ^= 0xA001;
 8000e02:	f24a 0c01 	movw	ip, #40961	@ 0xa001
 8000e06:	ea8c 0353 	eor.w	r3, ip, r3, lsr #1
 8000e0a:	e7f5      	b.n	8000df8 <GetCRC16+0xe>
  for (int pos = 0; pos < len; pos++)
 8000e0c:	f10e 0e01 	add.w	lr, lr, #1
 8000e10:	458e      	cmp	lr, r1
 8000e12:	da04      	bge.n	8000e1e <GetCRC16+0x34>
  crc ^= (unsigned int)buf[pos];  
 8000e14:	f810 200e 	ldrb.w	r2, [r0, lr]
 8000e18:	4053      	eors	r3, r2
  for (int i = 8; i != 0; i--) {    
 8000e1a:	2208      	movs	r2, #8
 8000e1c:	e7ed      	b.n	8000dfa <GetCRC16+0x10>
    }
  }

  return crc;
}
 8000e1e:	b298      	uxth	r0, r3
 8000e20:	f85d fb04 	ldr.w	pc, [sp], #4

08000e24 <NOS_UART_ReceiveHandler>:

void NOS_UART_ReceiveHandler(NOS_UART_Struct* data,UART_HandleTypeDef* uart)
{
 8000e24:	b510      	push	{r4, lr}
 8000e26:	4603      	mov	r3, r0
 8000e28:	4608      	mov	r0, r1
    data->startReceive = true;
 8000e2a:	2201      	movs	r2, #1
 8000e2c:	f883 2630 	strb.w	r2, [r3, #1584]	@ 0x630

    data->lastReceivedByteTime = 0; 
 8000e30:	2100      	movs	r1, #0
 8000e32:	f8c3 1620 	str.w	r1, [r3, #1568]	@ 0x620
    data->currMessageLenght++;
 8000e36:	f8b3 1628 	ldrh.w	r1, [r3, #1576]	@ 0x628
 8000e3a:	4411      	add	r1, r2
 8000e3c:	f8a3 1628 	strh.w	r1, [r3, #1576]	@ 0x628
    
    data->rx_buff[data->index] = *data->rx_buff_ptr;
 8000e40:	f8b3 c626 	ldrh.w	ip, [r3, #1574]	@ 0x626
 8000e44:	f8d3 1614 	ldr.w	r1, [r3, #1556]	@ 0x614
 8000e48:	f811 4b01 	ldrb.w	r4, [r1], #1
 8000e4c:	eb03 0e0c 	add.w	lr, r3, ip
 8000e50:	f88e 4214 	strb.w	r4, [lr, #532]	@ 0x214
    ++data->index;
 8000e54:	4494      	add	ip, r2
 8000e56:	f8a3 c626 	strh.w	ip, [r3, #1574]	@ 0x626
    ++data->rx_buff_ptr;
 8000e5a:	f8c3 1614 	str.w	r1, [r3, #1556]	@ 0x614
    
    HAL_UART_Receive_IT (uart, data->rx_buff_ptr, 1); 
 8000e5e:	f003 fb3c 	bl	80044da <HAL_UART_Receive_IT>
}
 8000e62:	bd10      	pop	{r4, pc}

08000e64 <NOS_UART_ParsePacket>:
//addr1 addr0 channel1 channel0 count1 count0 packetId3 packetId2 packetId1 packetId0 command3 command2 command1 command0 /* data (16 - 1008) */ crc16_1 crc16_0 / 
//maxLenght 1024B  minLenght 32B packetInfo 16B
NOS_Short currCRC;

bool NOS_UART_ParsePacket(NOS_UART_Struct* data,UART_Message* message)
{
 8000e64:	b538      	push	{r3, r4, r5, lr}
 8000e66:	460c      	mov	r4, r1
    int currPos = 0;

    message->address.bytes[1] = data->rx_buff[currPos++];
 8000e68:	f890 3214 	ldrb.w	r3, [r0, #532]	@ 0x214
 8000e6c:	704b      	strb	r3, [r1, #1]
    message->address.bytes[0] = data->rx_buff[currPos++];
 8000e6e:	f890 3215 	ldrb.w	r3, [r0, #533]	@ 0x215
 8000e72:	700b      	strb	r3, [r1, #0]

    message->channel.bytes[1] = data->rx_buff[currPos++];
 8000e74:	f890 3216 	ldrb.w	r3, [r0, #534]	@ 0x216
 8000e78:	70cb      	strb	r3, [r1, #3]
    message->channel.bytes[0] = data->rx_buff[currPos++];
 8000e7a:	f890 3217 	ldrb.w	r3, [r0, #535]	@ 0x217
 8000e7e:	708b      	strb	r3, [r1, #2]

    message->byteCount.bytes[1] = data->rx_buff[currPos++];
 8000e80:	f890 3218 	ldrb.w	r3, [r0, #536]	@ 0x218
 8000e84:	714b      	strb	r3, [r1, #5]
    message->byteCount.bytes[0] = data->rx_buff[currPos++];
 8000e86:	f890 3219 	ldrb.w	r3, [r0, #537]	@ 0x219
 8000e8a:	710b      	strb	r3, [r1, #4]

    if(message->byteCount.data > 1024)
 8000e8c:	8889      	ldrh	r1, [r1, #4]
 8000e8e:	f5b1 6f80 	cmp.w	r1, #1024	@ 0x400
 8000e92:	d845      	bhi.n	8000f20 <NOS_UART_ParsePacket+0xbc>
 8000e94:	4605      	mov	r5, r0
    {
        return false;
    }

    message->packetId.bytes[3] = data->rx_buff[currPos++];
 8000e96:	f890 321a 	ldrb.w	r3, [r0, #538]	@ 0x21a
 8000e9a:	72e3      	strb	r3, [r4, #11]
    message->packetId.bytes[2] = data->rx_buff[currPos++];
 8000e9c:	f890 321b 	ldrb.w	r3, [r0, #539]	@ 0x21b
 8000ea0:	72a3      	strb	r3, [r4, #10]
    message->packetId.bytes[1] = data->rx_buff[currPos++];
 8000ea2:	f890 321c 	ldrb.w	r3, [r0, #540]	@ 0x21c
 8000ea6:	7263      	strb	r3, [r4, #9]
    message->packetId.bytes[0] = data->rx_buff[currPos++];
 8000ea8:	f890 321d 	ldrb.w	r3, [r0, #541]	@ 0x21d
 8000eac:	7223      	strb	r3, [r4, #8]

    message->command.bytes[3] = data->rx_buff[currPos++];
 8000eae:	f890 321e 	ldrb.w	r3, [r0, #542]	@ 0x21e
 8000eb2:	73e3      	strb	r3, [r4, #15]
    message->command.bytes[2] = data->rx_buff[currPos++];
 8000eb4:	f890 321f 	ldrb.w	r3, [r0, #543]	@ 0x21f
 8000eb8:	73a3      	strb	r3, [r4, #14]
    message->command.bytes[1] = data->rx_buff[currPos++];
 8000eba:	f890 3220 	ldrb.w	r3, [r0, #544]	@ 0x220
 8000ebe:	7363      	strb	r3, [r4, #13]
    message->command.bytes[0] = data->rx_buff[currPos++];
 8000ec0:	f890 3221 	ldrb.w	r3, [r0, #545]	@ 0x221
 8000ec4:	7323      	strb	r3, [r4, #12]

    for(int i = 0; i < message->byteCount.data - 16; i++)
 8000ec6:	2300      	movs	r3, #0
    message->command.bytes[0] = data->rx_buff[currPos++];
 8000ec8:	220e      	movs	r2, #14
    for(int i = 0; i < message->byteCount.data - 16; i++)
 8000eca:	e007      	b.n	8000edc <NOS_UART_ParsePacket+0x78>
    {
        message->data[i] = data->rx_buff[currPos++];
 8000ecc:	18a8      	adds	r0, r5, r2
 8000ece:	f890 c214 	ldrb.w	ip, [r0, #532]	@ 0x214
 8000ed2:	18e0      	adds	r0, r4, r3
 8000ed4:	f880 c010 	strb.w	ip, [r0, #16]
    for(int i = 0; i < message->byteCount.data - 16; i++)
 8000ed8:	3301      	adds	r3, #1
        message->data[i] = data->rx_buff[currPos++];
 8000eda:	3201      	adds	r2, #1
    for(int i = 0; i < message->byteCount.data - 16; i++)
 8000edc:	f1a1 0010 	sub.w	r0, r1, #16
 8000ee0:	4298      	cmp	r0, r3
 8000ee2:	dcf3      	bgt.n	8000ecc <NOS_UART_ParsePacket+0x68>
    }

    message->CRC16.bytes[1] = data->rx_buff[currPos++];
 8000ee4:	1c53      	adds	r3, r2, #1
 8000ee6:	442a      	add	r2, r5
 8000ee8:	f892 2214 	ldrb.w	r2, [r2, #532]	@ 0x214
 8000eec:	f884 2211 	strb.w	r2, [r4, #529]	@ 0x211
    message->CRC16.bytes[0] = data->rx_buff[currPos++];
 8000ef0:	442b      	add	r3, r5
 8000ef2:	f893 3214 	ldrb.w	r3, [r3, #532]	@ 0x214
 8000ef6:	f884 3210 	strb.w	r3, [r4, #528]	@ 0x210

    data->value.data = GetCRC16(&data->rx_buff,message->byteCount.data - 2);
 8000efa:	3902      	subs	r1, #2
 8000efc:	f505 7005 	add.w	r0, r5, #532	@ 0x214
 8000f00:	f7ff ff73 	bl	8000dea <GetCRC16>
 8000f04:	f8a5 0624 	strh.w	r0, [r5, #1572]	@ 0x624

    if(data->value.data == message->CRC16.data)
 8000f08:	f8b4 3210 	ldrh.w	r3, [r4, #528]	@ 0x210
 8000f0c:	4298      	cmp	r0, r3
 8000f0e:	d009      	beq.n	8000f24 <NOS_UART_ParsePacket+0xc0>
    {
        return true;
    }

    if(message->address.data != 0)
 8000f10:	8823      	ldrh	r3, [r4, #0]
 8000f12:	b133      	cbz	r3, 8000f22 <NOS_UART_ParsePacket+0xbe>
    {
        if(message->channel.data != 0)
 8000f14:	8863      	ldrh	r3, [r4, #2]
 8000f16:	b123      	cbz	r3, 8000f22 <NOS_UART_ParsePacket+0xbe>
        {
            if(message->byteCount.data != 0)
 8000f18:	88a3      	ldrh	r3, [r4, #4]
 8000f1a:	b113      	cbz	r3, 8000f22 <NOS_UART_ParsePacket+0xbe>
            {
                return true;            
 8000f1c:	2001      	movs	r0, #1
 8000f1e:	e000      	b.n	8000f22 <NOS_UART_ParsePacket+0xbe>
        return false;
 8000f20:	2000      	movs	r0, #0
            }
        }
    }

}
 8000f22:	bd38      	pop	{r3, r4, r5, pc}
        return true;
 8000f24:	2001      	movs	r0, #1
 8000f26:	e7fc      	b.n	8000f22 <NOS_UART_ParsePacket+0xbe>

08000f28 <NOS_UART_PacketApprovedNotice>:

bool NOS_UART_PacketApprovedNotice(UART_Message* message,UART_HandleTypeDef* uart)
{
 8000f28:	b510      	push	{r4, lr}
 8000f2a:	b088      	sub	sp, #32
 8000f2c:	4604      	mov	r4, r0
 8000f2e:	4608      	mov	r0, r1
    uint8_t buff[32];
    int currPos = 0;

    buff[currPos++] = message->address.bytes[1];
 8000f30:	7863      	ldrb	r3, [r4, #1]
 8000f32:	f88d 3000 	strb.w	r3, [sp]
    buff[currPos++] = message->address.bytes[0];
 8000f36:	7823      	ldrb	r3, [r4, #0]
 8000f38:	f88d 3001 	strb.w	r3, [sp, #1]

    buff[currPos++] = message->channel.bytes[1];
 8000f3c:	78e3      	ldrb	r3, [r4, #3]
 8000f3e:	f88d 3002 	strb.w	r3, [sp, #2]
    buff[currPos++] = message->channel.bytes[0];
 8000f42:	78a3      	ldrb	r3, [r4, #2]
 8000f44:	f88d 3003 	strb.w	r3, [sp, #3]

    buff[currPos++] = message->byteCount.bytes[1];
 8000f48:	7963      	ldrb	r3, [r4, #5]
 8000f4a:	f88d 3004 	strb.w	r3, [sp, #4]
    buff[currPos++] = message->byteCount.bytes[0];
 8000f4e:	7923      	ldrb	r3, [r4, #4]
 8000f50:	f88d 3005 	strb.w	r3, [sp, #5]

    buff[currPos++] = message->packetId.bytes[3];
 8000f54:	7ae3      	ldrb	r3, [r4, #11]
 8000f56:	f88d 3006 	strb.w	r3, [sp, #6]
    buff[currPos++] = message->packetId.bytes[2];
 8000f5a:	7aa3      	ldrb	r3, [r4, #10]
 8000f5c:	f88d 3007 	strb.w	r3, [sp, #7]
    buff[currPos++] = message->packetId.bytes[1];
 8000f60:	7a63      	ldrb	r3, [r4, #9]
 8000f62:	f88d 3008 	strb.w	r3, [sp, #8]
    buff[currPos++] = message->packetId.bytes[0];
 8000f66:	7a23      	ldrb	r3, [r4, #8]
 8000f68:	f88d 3009 	strb.w	r3, [sp, #9]

    buff[currPos++] = message->command.bytes[3];
 8000f6c:	7be3      	ldrb	r3, [r4, #15]
 8000f6e:	f88d 300a 	strb.w	r3, [sp, #10]
    buff[currPos++] = message->command.bytes[2];
 8000f72:	7ba3      	ldrb	r3, [r4, #14]
 8000f74:	f88d 300b 	strb.w	r3, [sp, #11]
    buff[currPos++] = message->command.bytes[1];
 8000f78:	7b63      	ldrb	r3, [r4, #13]
 8000f7a:	f88d 300c 	strb.w	r3, [sp, #12]
    buff[currPos++] = message->command.bytes[0];
 8000f7e:	7b23      	ldrb	r3, [r4, #12]
 8000f80:	f88d 300d 	strb.w	r3, [sp, #13]

    for(int i = 0; i < 16; i++)
 8000f84:	2200      	movs	r2, #0
    buff[currPos++] = message->command.bytes[0];
 8000f86:	230e      	movs	r3, #14
    for(int i = 0; i < 16; i++)
 8000f88:	e009      	b.n	8000f9e <NOS_UART_PacketApprovedNotice+0x76>
    {
        buff[currPos++] = 0xFF;
 8000f8a:	f103 0120 	add.w	r1, r3, #32
 8000f8e:	eb0d 0c01 	add.w	ip, sp, r1
 8000f92:	f04f 0eff 	mov.w	lr, #255	@ 0xff
 8000f96:	f80c ec20 	strb.w	lr, [ip, #-32]
    for(int i = 0; i < 16; i++)
 8000f9a:	3201      	adds	r2, #1
        buff[currPos++] = 0xFF;
 8000f9c:	3301      	adds	r3, #1
    for(int i = 0; i < 16; i++)
 8000f9e:	2a0f      	cmp	r2, #15
 8000fa0:	ddf3      	ble.n	8000f8a <NOS_UART_PacketApprovedNotice+0x62>
    }

    buff[currPos++] = message->CRC16.bytes[1];
 8000fa2:	1c5a      	adds	r2, r3, #1
 8000fa4:	f894 1211 	ldrb.w	r1, [r4, #529]	@ 0x211
 8000fa8:	3320      	adds	r3, #32
 8000faa:	446b      	add	r3, sp
 8000fac:	f803 1c20 	strb.w	r1, [r3, #-32]
    buff[currPos++] = message->CRC16.bytes[0];
 8000fb0:	f894 1210 	ldrb.w	r1, [r4, #528]	@ 0x210
 8000fb4:	f102 0320 	add.w	r3, r2, #32
 8000fb8:	446b      	add	r3, sp
 8000fba:	f803 1c20 	strb.w	r1, [r3, #-32]

    HAL_UART_Transmit(uart,buff,32,1000);
 8000fbe:	f44f 737a 	mov.w	r3, #1000	@ 0x3e8
 8000fc2:	2220      	movs	r2, #32
 8000fc4:	4669      	mov	r1, sp
 8000fc6:	f003 f83a 	bl	800403e <HAL_UART_Transmit>

}
 8000fca:	b008      	add	sp, #32
 8000fcc:	bd10      	pop	{r4, pc}

08000fce <NOS_UART_CheckReceive>:


bool NOS_UART_CheckReceive(NOS_UART_Struct* data)
{
    return data->rx_flag;   
}
 8000fce:	f890 062e 	ldrb.w	r0, [r0, #1582]	@ 0x62e
 8000fd2:	4770      	bx	lr

08000fd4 <NOS_UART_EndReceive>:
    return data->rx_buff;
}

void NOS_UART_EndReceive(NOS_UART_Struct* data)
{
    data->rx_flag = false;
 8000fd4:	2300      	movs	r3, #0
 8000fd6:	f880 362e 	strb.w	r3, [r0, #1582]	@ 0x62e
}
 8000fda:	4770      	bx	lr

08000fdc <NOS_WS2812B_Strip_FullInit>:
#include "NOS_BaseColors.h"
#include "WS2812B_Effects.h"

void NOS_WS2812B_Strip_FullInit(WS2812B_Strip* strip,uint8_t* buff,PixelColor* pixels,int lenght)
{
    strip->pixels = pixels;
 8000fdc:	6042      	str	r2, [r0, #4]
    strip->frameBuffer = buff;
 8000fde:	6001      	str	r1, [r0, #0]
    strip->pixelCount = lenght;
 8000fe0:	6083      	str	r3, [r0, #8]
    strip->bright = 100;
 8000fe2:	2364      	movs	r3, #100	@ 0x64
 8000fe4:	60c3      	str	r3, [r0, #12]
    strip->effectsCounter = 0;
 8000fe6:	2300      	movs	r3, #0
 8000fe8:	f880 30ec 	strb.w	r3, [r0, #236]	@ 0xec
}
 8000fec:	4770      	bx	lr

08000fee <NOS_WS2812B_Strip_CoreSetPixel>:

void NOS_WS2812B_Strip_CoreSetPixel(WS2812B_Strip* strip,int pixelPos,uint8_t r, uint8_t g, uint8_t b)
{
 8000fee:	b410      	push	{r4}
    if(strip->frameBuffer != NULL && pixelPos <= strip->pixelCount)
 8000ff0:	6804      	ldr	r4, [r0, #0]
 8000ff2:	b174      	cbz	r4, 8001012 <NOS_WS2812B_Strip_CoreSetPixel+0x24>
 8000ff4:	f8d0 c008 	ldr.w	ip, [r0, #8]
 8000ff8:	458c      	cmp	ip, r1
 8000ffa:	db0a      	blt.n	8001012 <NOS_WS2812B_Strip_CoreSetPixel+0x24>
    {
        strip->frameBuffer[pixelPos * 3] = r;
 8000ffc:	eb01 0141 	add.w	r1, r1, r1, lsl #1
 8001000:	5462      	strb	r2, [r4, r1]
        strip->frameBuffer[pixelPos * 3 + 1] = g;
 8001002:	6804      	ldr	r4, [r0, #0]
 8001004:	1c4a      	adds	r2, r1, #1
 8001006:	54a3      	strb	r3, [r4, r2]
        strip->frameBuffer[pixelPos * 3 + 2] = b;
 8001008:	6803      	ldr	r3, [r0, #0]
 800100a:	3102      	adds	r1, #2
 800100c:	f89d 2004 	ldrb.w	r2, [sp, #4]
 8001010:	545a      	strb	r2, [r3, r1]
    }
}
 8001012:	bc10      	pop	{r4}
 8001014:	4770      	bx	lr

08001016 <NOS_WS2812B_Strip_SetPixel>:

void NOS_WS2812B_Strip_SetPixel(WS2812B_Strip* strip,int pixelPos,uint8_t r, uint8_t g, uint8_t b)
{
 8001016:	b410      	push	{r4}
    if(strip->pixels != NULL && pixelPos <= strip->pixelCount)
 8001018:	6844      	ldr	r4, [r0, #4]
 800101a:	b174      	cbz	r4, 800103a <NOS_WS2812B_Strip_SetPixel+0x24>
 800101c:	f8d0 c008 	ldr.w	ip, [r0, #8]
 8001020:	458c      	cmp	ip, r1
 8001022:	db0a      	blt.n	800103a <NOS_WS2812B_Strip_SetPixel+0x24>
    {
        strip->pixels[pixelPos].R = r;
 8001024:	eb01 0141 	add.w	r1, r1, r1, lsl #1
 8001028:	5462      	strb	r2, [r4, r1]
        strip->pixels[pixelPos].G = g;
 800102a:	6842      	ldr	r2, [r0, #4]
 800102c:	440a      	add	r2, r1
 800102e:	7053      	strb	r3, [r2, #1]
        strip->pixels[pixelPos].B = b;
 8001030:	6843      	ldr	r3, [r0, #4]
 8001032:	440b      	add	r3, r1
 8001034:	f89d 2004 	ldrb.w	r2, [sp, #4]
 8001038:	709a      	strb	r2, [r3, #2]
    }         
}
 800103a:	bc10      	pop	{r4}
 800103c:	4770      	bx	lr

0800103e <NOS_WS2812B_Strip_Clear>:

void NOS_WS2812B_Strip_Clear(WS2812B_Strip* strip)
{
 800103e:	b570      	push	{r4, r5, r6, lr}
 8001040:	b082      	sub	sp, #8
 8001042:	4606      	mov	r6, r0
    for(int i = 0; i < strip->pixelCount; i++)
 8001044:	2500      	movs	r5, #0
 8001046:	e00f      	b.n	8001068 <NOS_WS2812B_Strip_Clear+0x2a>
    {
        NOS_WS2812B_Strip_SetPixel(strip,i,0,0,0);
 8001048:	2400      	movs	r4, #0
 800104a:	9400      	str	r4, [sp, #0]
 800104c:	4623      	mov	r3, r4
 800104e:	4622      	mov	r2, r4
 8001050:	4629      	mov	r1, r5
 8001052:	4630      	mov	r0, r6
 8001054:	f7ff ffdf 	bl	8001016 <NOS_WS2812B_Strip_SetPixel>
        NOS_WS2812B_Strip_CoreSetPixel(strip,i,0,0,0);
 8001058:	9400      	str	r4, [sp, #0]
 800105a:	4623      	mov	r3, r4
 800105c:	4622      	mov	r2, r4
 800105e:	4629      	mov	r1, r5
 8001060:	4630      	mov	r0, r6
 8001062:	f7ff ffc4 	bl	8000fee <NOS_WS2812B_Strip_CoreSetPixel>
    for(int i = 0; i < strip->pixelCount; i++)
 8001066:	3501      	adds	r5, #1
 8001068:	68b3      	ldr	r3, [r6, #8]
 800106a:	42ab      	cmp	r3, r5
 800106c:	dcec      	bgt.n	8001048 <NOS_WS2812B_Strip_Clear+0xa>
    }
}
 800106e:	b002      	add	sp, #8
 8001070:	bd70      	pop	{r4, r5, r6, pc}
	...

08001074 <NOS_WS2812B_Strip_Update>:

void NOS_WS2812B_Strip_Update(WS2812B_Strip* strip)
{
 8001074:	e92d 43f0 	stmdb	sp!, {r4, r5, r6, r7, r8, r9, lr}
 8001078:	b083      	sub	sp, #12
 800107a:	4607      	mov	r7, r0
    float coef = (float)strip->bright / 100;
 800107c:	68c0      	ldr	r0, [r0, #12]
 800107e:	f7ff f8ff 	bl	8000280 <__aeabi_i2f>
 8001082:	491b      	ldr	r1, [pc, #108]	@ (80010f0 <NOS_WS2812B_Strip_Update+0x7c>)
 8001084:	f7ff fa04 	bl	8000490 <__aeabi_fdiv>
 8001088:	4680      	mov	r8, r0
    for(int i = 0; i < strip->pixelCount; i++)
 800108a:	2400      	movs	r4, #0
 800108c:	e029      	b.n	80010e2 <NOS_WS2812B_Strip_Update+0x6e>
    {
        uint8_t currR = (float)strip->pixels[i].R * coef;
 800108e:	687a      	ldr	r2, [r7, #4]
 8001090:	eb04 0344 	add.w	r3, r4, r4, lsl #1
 8001094:	eb02 0903 	add.w	r9, r2, r3
 8001098:	5cd0      	ldrb	r0, [r2, r3]
 800109a:	f7ff f8ed 	bl	8000278 <__aeabi_ui2f>
 800109e:	4641      	mov	r1, r8
 80010a0:	f7ff f942 	bl	8000328 <__aeabi_fmul>
 80010a4:	f7ff fa90 	bl	80005c8 <__aeabi_f2uiz>
 80010a8:	b2c5      	uxtb	r5, r0
        uint8_t currG = (float)strip->pixels[i].G * coef;
 80010aa:	f899 0001 	ldrb.w	r0, [r9, #1]
 80010ae:	f7ff f8e3 	bl	8000278 <__aeabi_ui2f>
 80010b2:	4641      	mov	r1, r8
 80010b4:	f7ff f938 	bl	8000328 <__aeabi_fmul>
 80010b8:	f7ff fa86 	bl	80005c8 <__aeabi_f2uiz>
 80010bc:	b2c6      	uxtb	r6, r0
        uint8_t currB = (float)strip->pixels[i].B * coef;
 80010be:	f899 0002 	ldrb.w	r0, [r9, #2]
 80010c2:	f7ff f8d9 	bl	8000278 <__aeabi_ui2f>
 80010c6:	4641      	mov	r1, r8
 80010c8:	f7ff f92e 	bl	8000328 <__aeabi_fmul>
 80010cc:	f7ff fa7c 	bl	80005c8 <__aeabi_f2uiz>
 80010d0:	b2c0      	uxtb	r0, r0
        NOS_WS2812B_Strip_CoreSetPixel(strip,i,currR,currG,currB);
 80010d2:	9000      	str	r0, [sp, #0]
 80010d4:	4633      	mov	r3, r6
 80010d6:	462a      	mov	r2, r5
 80010d8:	4621      	mov	r1, r4
 80010da:	4638      	mov	r0, r7
 80010dc:	f7ff ff87 	bl	8000fee <NOS_WS2812B_Strip_CoreSetPixel>
    for(int i = 0; i < strip->pixelCount; i++)
 80010e0:	3401      	adds	r4, #1
 80010e2:	68bb      	ldr	r3, [r7, #8]
 80010e4:	42a3      	cmp	r3, r4
 80010e6:	dcd2      	bgt.n	800108e <NOS_WS2812B_Strip_Update+0x1a>
    }

}
 80010e8:	b003      	add	sp, #12
 80010ea:	e8bd 83f0 	ldmia.w	sp!, {r4, r5, r6, r7, r8, r9, pc}
 80010ee:	bf00      	nop
 80010f0:	42c80000 	.word	0x42c80000

080010f4 <NOS_WS2812B_Strip_ColorFill>:
        currPixel++;
    }
}

void NOS_WS2812B_Strip_ColorFill(WS2812B_Strip* strip,PixelColor color)
{
 80010f4:	b530      	push	{r4, r5, lr}
 80010f6:	b085      	sub	sp, #20
 80010f8:	4605      	mov	r5, r0
 80010fa:	9103      	str	r1, [sp, #12]
    for(int i = 0; i < strip->pixelCount; i++)
 80010fc:	2400      	movs	r4, #0
 80010fe:	e00b      	b.n	8001118 <NOS_WS2812B_Strip_ColorFill+0x24>
    {
        NOS_WS2812B_Strip_SetPixel(strip,i,color.R,color.G,color.B);
 8001100:	f89d 300e 	ldrb.w	r3, [sp, #14]
 8001104:	9300      	str	r3, [sp, #0]
 8001106:	f89d 300d 	ldrb.w	r3, [sp, #13]
 800110a:	f89d 200c 	ldrb.w	r2, [sp, #12]
 800110e:	4621      	mov	r1, r4
 8001110:	4628      	mov	r0, r5
 8001112:	f7ff ff80 	bl	8001016 <NOS_WS2812B_Strip_SetPixel>
    for(int i = 0; i < strip->pixelCount; i++)
 8001116:	3401      	adds	r4, #1
 8001118:	68ab      	ldr	r3, [r5, #8]
 800111a:	42a3      	cmp	r3, r4
 800111c:	dcf0      	bgt.n	8001100 <NOS_WS2812B_Strip_ColorFill+0xc>
    }
}
 800111e:	b005      	add	sp, #20
 8001120:	bd30      	pop	{r4, r5, pc}

08001122 <NOS_WS2812B_Strip_SetPixelByPixelColor>:

    NOS_WS2812B_Strip_SetPixel(strip,pixelPos,R,G,B);
}

void NOS_WS2812B_Strip_SetPixelByPixelColor(WS2812B_Strip* strip,int pixelPos, PixelColor color)
{
 8001122:	b500      	push	{lr}
 8001124:	b085      	sub	sp, #20
 8001126:	9203      	str	r2, [sp, #12]
    NOS_WS2812B_Strip_SetPixel(strip,pixelPos,color.R,color.G,color.B);
 8001128:	f89d 300e 	ldrb.w	r3, [sp, #14]
 800112c:	9300      	str	r3, [sp, #0]
 800112e:	f89d 300d 	ldrb.w	r3, [sp, #13]
 8001132:	f89d 200c 	ldrb.w	r2, [sp, #12]
 8001136:	f7ff ff6e 	bl	8001016 <NOS_WS2812B_Strip_SetPixel>
}
 800113a:	b005      	add	sp, #20
 800113c:	f85d fb04 	ldr.w	pc, [sp], #4

08001140 <NOS_WS2812B_Strip_SetBright>:

void NOS_WS2812B_Strip_SetBright(WS2812B_Strip* strip,uint8_t bright)
{
    strip->bright = bright;
 8001140:	60c1      	str	r1, [r0, #12]
}
 8001142:	4770      	bx	lr

08001144 <NOS_WS2812B_Strip_Effects_Check_Conflicts>:
        }
    }
}

void NOS_WS2812B_Strip_Effects_Check_Conflicts(WS2812B_Strip* strip,Effect_Struct effect)
{
 8001144:	b084      	sub	sp, #16
 8001146:	b500      	push	{lr}
 8001148:	b083      	sub	sp, #12
 800114a:	f10d 0c14 	add.w	ip, sp, #20
 800114e:	e88c 000e 	stmia.w	ip, {r1, r2, r3}
    PixelColor color = {0,0,0};
 8001152:	2300      	movs	r3, #0
 8001154:	f88d 3004 	strb.w	r3, [sp, #4]
 8001158:	f88d 3005 	strb.w	r3, [sp, #5]
 800115c:	f88d 3006 	strb.w	r3, [sp, #6]
    switch(effect.effectId)
 8001160:	f89d 303e 	ldrb.w	r3, [sp, #62]	@ 0x3e
 8001164:	2b22      	cmp	r3, #34	@ 0x22
 8001166:	d00f      	beq.n	8001188 <NOS_WS2812B_Strip_Effects_Check_Conflicts+0x44>
 8001168:	2b23      	cmp	r3, #35	@ 0x23
 800116a:	d014      	beq.n	8001196 <NOS_WS2812B_Strip_Effects_Check_Conflicts+0x52>
 800116c:	2b21      	cmp	r3, #33	@ 0x21
 800116e:	d004      	beq.n	800117a <NOS_WS2812B_Strip_Effects_Check_Conflicts+0x36>
            strip->effects[2].enabled = false;

            NOS_WS2812B_Strip_ColorFill(strip,color);
        break;
    }
}
 8001170:	b003      	add	sp, #12
 8001172:	f85d eb04 	ldr.w	lr, [sp], #4
 8001176:	b004      	add	sp, #16
 8001178:	4770      	bx	lr
            strip->effects[2].enabled = false;
 800117a:	2300      	movs	r3, #0
 800117c:	f880 3091 	strb.w	r3, [r0, #145]	@ 0x91
            NOS_WS2812B_Strip_ColorFill(strip,color);
 8001180:	9901      	ldr	r1, [sp, #4]
 8001182:	f7ff ffb7 	bl	80010f4 <NOS_WS2812B_Strip_ColorFill>
        break;
 8001186:	e7f3      	b.n	8001170 <NOS_WS2812B_Strip_Effects_Check_Conflicts+0x2c>
            strip->effects[1].enabled = false;
 8001188:	2300      	movs	r3, #0
 800118a:	f880 3065 	strb.w	r3, [r0, #101]	@ 0x65
            NOS_WS2812B_Strip_ColorFill(strip,color);
 800118e:	9901      	ldr	r1, [sp, #4]
 8001190:	f7ff ffb0 	bl	80010f4 <NOS_WS2812B_Strip_ColorFill>
        break;
 8001194:	e7ec      	b.n	8001170 <NOS_WS2812B_Strip_Effects_Check_Conflicts+0x2c>
            strip->effects[2].enabled = false;
 8001196:	2300      	movs	r3, #0
 8001198:	f880 3091 	strb.w	r3, [r0, #145]	@ 0x91
            NOS_WS2812B_Strip_ColorFill(strip,color);
 800119c:	9901      	ldr	r1, [sp, #4]
 800119e:	f7ff ffa9 	bl	80010f4 <NOS_WS2812B_Strip_ColorFill>
}
 80011a2:	e7e5      	b.n	8001170 <NOS_WS2812B_Strip_Effects_Check_Conflicts+0x2c>

080011a4 <NOS_WS2812B_Strip_Effect_Init>:
        }
    
}

void NOS_WS2812B_Strip_Effect_Init(Effect_Struct* effect,PixelColor* color,uint16_t speed,uint16_t step,uint16_t minValue,uint16_t maxValue,uint16_t param1,uint16_t param2,uint16_t param3,uint16_t param4,uint8_t effectID,bool enabled)
{
 80011a4:	e92d 43f8 	stmdb	sp!, {r3, r4, r5, r6, r7, r8, r9, lr}
 80011a8:	4604      	mov	r4, r0
 80011aa:	460d      	mov	r5, r1
 80011ac:	4617      	mov	r7, r2
 80011ae:	461e      	mov	r6, r3
 80011b0:	f8bd 9020 	ldrh.w	r9, [sp, #32]
 80011b4:	f8bd 8024 	ldrh.w	r8, [sp, #36]	@ 0x24
        NOS_Math_SinValue_Init(&effect->value,minValue,maxValue,step);
 80011b8:	4642      	mov	r2, r8
 80011ba:	4649      	mov	r1, r9
 80011bc:	f7ff fba3 	bl	8000906 <NOS_Math_SinValue_Init>
        effect->minValue = minValue;
 80011c0:	f8a4 901a 	strh.w	r9, [r4, #26]
        effect->maxValue = maxValue;
 80011c4:	f8a4 801c 	strh.w	r8, [r4, #28]
        effect->speed.data = speed;
 80011c8:	82a7      	strh	r7, [r4, #20]
        effect->step.data = step;
 80011ca:	82e6      	strh	r6, [r4, #22]
        effect->enabled = enabled;
 80011cc:	f89d 303c 	ldrb.w	r3, [sp, #60]	@ 0x3c
 80011d0:	f884 3029 	strb.w	r3, [r4, #41]	@ 0x29
        NOS_PixelColor_SetColor(&effect->color,color->R,color->G,color->B);
 80011d4:	78ab      	ldrb	r3, [r5, #2]
 80011d6:	786a      	ldrb	r2, [r5, #1]
 80011d8:	7829      	ldrb	r1, [r5, #0]
 80011da:	f104 0026 	add.w	r0, r4, #38	@ 0x26
 80011de:	f7ff fa33 	bl	8000648 <NOS_PixelColor_SetColor>
        effect->effectId = effectID;
 80011e2:	f89d 3038 	ldrb.w	r3, [sp, #56]	@ 0x38
 80011e6:	f884 302a 	strb.w	r3, [r4, #42]	@ 0x2a
        
        effect->param1 = param1;
 80011ea:	f8bd 3028 	ldrh.w	r3, [sp, #40]	@ 0x28
 80011ee:	83e3      	strh	r3, [r4, #30]
        effect->param2 = param2;
 80011f0:	f8bd 302c 	ldrh.w	r3, [sp, #44]	@ 0x2c
 80011f4:	8423      	strh	r3, [r4, #32]
        effect->param3 = param3;
 80011f6:	f8bd 3030 	ldrh.w	r3, [sp, #48]	@ 0x30
 80011fa:	8463      	strh	r3, [r4, #34]	@ 0x22
        effect->param4 = param4;
 80011fc:	f8bd 3034 	ldrh.w	r3, [sp, #52]	@ 0x34
 8001200:	84a3      	strh	r3, [r4, #36]	@ 0x24
}
 8001202:	e8bd 83f8 	ldmia.w	sp!, {r3, r4, r5, r6, r7, r8, r9, pc}

08001206 <NOS_WS2812B_Strip_Effects_AddEffect>:
{
 8001206:	b084      	sub	sp, #16
 8001208:	b530      	push	{r4, r5, lr}
 800120a:	b089      	sub	sp, #36	@ 0x24
 800120c:	4604      	mov	r4, r0
 800120e:	a80d      	add	r0, sp, #52	@ 0x34
 8001210:	e880 000e 	stmia.w	r0, {r1, r2, r3}
    if(strip->effectsCounter < 10)
 8001214:	f894 00ec 	ldrb.w	r0, [r4, #236]	@ 0xec
 8001218:	2809      	cmp	r0, #9
 800121a:	d831      	bhi.n	8001280 <NOS_WS2812B_Strip_Effects_AddEffect+0x7a>
        switch(effect.effectId)
 800121c:	f89d 205e 	ldrb.w	r2, [sp, #94]	@ 0x5e
 8001220:	f1a2 0320 	sub.w	r3, r2, #32
 8001224:	2b03      	cmp	r3, #3
 8001226:	d826      	bhi.n	8001276 <NOS_WS2812B_Strip_Effects_AddEffect+0x70>
 8001228:	e8df f003 	tbb	[pc, r3]
 800122c:	99642f02 	.word	0x99642f02
                NOS_WS2812B_Strip_Effect_Init(&strip->effects[strip->effectsCounter],&effect.color,effect.speed.data,effect.step.data,effect.minValue,effect.maxValue,effect.param1,effect.param2,effect.param3,effect.param4,effect.effectId,effect.enabled);
 8001230:	232c      	movs	r3, #44	@ 0x2c
 8001232:	fb03 f000 	mul.w	r0, r3, r0
 8001236:	3010      	adds	r0, #16
 8001238:	f89d 305d 	ldrb.w	r3, [sp, #93]	@ 0x5d
 800123c:	9307      	str	r3, [sp, #28]
 800123e:	9206      	str	r2, [sp, #24]
 8001240:	f8bd 3058 	ldrh.w	r3, [sp, #88]	@ 0x58
 8001244:	9305      	str	r3, [sp, #20]
 8001246:	f8bd 3056 	ldrh.w	r3, [sp, #86]	@ 0x56
 800124a:	9304      	str	r3, [sp, #16]
 800124c:	f8bd 3054 	ldrh.w	r3, [sp, #84]	@ 0x54
 8001250:	9303      	str	r3, [sp, #12]
 8001252:	f8bd 3052 	ldrh.w	r3, [sp, #82]	@ 0x52
 8001256:	9302      	str	r3, [sp, #8]
 8001258:	f8bd 3050 	ldrh.w	r3, [sp, #80]	@ 0x50
 800125c:	9301      	str	r3, [sp, #4]
 800125e:	f8bd 304e 	ldrh.w	r3, [sp, #78]	@ 0x4e
 8001262:	9300      	str	r3, [sp, #0]
 8001264:	f8bd 304a 	ldrh.w	r3, [sp, #74]	@ 0x4a
 8001268:	f8bd 2048 	ldrh.w	r2, [sp, #72]	@ 0x48
 800126c:	f10d 015a 	add.w	r1, sp, #90	@ 0x5a
 8001270:	4420      	add	r0, r4
 8001272:	f7ff ff97 	bl	80011a4 <NOS_WS2812B_Strip_Effect_Init>
        strip->effectsCounter++;
 8001276:	f894 30ec 	ldrb.w	r3, [r4, #236]	@ 0xec
 800127a:	3301      	adds	r3, #1
 800127c:	f884 30ec 	strb.w	r3, [r4, #236]	@ 0xec
}
 8001280:	b009      	add	sp, #36	@ 0x24
 8001282:	e8bd 4030 	ldmia.w	sp!, {r4, r5, lr}
 8001286:	b004      	add	sp, #16
 8001288:	4770      	bx	lr
                NOS_WS2812B_Strip_Effect_Init(&strip->effects[strip->effectsCounter],&effect.color,effect.speed.data,effect.step.data,effect.minValue,effect.maxValue,effect.param1,effect.param2,effect.param3,effect.param4,effect.effectId,effect.enabled);
 800128a:	ad0d      	add	r5, sp, #52	@ 0x34
 800128c:	232c      	movs	r3, #44	@ 0x2c
 800128e:	fb03 f000 	mul.w	r0, r3, r0
 8001292:	3010      	adds	r0, #16
 8001294:	f89d 305d 	ldrb.w	r3, [sp, #93]	@ 0x5d
 8001298:	9307      	str	r3, [sp, #28]
 800129a:	9206      	str	r2, [sp, #24]
 800129c:	f8bd 3058 	ldrh.w	r3, [sp, #88]	@ 0x58
 80012a0:	9305      	str	r3, [sp, #20]
 80012a2:	f8bd 3056 	ldrh.w	r3, [sp, #86]	@ 0x56
 80012a6:	9304      	str	r3, [sp, #16]
 80012a8:	f8bd 3054 	ldrh.w	r3, [sp, #84]	@ 0x54
 80012ac:	9303      	str	r3, [sp, #12]
 80012ae:	f8bd 3052 	ldrh.w	r3, [sp, #82]	@ 0x52
 80012b2:	9302      	str	r3, [sp, #8]
 80012b4:	f8bd 3050 	ldrh.w	r3, [sp, #80]	@ 0x50
 80012b8:	9301      	str	r3, [sp, #4]
 80012ba:	f8bd 304e 	ldrh.w	r3, [sp, #78]	@ 0x4e
 80012be:	9300      	str	r3, [sp, #0]
 80012c0:	f8bd 304a 	ldrh.w	r3, [sp, #74]	@ 0x4a
 80012c4:	f8bd 2048 	ldrh.w	r2, [sp, #72]	@ 0x48
 80012c8:	f10d 015a 	add.w	r1, sp, #90	@ 0x5a
 80012cc:	4420      	add	r0, r4
 80012ce:	f7ff ff69 	bl	80011a4 <NOS_WS2812B_Strip_Effect_Init>
                NOS_WS2812B_Strip_Effects_Check_Conflicts(strip,effect);
 80012d2:	46ec      	mov	ip, sp
 80012d4:	f10d 0e40 	add.w	lr, sp, #64	@ 0x40
 80012d8:	e8be 000f 	ldmia.w	lr!, {r0, r1, r2, r3}
 80012dc:	e8ac 000f 	stmia.w	ip!, {r0, r1, r2, r3}
 80012e0:	e89e 000f 	ldmia.w	lr, {r0, r1, r2, r3}
 80012e4:	e88c 000f 	stmia.w	ip, {r0, r1, r2, r3}
 80012e8:	e895 000e 	ldmia.w	r5, {r1, r2, r3}
 80012ec:	4620      	mov	r0, r4
 80012ee:	f7ff ff29 	bl	8001144 <NOS_WS2812B_Strip_Effects_Check_Conflicts>
                break;
 80012f2:	e7c0      	b.n	8001276 <NOS_WS2812B_Strip_Effects_AddEffect+0x70>
                NOS_WS2812B_Strip_Effect_Init(&strip->effects[strip->effectsCounter],&effect.color,effect.speed.data,effect.step.data,effect.minValue,effect.maxValue,effect.param1,effect.param2,effect.param3,effect.param4,effect.effectId,effect.enabled);
 80012f4:	ad0d      	add	r5, sp, #52	@ 0x34
 80012f6:	232c      	movs	r3, #44	@ 0x2c
 80012f8:	fb03 f000 	mul.w	r0, r3, r0
 80012fc:	3010      	adds	r0, #16
 80012fe:	f89d 305d 	ldrb.w	r3, [sp, #93]	@ 0x5d
 8001302:	9307      	str	r3, [sp, #28]
 8001304:	9206      	str	r2, [sp, #24]
 8001306:	f8bd 3058 	ldrh.w	r3, [sp, #88]	@ 0x58
 800130a:	9305      	str	r3, [sp, #20]
 800130c:	f8bd 3056 	ldrh.w	r3, [sp, #86]	@ 0x56
 8001310:	9304      	str	r3, [sp, #16]
 8001312:	f8bd 3054 	ldrh.w	r3, [sp, #84]	@ 0x54
 8001316:	9303      	str	r3, [sp, #12]
 8001318:	f8bd 3052 	ldrh.w	r3, [sp, #82]	@ 0x52
 800131c:	9302      	str	r3, [sp, #8]
 800131e:	f8bd 3050 	ldrh.w	r3, [sp, #80]	@ 0x50
 8001322:	9301      	str	r3, [sp, #4]
 8001324:	f8bd 304e 	ldrh.w	r3, [sp, #78]	@ 0x4e
 8001328:	9300      	str	r3, [sp, #0]
 800132a:	f8bd 304a 	ldrh.w	r3, [sp, #74]	@ 0x4a
 800132e:	f8bd 2048 	ldrh.w	r2, [sp, #72]	@ 0x48
 8001332:	f10d 015a 	add.w	r1, sp, #90	@ 0x5a
 8001336:	4420      	add	r0, r4
 8001338:	f7ff ff34 	bl	80011a4 <NOS_WS2812B_Strip_Effect_Init>
                NOS_WS2812B_Strip_Effects_Check_Conflicts(strip,effect);
 800133c:	46ec      	mov	ip, sp
 800133e:	f10d 0e40 	add.w	lr, sp, #64	@ 0x40
 8001342:	e8be 000f 	ldmia.w	lr!, {r0, r1, r2, r3}
 8001346:	e8ac 000f 	stmia.w	ip!, {r0, r1, r2, r3}
 800134a:	e89e 000f 	ldmia.w	lr, {r0, r1, r2, r3}
 800134e:	e88c 000f 	stmia.w	ip, {r0, r1, r2, r3}
 8001352:	e895 000e 	ldmia.w	r5, {r1, r2, r3}
 8001356:	4620      	mov	r0, r4
 8001358:	f7ff fef4 	bl	8001144 <NOS_WS2812B_Strip_Effects_Check_Conflicts>
                break;
 800135c:	e78b      	b.n	8001276 <NOS_WS2812B_Strip_Effects_AddEffect+0x70>
                NOS_WS2812B_Strip_Effect_Init(&strip->effects[strip->effectsCounter],&effect.color,effect.speed.data,effect.step.data,effect.minValue,effect.maxValue,effect.param1,effect.param2,effect.param3,effect.param4,effect.effectId,effect.enabled);
 800135e:	ad0d      	add	r5, sp, #52	@ 0x34
 8001360:	232c      	movs	r3, #44	@ 0x2c
 8001362:	fb03 f000 	mul.w	r0, r3, r0
 8001366:	3010      	adds	r0, #16
 8001368:	f89d 305d 	ldrb.w	r3, [sp, #93]	@ 0x5d
 800136c:	9307      	str	r3, [sp, #28]
 800136e:	9206      	str	r2, [sp, #24]
 8001370:	f8bd 3058 	ldrh.w	r3, [sp, #88]	@ 0x58
 8001374:	9305      	str	r3, [sp, #20]
 8001376:	f8bd 3056 	ldrh.w	r3, [sp, #86]	@ 0x56
 800137a:	9304      	str	r3, [sp, #16]
 800137c:	f8bd 3054 	ldrh.w	r3, [sp, #84]	@ 0x54
 8001380:	9303      	str	r3, [sp, #12]
 8001382:	f8bd 3052 	ldrh.w	r3, [sp, #82]	@ 0x52
 8001386:	9302      	str	r3, [sp, #8]
 8001388:	f8bd 3050 	ldrh.w	r3, [sp, #80]	@ 0x50
 800138c:	9301      	str	r3, [sp, #4]
 800138e:	f8bd 304e 	ldrh.w	r3, [sp, #78]	@ 0x4e
 8001392:	9300      	str	r3, [sp, #0]
 8001394:	f8bd 304a 	ldrh.w	r3, [sp, #74]	@ 0x4a
 8001398:	f8bd 2048 	ldrh.w	r2, [sp, #72]	@ 0x48
 800139c:	f10d 015a 	add.w	r1, sp, #90	@ 0x5a
 80013a0:	4420      	add	r0, r4
 80013a2:	f7ff feff 	bl	80011a4 <NOS_WS2812B_Strip_Effect_Init>
                NOS_WS2812B_Strip_Effects_Check_Conflicts(strip,effect);
 80013a6:	46ec      	mov	ip, sp
 80013a8:	f10d 0e40 	add.w	lr, sp, #64	@ 0x40
 80013ac:	e8be 000f 	ldmia.w	lr!, {r0, r1, r2, r3}
 80013b0:	e8ac 000f 	stmia.w	ip!, {r0, r1, r2, r3}
 80013b4:	e89e 000f 	ldmia.w	lr, {r0, r1, r2, r3}
 80013b8:	e88c 000f 	stmia.w	ip, {r0, r1, r2, r3}
 80013bc:	e895 000e 	ldmia.w	r5, {r1, r2, r3}
 80013c0:	4620      	mov	r0, r4
 80013c2:	f7ff febf 	bl	8001144 <NOS_WS2812B_Strip_Effects_Check_Conflicts>
                break;
 80013c6:	e756      	b.n	8001276 <NOS_WS2812B_Strip_Effects_AddEffect+0x70>

080013c8 <NOS_WS2812B_Strip_Effects_UpdateEffect>:
{
 80013c8:	b084      	sub	sp, #16
 80013ca:	b530      	push	{r4, r5, lr}
 80013cc:	b089      	sub	sp, #36	@ 0x24
 80013ce:	4604      	mov	r4, r0
 80013d0:	a80d      	add	r0, sp, #52	@ 0x34
 80013d2:	e880 000e 	stmia.w	r0, {r1, r2, r3}
        switch(effect.effectId)
 80013d6:	f89d 205e 	ldrb.w	r2, [sp, #94]	@ 0x5e
 80013da:	f1a2 0320 	sub.w	r3, r2, #32
 80013de:	2b03      	cmp	r3, #3
 80013e0:	d823      	bhi.n	800142a <NOS_WS2812B_Strip_Effects_UpdateEffect+0x62>
 80013e2:	e8df f003 	tbb	[pc, r3]
 80013e6:	2702      	.short	0x2702
 80013e8:	8b59      	.short	0x8b59
                NOS_WS2812B_Strip_Effect_Init(&strip->effects[0],&effect.color,effect.speed.data,effect.step.data,effect.minValue,effect.maxValue,effect.param1,effect.param2,effect.param3,effect.param4,effect.effectId,effect.enabled);
 80013ea:	f89d 305d 	ldrb.w	r3, [sp, #93]	@ 0x5d
 80013ee:	9307      	str	r3, [sp, #28]
 80013f0:	9206      	str	r2, [sp, #24]
 80013f2:	f8bd 3058 	ldrh.w	r3, [sp, #88]	@ 0x58
 80013f6:	9305      	str	r3, [sp, #20]
 80013f8:	f8bd 3056 	ldrh.w	r3, [sp, #86]	@ 0x56
 80013fc:	9304      	str	r3, [sp, #16]
 80013fe:	f8bd 3054 	ldrh.w	r3, [sp, #84]	@ 0x54
 8001402:	9303      	str	r3, [sp, #12]
 8001404:	f8bd 3052 	ldrh.w	r3, [sp, #82]	@ 0x52
 8001408:	9302      	str	r3, [sp, #8]
 800140a:	f8bd 3050 	ldrh.w	r3, [sp, #80]	@ 0x50
 800140e:	9301      	str	r3, [sp, #4]
 8001410:	f8bd 304e 	ldrh.w	r3, [sp, #78]	@ 0x4e
 8001414:	9300      	str	r3, [sp, #0]
 8001416:	f8bd 304a 	ldrh.w	r3, [sp, #74]	@ 0x4a
 800141a:	f8bd 2048 	ldrh.w	r2, [sp, #72]	@ 0x48
 800141e:	f10d 015a 	add.w	r1, sp, #90	@ 0x5a
 8001422:	f104 0010 	add.w	r0, r4, #16
 8001426:	f7ff febd 	bl	80011a4 <NOS_WS2812B_Strip_Effect_Init>
}
 800142a:	b009      	add	sp, #36	@ 0x24
 800142c:	e8bd 4030 	ldmia.w	sp!, {r4, r5, lr}
 8001430:	b004      	add	sp, #16
 8001432:	4770      	bx	lr
                NOS_WS2812B_Strip_Effect_Init(&strip->effects[1],&effect.color,effect.speed.data,effect.step.data,effect.minValue,effect.maxValue,effect.param1,effect.param2,effect.param3,effect.param4,effect.effectId,effect.enabled);
 8001434:	ad0d      	add	r5, sp, #52	@ 0x34
 8001436:	f89d 305d 	ldrb.w	r3, [sp, #93]	@ 0x5d
 800143a:	9307      	str	r3, [sp, #28]
 800143c:	9206      	str	r2, [sp, #24]
 800143e:	f8bd 3058 	ldrh.w	r3, [sp, #88]	@ 0x58
 8001442:	9305      	str	r3, [sp, #20]
 8001444:	f8bd 3056 	ldrh.w	r3, [sp, #86]	@ 0x56
 8001448:	9304      	str	r3, [sp, #16]
 800144a:	f8bd 3054 	ldrh.w	r3, [sp, #84]	@ 0x54
 800144e:	9303      	str	r3, [sp, #12]
 8001450:	f8bd 3052 	ldrh.w	r3, [sp, #82]	@ 0x52
 8001454:	9302      	str	r3, [sp, #8]
 8001456:	f8bd 3050 	ldrh.w	r3, [sp, #80]	@ 0x50
 800145a:	9301      	str	r3, [sp, #4]
 800145c:	f8bd 304e 	ldrh.w	r3, [sp, #78]	@ 0x4e
 8001460:	9300      	str	r3, [sp, #0]
 8001462:	f8bd 304a 	ldrh.w	r3, [sp, #74]	@ 0x4a
 8001466:	f8bd 2048 	ldrh.w	r2, [sp, #72]	@ 0x48
 800146a:	f10d 015a 	add.w	r1, sp, #90	@ 0x5a
 800146e:	f104 003c 	add.w	r0, r4, #60	@ 0x3c
 8001472:	f7ff fe97 	bl	80011a4 <NOS_WS2812B_Strip_Effect_Init>
                NOS_WS2812B_Strip_Effects_Check_Conflicts(strip,effect);
 8001476:	46ec      	mov	ip, sp
 8001478:	f10d 0e40 	add.w	lr, sp, #64	@ 0x40
 800147c:	e8be 000f 	ldmia.w	lr!, {r0, r1, r2, r3}
 8001480:	e8ac 000f 	stmia.w	ip!, {r0, r1, r2, r3}
 8001484:	e89e 000f 	ldmia.w	lr, {r0, r1, r2, r3}
 8001488:	e88c 000f 	stmia.w	ip, {r0, r1, r2, r3}
 800148c:	e895 000e 	ldmia.w	r5, {r1, r2, r3}
 8001490:	4620      	mov	r0, r4
 8001492:	f7ff fe57 	bl	8001144 <NOS_WS2812B_Strip_Effects_Check_Conflicts>
                break;
 8001496:	e7c8      	b.n	800142a <NOS_WS2812B_Strip_Effects_UpdateEffect+0x62>
                NOS_WS2812B_Strip_Effect_Init(&strip->effects[2],&effect.color,effect.speed.data,effect.step.data,effect.minValue,effect.maxValue,effect.param1,effect.param2,effect.param3,effect.param4,effect.effectId,effect.enabled);
 8001498:	ad0d      	add	r5, sp, #52	@ 0x34
 800149a:	f89d 305d 	ldrb.w	r3, [sp, #93]	@ 0x5d
 800149e:	9307      	str	r3, [sp, #28]
 80014a0:	9206      	str	r2, [sp, #24]
 80014a2:	f8bd 3058 	ldrh.w	r3, [sp, #88]	@ 0x58
 80014a6:	9305      	str	r3, [sp, #20]
 80014a8:	f8bd 3056 	ldrh.w	r3, [sp, #86]	@ 0x56
 80014ac:	9304      	str	r3, [sp, #16]
 80014ae:	f8bd 3054 	ldrh.w	r3, [sp, #84]	@ 0x54
 80014b2:	9303      	str	r3, [sp, #12]
 80014b4:	f8bd 3052 	ldrh.w	r3, [sp, #82]	@ 0x52
 80014b8:	9302      	str	r3, [sp, #8]
 80014ba:	f8bd 3050 	ldrh.w	r3, [sp, #80]	@ 0x50
 80014be:	9301      	str	r3, [sp, #4]
 80014c0:	f8bd 304e 	ldrh.w	r3, [sp, #78]	@ 0x4e
 80014c4:	9300      	str	r3, [sp, #0]
 80014c6:	f8bd 304a 	ldrh.w	r3, [sp, #74]	@ 0x4a
 80014ca:	f8bd 2048 	ldrh.w	r2, [sp, #72]	@ 0x48
 80014ce:	f10d 015a 	add.w	r1, sp, #90	@ 0x5a
 80014d2:	f104 0068 	add.w	r0, r4, #104	@ 0x68
 80014d6:	f7ff fe65 	bl	80011a4 <NOS_WS2812B_Strip_Effect_Init>
                NOS_WS2812B_Strip_Effects_Check_Conflicts(strip,effect);
 80014da:	46ec      	mov	ip, sp
 80014dc:	f10d 0e40 	add.w	lr, sp, #64	@ 0x40
 80014e0:	e8be 000f 	ldmia.w	lr!, {r0, r1, r2, r3}
 80014e4:	e8ac 000f 	stmia.w	ip!, {r0, r1, r2, r3}
 80014e8:	e89e 000f 	ldmia.w	lr, {r0, r1, r2, r3}
 80014ec:	e88c 000f 	stmia.w	ip, {r0, r1, r2, r3}
 80014f0:	e895 000e 	ldmia.w	r5, {r1, r2, r3}
 80014f4:	4620      	mov	r0, r4
 80014f6:	f7ff fe25 	bl	8001144 <NOS_WS2812B_Strip_Effects_Check_Conflicts>
                break;
 80014fa:	e796      	b.n	800142a <NOS_WS2812B_Strip_Effects_UpdateEffect+0x62>
                NOS_WS2812B_Strip_Effect_Init(&strip->effects[3],&effect.color,effect.speed.data,effect.step.data,effect.minValue,effect.maxValue,effect.param1,effect.param2,effect.param3,effect.param4,effect.effectId,effect.enabled);
 80014fc:	ad0d      	add	r5, sp, #52	@ 0x34
 80014fe:	f89d 305d 	ldrb.w	r3, [sp, #93]	@ 0x5d
 8001502:	9307      	str	r3, [sp, #28]
 8001504:	9206      	str	r2, [sp, #24]
 8001506:	f8bd 3058 	ldrh.w	r3, [sp, #88]	@ 0x58
 800150a:	9305      	str	r3, [sp, #20]
 800150c:	f8bd 3056 	ldrh.w	r3, [sp, #86]	@ 0x56
 8001510:	9304      	str	r3, [sp, #16]
 8001512:	f8bd 3054 	ldrh.w	r3, [sp, #84]	@ 0x54
 8001516:	9303      	str	r3, [sp, #12]
 8001518:	f8bd 3052 	ldrh.w	r3, [sp, #82]	@ 0x52
 800151c:	9302      	str	r3, [sp, #8]
 800151e:	f8bd 3050 	ldrh.w	r3, [sp, #80]	@ 0x50
 8001522:	9301      	str	r3, [sp, #4]
 8001524:	f8bd 304e 	ldrh.w	r3, [sp, #78]	@ 0x4e
 8001528:	9300      	str	r3, [sp, #0]
 800152a:	f8bd 304a 	ldrh.w	r3, [sp, #74]	@ 0x4a
 800152e:	f8bd 2048 	ldrh.w	r2, [sp, #72]	@ 0x48
 8001532:	f10d 015a 	add.w	r1, sp, #90	@ 0x5a
 8001536:	f104 0094 	add.w	r0, r4, #148	@ 0x94
 800153a:	f7ff fe33 	bl	80011a4 <NOS_WS2812B_Strip_Effect_Init>
                NOS_WS2812B_Strip_Effects_Check_Conflicts(strip,effect);
 800153e:	46ec      	mov	ip, sp
 8001540:	f10d 0e40 	add.w	lr, sp, #64	@ 0x40
 8001544:	e8be 000f 	ldmia.w	lr!, {r0, r1, r2, r3}
 8001548:	e8ac 000f 	stmia.w	ip!, {r0, r1, r2, r3}
 800154c:	e89e 000f 	ldmia.w	lr, {r0, r1, r2, r3}
 8001550:	e88c 000f 	stmia.w	ip, {r0, r1, r2, r3}
 8001554:	e895 000e 	ldmia.w	r5, {r1, r2, r3}
 8001558:	4620      	mov	r0, r4
 800155a:	f7ff fdf3 	bl	8001144 <NOS_WS2812B_Strip_Effects_Check_Conflicts>
}
 800155e:	e764      	b.n	800142a <NOS_WS2812B_Strip_Effects_UpdateEffect+0x62>

08001560 <NOS_WS2812B_Strip_Effect_Copy>:

void NOS_WS2812B_Strip_Effect_Copy(Effect_Struct* destination,Effect_Struct* source)
{
 8001560:	b538      	push	{r3, r4, r5, lr}
 8001562:	4605      	mov	r5, r0
 8001564:	460c      	mov	r4, r1
    NOS_Math_SinValue_Init(&destination->value,source->minValue,source->maxValue,source->step.data);
 8001566:	8acb      	ldrh	r3, [r1, #22]
 8001568:	8b8a      	ldrh	r2, [r1, #28]
 800156a:	8b49      	ldrh	r1, [r1, #26]
 800156c:	f7ff f9cb 	bl	8000906 <NOS_Math_SinValue_Init>
    destination->minValue = source->minValue;
 8001570:	8b63      	ldrh	r3, [r4, #26]
 8001572:	836b      	strh	r3, [r5, #26]
    destination->maxValue = source->maxValue;
 8001574:	8ba3      	ldrh	r3, [r4, #28]
 8001576:	83ab      	strh	r3, [r5, #28]
    destination->speed.data = source->speed.data;
 8001578:	8aa3      	ldrh	r3, [r4, #20]
 800157a:	82ab      	strh	r3, [r5, #20]
    destination->step.data = source->step.data;
 800157c:	8ae3      	ldrh	r3, [r4, #22]
 800157e:	82eb      	strh	r3, [r5, #22]
    destination->enabled = source->enabled;
 8001580:	f894 3029 	ldrb.w	r3, [r4, #41]	@ 0x29
 8001584:	f885 3029 	strb.w	r3, [r5, #41]	@ 0x29
    NOS_PixelColor_SetColor(&destination->color,source->color.R,source->color.G,source->color.B);
 8001588:	f894 3028 	ldrb.w	r3, [r4, #40]	@ 0x28
 800158c:	f894 2027 	ldrb.w	r2, [r4, #39]	@ 0x27
 8001590:	f894 1026 	ldrb.w	r1, [r4, #38]	@ 0x26
 8001594:	f105 0026 	add.w	r0, r5, #38	@ 0x26
 8001598:	f7ff f856 	bl	8000648 <NOS_PixelColor_SetColor>
    destination->effectId = source->effectId;   
 800159c:	f894 302a 	ldrb.w	r3, [r4, #42]	@ 0x2a
 80015a0:	f885 302a 	strb.w	r3, [r5, #42]	@ 0x2a
}
 80015a4:	bd38      	pop	{r3, r4, r5, pc}

080015a6 <NOS_WS2812B_Strip_Effect_Breathe_Handler>:

void NOS_WS2812B_Strip_Effect_Breathe_Handler(WS2812B_Strip* strip,Effect_Struct* effect)
{
    if(strip != NULL)
 80015a6:	b1d8      	cbz	r0, 80015e0 <NOS_WS2812B_Strip_Effect_Breathe_Handler+0x3a>
{
 80015a8:	b538      	push	{r3, r4, r5, lr}
 80015aa:	460c      	mov	r4, r1
 80015ac:	4605      	mov	r5, r0
    {
        if(effect != NULL)
 80015ae:	b149      	cbz	r1, 80015c4 <NOS_WS2812B_Strip_Effect_Breathe_Handler+0x1e>
        {
            if(effect->enabled)
 80015b0:	f891 3029 	ldrb.w	r3, [r1, #41]	@ 0x29
 80015b4:	b133      	cbz	r3, 80015c4 <NOS_WS2812B_Strip_Effect_Breathe_Handler+0x1e>
            {
                if(effect->timer > effect->speed.data)
 80015b6:	8b0a      	ldrh	r2, [r1, #24]
 80015b8:	8a8b      	ldrh	r3, [r1, #20]
 80015ba:	429a      	cmp	r2, r3
 80015bc:	d803      	bhi.n	80015c6 <NOS_WS2812B_Strip_Effect_Breathe_Handler+0x20>
                    NOS_Math_SinValue_Handler(&effect->value);
                    NOS_WS2812B_Strip_SetBright(strip,effect->value.value);
                    NOS_WS2812B_Strip_Update(strip);
                    effect->timer = 0;
                }
                effect->timer++;
 80015be:	8b23      	ldrh	r3, [r4, #24]
 80015c0:	3301      	adds	r3, #1
 80015c2:	8323      	strh	r3, [r4, #24]
            }
        }
    }
}
 80015c4:	bd38      	pop	{r3, r4, r5, pc}
                    NOS_Math_SinValue_Handler(&effect->value);
 80015c6:	4608      	mov	r0, r1
 80015c8:	f7ff f97f 	bl	80008ca <NOS_Math_SinValue_Handler>
                    NOS_WS2812B_Strip_SetBright(strip,effect->value.value);
 80015cc:	7821      	ldrb	r1, [r4, #0]
 80015ce:	4628      	mov	r0, r5
 80015d0:	f7ff fdb6 	bl	8001140 <NOS_WS2812B_Strip_SetBright>
                    NOS_WS2812B_Strip_Update(strip);
 80015d4:	4628      	mov	r0, r5
 80015d6:	f7ff fd4d 	bl	8001074 <NOS_WS2812B_Strip_Update>
                    effect->timer = 0;
 80015da:	2300      	movs	r3, #0
 80015dc:	8323      	strh	r3, [r4, #24]
 80015de:	e7ee      	b.n	80015be <NOS_WS2812B_Strip_Effect_Breathe_Handler+0x18>
 80015e0:	4770      	bx	lr
	...

080015e4 <NOS_WS2812B_Strip_Effect_Rainbow_Handler>:

void NOS_WS2812B_Strip_Effect_Rainbow_Handler(WS2812B_Strip* strip,Effect_Struct* effect)
{
    if(strip != NULL)
 80015e4:	2800      	cmp	r0, #0
 80015e6:	f000 8102 	beq.w	80017ee <NOS_WS2812B_Strip_Effect_Rainbow_Handler+0x20a>
{
 80015ea:	b570      	push	{r4, r5, r6, lr}
 80015ec:	b082      	sub	sp, #8
 80015ee:	460c      	mov	r4, r1
 80015f0:	4605      	mov	r5, r0
    {
        if(effect != NULL)
 80015f2:	b149      	cbz	r1, 8001608 <NOS_WS2812B_Strip_Effect_Rainbow_Handler+0x24>
        {
            if(effect->enabled)
 80015f4:	f891 3029 	ldrb.w	r3, [r1, #41]	@ 0x29
 80015f8:	b133      	cbz	r3, 8001608 <NOS_WS2812B_Strip_Effect_Rainbow_Handler+0x24>
            {
                if(effect->timer > effect->speed.data)
 80015fa:	8b0a      	ldrh	r2, [r1, #24]
 80015fc:	8a8b      	ldrh	r3, [r1, #20]
 80015fe:	429a      	cmp	r2, r3
 8001600:	d804      	bhi.n	800160c <NOS_WS2812B_Strip_Effect_Rainbow_Handler+0x28>

                    NOS_WS2812B_Strip_ColorFill(strip,curr);
                    NOS_WS2812B_Strip_Update(strip);
                    effect->timer = 0;
                }
                effect->timer++;
 8001602:	8b23      	ldrh	r3, [r4, #24]
 8001604:	3301      	adds	r3, #1
 8001606:	8323      	strh	r3, [r4, #24]
            }
        }
    }
}
 8001608:	b002      	add	sp, #8
 800160a:	bd70      	pop	{r4, r5, r6, pc}
                    NOS_Math_SinValue_Handler(&effect->value);
 800160c:	4608      	mov	r0, r1
 800160e:	f7ff f95c 	bl	80008ca <NOS_Math_SinValue_Handler>
                    uint16_t number = NOS_Math_GetSinValue(&effect->value);
 8001612:	4620      	mov	r0, r4
 8001614:	f7ff f957 	bl	80008c6 <NOS_Math_GetSinValue>
 8001618:	b282      	uxth	r2, r0
                    uint8_t iteration = number / 0x7F;
 800161a:	4b75      	ldr	r3, [pc, #468]	@ (80017f0 <NOS_WS2812B_Strip_Effect_Rainbow_Handler+0x20c>)
 800161c:	fba3 1302 	umull	r1, r3, r3, r2
 8001620:	1ad1      	subs	r1, r2, r3
 8001622:	eb03 0051 	add.w	r0, r3, r1, lsr #1
 8001626:	f3c0 1087 	ubfx	r0, r0, #6, #8
                    PixelColor curr = { 0,0,0 };
 800162a:	2300      	movs	r3, #0
 800162c:	f88d 3004 	strb.w	r3, [sp, #4]
 8001630:	f88d 3005 	strb.w	r3, [sp, #5]
 8001634:	f88d 3006 	strb.w	r3, [sp, #6]
                    number = number - 0x7F * iteration;
 8001638:	eba0 13c0 	sub.w	r3, r0, r0, lsl #7
 800163c:	b29b      	uxth	r3, r3
 800163e:	4413      	add	r3, r2
 8001640:	b29e      	uxth	r6, r3
                    switch (iteration)
 8001642:	280b      	cmp	r0, #11
 8001644:	d815      	bhi.n	8001672 <NOS_WS2812B_Strip_Effect_Rainbow_Handler+0x8e>
 8001646:	e8df f000 	tbb	[pc, r0]
 800164a:	1e06      	.short	0x1e06
 800164c:	5f503f2f 	.word	0x5f503f2f
 8001650:	a0918070 	.word	0xa0918070
 8001654:	c1b1      	.short	0xc1b1
                        curr = NOS_GetBaseColor((NOS_BaseColors)iteration);
 8001656:	f7fe fffb 	bl	8000650 <NOS_GetBaseColor>
 800165a:	f88d 0004 	strb.w	r0, [sp, #4]
 800165e:	f3c0 2307 	ubfx	r3, r0, #8, #8
 8001662:	f88d 3005 	strb.w	r3, [sp, #5]
 8001666:	f3c0 4007 	ubfx	r0, r0, #16, #8
 800166a:	f88d 0006 	strb.w	r0, [sp, #6]
                        curr.G = number;
 800166e:	f88d 6005 	strb.w	r6, [sp, #5]
                    NOS_WS2812B_Strip_ColorFill(strip,curr);
 8001672:	9901      	ldr	r1, [sp, #4]
 8001674:	4628      	mov	r0, r5
 8001676:	f7ff fd3d 	bl	80010f4 <NOS_WS2812B_Strip_ColorFill>
                    NOS_WS2812B_Strip_Update(strip);
 800167a:	4628      	mov	r0, r5
 800167c:	f7ff fcfa 	bl	8001074 <NOS_WS2812B_Strip_Update>
                    effect->timer = 0;
 8001680:	2300      	movs	r3, #0
 8001682:	8323      	strh	r3, [r4, #24]
 8001684:	e7bd      	b.n	8001602 <NOS_WS2812B_Strip_Effect_Rainbow_Handler+0x1e>
                        curr = NOS_GetBaseColor((NOS_BaseColors)iteration);
 8001686:	f7fe ffe3 	bl	8000650 <NOS_GetBaseColor>
 800168a:	f88d 0004 	strb.w	r0, [sp, #4]
 800168e:	f3c0 2307 	ubfx	r3, r0, #8, #8
 8001692:	f88d 3005 	strb.w	r3, [sp, #5]
 8001696:	f3c0 4007 	ubfx	r0, r0, #16, #8
 800169a:	f88d 0006 	strb.w	r0, [sp, #6]
                        curr.G = 0x7F + number;
 800169e:	f106 037f 	add.w	r3, r6, #127	@ 0x7f
 80016a2:	f88d 3005 	strb.w	r3, [sp, #5]
                        break;
 80016a6:	e7e4      	b.n	8001672 <NOS_WS2812B_Strip_Effect_Rainbow_Handler+0x8e>
                        curr = NOS_GetBaseColor((NOS_BaseColors)iteration);
 80016a8:	f7fe ffd2 	bl	8000650 <NOS_GetBaseColor>
 80016ac:	f88d 0004 	strb.w	r0, [sp, #4]
 80016b0:	f3c0 2307 	ubfx	r3, r0, #8, #8
 80016b4:	f88d 3005 	strb.w	r3, [sp, #5]
 80016b8:	f3c0 4007 	ubfx	r0, r0, #16, #8
 80016bc:	f88d 0006 	strb.w	r0, [sp, #6]
                        curr.B = 0xFF - number;
 80016c0:	43f3      	mvns	r3, r6
 80016c2:	f88d 3006 	strb.w	r3, [sp, #6]
                        break;
 80016c6:	e7d4      	b.n	8001672 <NOS_WS2812B_Strip_Effect_Rainbow_Handler+0x8e>
                        curr = NOS_GetBaseColor((NOS_BaseColors)iteration);
 80016c8:	f7fe ffc2 	bl	8000650 <NOS_GetBaseColor>
 80016cc:	f88d 0004 	strb.w	r0, [sp, #4]
 80016d0:	f3c0 2307 	ubfx	r3, r0, #8, #8
 80016d4:	f88d 3005 	strb.w	r3, [sp, #5]
 80016d8:	f3c0 4007 	ubfx	r0, r0, #16, #8
 80016dc:	f88d 0006 	strb.w	r0, [sp, #6]
                        curr.B = 0x7F - number;
 80016e0:	f1c6 037f 	rsb	r3, r6, #127	@ 0x7f
 80016e4:	f88d 3006 	strb.w	r3, [sp, #6]
                        break;
 80016e8:	e7c3      	b.n	8001672 <NOS_WS2812B_Strip_Effect_Rainbow_Handler+0x8e>
                        curr = NOS_GetBaseColor((NOS_BaseColors)iteration);
 80016ea:	f7fe ffb1 	bl	8000650 <NOS_GetBaseColor>
 80016ee:	f88d 0004 	strb.w	r0, [sp, #4]
 80016f2:	f3c0 2307 	ubfx	r3, r0, #8, #8
 80016f6:	f88d 3005 	strb.w	r3, [sp, #5]
 80016fa:	f3c0 4007 	ubfx	r0, r0, #16, #8
 80016fe:	f88d 0006 	strb.w	r0, [sp, #6]
                        curr.R = number;
 8001702:	f88d 6004 	strb.w	r6, [sp, #4]
                        break;
 8001706:	e7b4      	b.n	8001672 <NOS_WS2812B_Strip_Effect_Rainbow_Handler+0x8e>
                        curr = NOS_GetBaseColor((NOS_BaseColors)iteration);
 8001708:	f7fe ffa2 	bl	8000650 <NOS_GetBaseColor>
 800170c:	f88d 0004 	strb.w	r0, [sp, #4]
 8001710:	f3c0 2307 	ubfx	r3, r0, #8, #8
 8001714:	f88d 3005 	strb.w	r3, [sp, #5]
 8001718:	f3c0 4007 	ubfx	r0, r0, #16, #8
 800171c:	f88d 0006 	strb.w	r0, [sp, #6]
                        curr.R = 0x7F + number;
 8001720:	f106 037f 	add.w	r3, r6, #127	@ 0x7f
 8001724:	f88d 3004 	strb.w	r3, [sp, #4]
                        break;
 8001728:	e7a3      	b.n	8001672 <NOS_WS2812B_Strip_Effect_Rainbow_Handler+0x8e>
                        curr = NOS_GetBaseColor((NOS_BaseColors)iteration);
 800172a:	f7fe ff91 	bl	8000650 <NOS_GetBaseColor>
 800172e:	f88d 0004 	strb.w	r0, [sp, #4]
 8001732:	f3c0 2307 	ubfx	r3, r0, #8, #8
 8001736:	f88d 3005 	strb.w	r3, [sp, #5]
 800173a:	f3c0 4007 	ubfx	r0, r0, #16, #8
 800173e:	f88d 0006 	strb.w	r0, [sp, #6]
                        curr.G = 0xFF - number;
 8001742:	43f3      	mvns	r3, r6
 8001744:	f88d 3005 	strb.w	r3, [sp, #5]
                        break;
 8001748:	e793      	b.n	8001672 <NOS_WS2812B_Strip_Effect_Rainbow_Handler+0x8e>
                        curr = NOS_GetBaseColor((NOS_BaseColors)iteration);
 800174a:	f7fe ff81 	bl	8000650 <NOS_GetBaseColor>
 800174e:	f88d 0004 	strb.w	r0, [sp, #4]
 8001752:	f3c0 2307 	ubfx	r3, r0, #8, #8
 8001756:	f88d 3005 	strb.w	r3, [sp, #5]
 800175a:	f3c0 4007 	ubfx	r0, r0, #16, #8
 800175e:	f88d 0006 	strb.w	r0, [sp, #6]
                        curr.G = 0x7F - number;
 8001762:	f1c6 037f 	rsb	r3, r6, #127	@ 0x7f
 8001766:	f88d 3005 	strb.w	r3, [sp, #5]
                        break;
 800176a:	e782      	b.n	8001672 <NOS_WS2812B_Strip_Effect_Rainbow_Handler+0x8e>
                        curr = NOS_GetBaseColor((NOS_BaseColors)iteration);
 800176c:	f7fe ff70 	bl	8000650 <NOS_GetBaseColor>
 8001770:	f88d 0004 	strb.w	r0, [sp, #4]
 8001774:	f3c0 2307 	ubfx	r3, r0, #8, #8
 8001778:	f88d 3005 	strb.w	r3, [sp, #5]
 800177c:	f3c0 4007 	ubfx	r0, r0, #16, #8
 8001780:	f88d 0006 	strb.w	r0, [sp, #6]
                        curr.B = number;
 8001784:	f88d 6006 	strb.w	r6, [sp, #6]
                        break;
 8001788:	e773      	b.n	8001672 <NOS_WS2812B_Strip_Effect_Rainbow_Handler+0x8e>
                        curr = NOS_GetBaseColor((NOS_BaseColors)iteration);
 800178a:	f7fe ff61 	bl	8000650 <NOS_GetBaseColor>
 800178e:	f88d 0004 	strb.w	r0, [sp, #4]
 8001792:	f3c0 2307 	ubfx	r3, r0, #8, #8
 8001796:	f88d 3005 	strb.w	r3, [sp, #5]
 800179a:	f3c0 4007 	ubfx	r0, r0, #16, #8
 800179e:	f88d 0006 	strb.w	r0, [sp, #6]
                        curr.B = 0x7F + number;
 80017a2:	f106 037f 	add.w	r3, r6, #127	@ 0x7f
 80017a6:	f88d 3006 	strb.w	r3, [sp, #6]
                        break;
 80017aa:	e762      	b.n	8001672 <NOS_WS2812B_Strip_Effect_Rainbow_Handler+0x8e>
                        curr = NOS_GetBaseColor((NOS_BaseColors)iteration);
 80017ac:	f7fe ff50 	bl	8000650 <NOS_GetBaseColor>
 80017b0:	f88d 0004 	strb.w	r0, [sp, #4]
 80017b4:	f3c0 2307 	ubfx	r3, r0, #8, #8
 80017b8:	f88d 3005 	strb.w	r3, [sp, #5]
 80017bc:	f3c0 4007 	ubfx	r0, r0, #16, #8
 80017c0:	f88d 0006 	strb.w	r0, [sp, #6]
                        curr.R = 0xFF - number;
 80017c4:	43f3      	mvns	r3, r6
 80017c6:	f88d 3004 	strb.w	r3, [sp, #4]
                        break;
 80017ca:	e752      	b.n	8001672 <NOS_WS2812B_Strip_Effect_Rainbow_Handler+0x8e>
                        curr = NOS_GetBaseColor((NOS_BaseColors)iteration);
 80017cc:	f7fe ff40 	bl	8000650 <NOS_GetBaseColor>
 80017d0:	f88d 0004 	strb.w	r0, [sp, #4]
 80017d4:	f3c0 2307 	ubfx	r3, r0, #8, #8
 80017d8:	f88d 3005 	strb.w	r3, [sp, #5]
 80017dc:	f3c0 4007 	ubfx	r0, r0, #16, #8
 80017e0:	f88d 0006 	strb.w	r0, [sp, #6]
                        curr.R = 0x7F - number;
 80017e4:	f1c6 037f 	rsb	r3, r6, #127	@ 0x7f
 80017e8:	f88d 3004 	strb.w	r3, [sp, #4]
                        break;
 80017ec:	e741      	b.n	8001672 <NOS_WS2812B_Strip_Effect_Rainbow_Handler+0x8e>
 80017ee:	4770      	bx	lr
 80017f0:	02040811 	.word	0x02040811

080017f4 <NOS_WS2812B_Strip_Effect_Dots_Handler>:

void NOS_WS2812B_Strip_Effect_Dots_Handler(WS2812B_Strip* strip,Effect_Struct* effect)
{
 80017f4:	e92d 43f0 	stmdb	sp!, {r4, r5, r6, r7, r8, r9, lr}
 80017f8:	b083      	sub	sp, #12
    if(effect->enabled)
 80017fa:	f891 7029 	ldrb.w	r7, [r1, #41]	@ 0x29
 80017fe:	b917      	cbnz	r7, 8001806 <NOS_WS2812B_Strip_Effect_Dots_Handler+0x12>
	}
    effect->timer = 0;
}
effect->timer++;
    }
}
 8001800:	b003      	add	sp, #12
 8001802:	e8bd 83f0 	ldmia.w	sp!, {r4, r5, r6, r7, r8, r9, pc}
 8001806:	4605      	mov	r5, r0
 8001808:	460e      	mov	r6, r1
	PixelColor temp = {0,0,0};
 800180a:	2300      	movs	r3, #0
 800180c:	f88d 3000 	strb.w	r3, [sp]
 8001810:	f88d 3001 	strb.w	r3, [sp, #1]
 8001814:	f88d 3002 	strb.w	r3, [sp, #2]
    PixelColor color = {0,0,0};
 8001818:	f88d 3004 	strb.w	r3, [sp, #4]
 800181c:	f88d 3005 	strb.w	r3, [sp, #5]
 8001820:	f88d 3006 	strb.w	r3, [sp, #6]
    NOS_PixelColor_SetColor(&color,effect->color.R,effect->color.G,effect->color.B);
 8001824:	f891 3028 	ldrb.w	r3, [r1, #40]	@ 0x28
 8001828:	f891 2027 	ldrb.w	r2, [r1, #39]	@ 0x27
 800182c:	f891 1026 	ldrb.w	r1, [r1, #38]	@ 0x26
 8001830:	a801      	add	r0, sp, #4
 8001832:	f7fe ff09 	bl	8000648 <NOS_PixelColor_SetColor>
    if(effect->timer >= effect->speed.data)
 8001836:	8b32      	ldrh	r2, [r6, #24]
 8001838:	8ab3      	ldrh	r3, [r6, #20]
 800183a:	429a      	cmp	r2, r3
 800183c:	d37d      	bcc.n	800193a <NOS_WS2812B_Strip_Effect_Dots_Handler+0x146>
	if(color.R == 0xFF)
 800183e:	f89d 3004 	ldrb.w	r3, [sp, #4]
 8001842:	2bff      	cmp	r3, #255	@ 0xff
 8001844:	d00e      	beq.n	8001864 <NOS_WS2812B_Strip_Effect_Dots_Handler+0x70>
		isR = false;
 8001846:	f04f 0800 	mov.w	r8, #0
	if(color.G == 0xFF)
 800184a:	f89d 3005 	ldrb.w	r3, [sp, #5]
 800184e:	2bff      	cmp	r3, #255	@ 0xff
 8001850:	d00a      	beq.n	8001868 <NOS_WS2812B_Strip_Effect_Dots_Handler+0x74>
		isG = false;
 8001852:	f04f 0900 	mov.w	r9, #0
	if(color.B == 0xFF)
 8001856:	f89d 3006 	ldrb.w	r3, [sp, #6]
 800185a:	2bff      	cmp	r3, #255	@ 0xff
 800185c:	d000      	beq.n	8001860 <NOS_WS2812B_Strip_Effect_Dots_Handler+0x6c>
		isB = false;
 800185e:	2700      	movs	r7, #0
	for( i = 0; i < strip->pixelCount; i++)
 8001860:	2400      	movs	r4, #0
 8001862:	e014      	b.n	800188e <NOS_WS2812B_Strip_Effect_Dots_Handler+0x9a>
		isR = true;
 8001864:	46b8      	mov	r8, r7
 8001866:	e7f0      	b.n	800184a <NOS_WS2812B_Strip_Effect_Dots_Handler+0x56>
		isG = true;
 8001868:	46b9      	mov	r9, r7
 800186a:	e7f4      	b.n	8001856 <NOS_WS2812B_Strip_Effect_Dots_Handler+0x62>
			temp.R = 0;
 800186c:	2300      	movs	r3, #0
 800186e:	f88d 3000 	strb.w	r3, [sp]
 8001872:	e044      	b.n	80018fe <NOS_WS2812B_Strip_Effect_Dots_Handler+0x10a>
			temp.G = 0;
 8001874:	2300      	movs	r3, #0
 8001876:	f88d 3001 	strb.w	r3, [sp, #1]
 800187a:	e04e      	b.n	800191a <NOS_WS2812B_Strip_Effect_Dots_Handler+0x126>
			temp.B = 0;
 800187c:	2300      	movs	r3, #0
 800187e:	f88d 3002 	strb.w	r3, [sp, #2]
        NOS_WS2812B_Strip_SetPixelByPixelColor(strip,i,temp);
 8001882:	9a00      	ldr	r2, [sp, #0]
 8001884:	4621      	mov	r1, r4
 8001886:	4628      	mov	r0, r5
 8001888:	f7ff fc4b 	bl	8001122 <NOS_WS2812B_Strip_SetPixelByPixelColor>
	for( i = 0; i < strip->pixelCount; i++)
 800188c:	3401      	adds	r4, #1
 800188e:	68ab      	ldr	r3, [r5, #8]
 8001890:	42a3      	cmp	r3, r4
 8001892:	d950      	bls.n	8001936 <NOS_WS2812B_Strip_Effect_Dots_Handler+0x142>
        temp.R = strip->pixels[i].R;
 8001894:	6869      	ldr	r1, [r5, #4]
 8001896:	eb04 0244 	add.w	r2, r4, r4, lsl #1
 800189a:	188b      	adds	r3, r1, r2
 800189c:	5c8a      	ldrb	r2, [r1, r2]
 800189e:	f88d 2000 	strb.w	r2, [sp]
        temp.G = strip->pixels[i].G;
 80018a2:	785a      	ldrb	r2, [r3, #1]
 80018a4:	f88d 2001 	strb.w	r2, [sp, #1]
        temp.B = strip->pixels[i].B;
 80018a8:	789b      	ldrb	r3, [r3, #2]
 80018aa:	f88d 3002 	strb.w	r3, [sp, #2]
		if(rand() % random == 0)
 80018ae:	f002 fe5f 	bl	8004570 <rand>
 80018b2:	4b24      	ldr	r3, [pc, #144]	@ (8001944 <NOS_WS2812B_Strip_Effect_Dots_Handler+0x150>)
 80018b4:	fba3 2300 	umull	r2, r3, r3, r0
 80018b8:	091b      	lsrs	r3, r3, #4
 80018ba:	2232      	movs	r2, #50	@ 0x32
 80018bc:	fb02 0313 	mls	r3, r2, r3, r0
 80018c0:	b97b      	cbnz	r3, 80018e2 <NOS_WS2812B_Strip_Effect_Dots_Handler+0xee>
			if(isR)
 80018c2:	f1b8 0f00 	cmp.w	r8, #0
 80018c6:	d002      	beq.n	80018ce <NOS_WS2812B_Strip_Effect_Dots_Handler+0xda>
				temp.R = 255;
 80018c8:	23ff      	movs	r3, #255	@ 0xff
 80018ca:	f88d 3000 	strb.w	r3, [sp]
			if(isG)
 80018ce:	f1b9 0f00 	cmp.w	r9, #0
 80018d2:	d002      	beq.n	80018da <NOS_WS2812B_Strip_Effect_Dots_Handler+0xe6>
				temp.G = 255;
 80018d4:	23ff      	movs	r3, #255	@ 0xff
 80018d6:	f88d 3001 	strb.w	r3, [sp, #1]
			if(isB)
 80018da:	b117      	cbz	r7, 80018e2 <NOS_WS2812B_Strip_Effect_Dots_Handler+0xee>
				temp.B = 255;
 80018dc:	23ff      	movs	r3, #255	@ 0xff
 80018de:	f88d 3002 	strb.w	r3, [sp, #2]
		if(isR)
 80018e2:	f1b8 0f00 	cmp.w	r8, #0
 80018e6:	d00a      	beq.n	80018fe <NOS_WS2812B_Strip_Effect_Dots_Handler+0x10a>
		if(temp.R > fadeOutFactor)
 80018e8:	f89d 3000 	ldrb.w	r3, [sp]
 80018ec:	2b28      	cmp	r3, #40	@ 0x28
 80018ee:	d9bd      	bls.n	800186c <NOS_WS2812B_Strip_Effect_Dots_Handler+0x78>
			temp.R -= temp.R/fadeOutFactor;
 80018f0:	4a15      	ldr	r2, [pc, #84]	@ (8001948 <NOS_WS2812B_Strip_Effect_Dots_Handler+0x154>)
 80018f2:	fba2 1203 	umull	r1, r2, r2, r3
 80018f6:	eba3 1352 	sub.w	r3, r3, r2, lsr #5
 80018fa:	f88d 3000 	strb.w	r3, [sp]
		if(isG)
 80018fe:	f1b9 0f00 	cmp.w	r9, #0
 8001902:	d00a      	beq.n	800191a <NOS_WS2812B_Strip_Effect_Dots_Handler+0x126>
		if(temp.G > fadeOutFactor)
 8001904:	f89d 3001 	ldrb.w	r3, [sp, #1]
 8001908:	2b28      	cmp	r3, #40	@ 0x28
 800190a:	d9b3      	bls.n	8001874 <NOS_WS2812B_Strip_Effect_Dots_Handler+0x80>
			temp.G -= temp.G/fadeOutFactor;
 800190c:	4a0e      	ldr	r2, [pc, #56]	@ (8001948 <NOS_WS2812B_Strip_Effect_Dots_Handler+0x154>)
 800190e:	fba2 1203 	umull	r1, r2, r2, r3
 8001912:	eba3 1352 	sub.w	r3, r3, r2, lsr #5
 8001916:	f88d 3001 	strb.w	r3, [sp, #1]
		if(isB)
 800191a:	2f00      	cmp	r7, #0
 800191c:	d0b1      	beq.n	8001882 <NOS_WS2812B_Strip_Effect_Dots_Handler+0x8e>
		if(temp.B > fadeOutFactor)
 800191e:	f89d 3002 	ldrb.w	r3, [sp, #2]
 8001922:	2b28      	cmp	r3, #40	@ 0x28
 8001924:	d9aa      	bls.n	800187c <NOS_WS2812B_Strip_Effect_Dots_Handler+0x88>
			temp.B -= temp.B/fadeOutFactor;
 8001926:	4a08      	ldr	r2, [pc, #32]	@ (8001948 <NOS_WS2812B_Strip_Effect_Dots_Handler+0x154>)
 8001928:	fba2 1203 	umull	r1, r2, r2, r3
 800192c:	eba3 1352 	sub.w	r3, r3, r2, lsr #5
 8001930:	f88d 3002 	strb.w	r3, [sp, #2]
 8001934:	e7a5      	b.n	8001882 <NOS_WS2812B_Strip_Effect_Dots_Handler+0x8e>
    effect->timer = 0;
 8001936:	2300      	movs	r3, #0
 8001938:	8333      	strh	r3, [r6, #24]
effect->timer++;
 800193a:	8b33      	ldrh	r3, [r6, #24]
 800193c:	3301      	adds	r3, #1
 800193e:	8333      	strh	r3, [r6, #24]
}
 8001940:	e75e      	b.n	8001800 <NOS_WS2812B_Strip_Effect_Dots_Handler+0xc>
 8001942:	bf00      	nop
 8001944:	51eb851f 	.word	0x51eb851f
 8001948:	cccccccd 	.word	0xcccccccd

0800194c <NOS_WS2812B_Strip_Effect_Walking_Pixels_Handler>:

void NOS_WS2812B_Strip_Effect_Walking_Pixels_Handler(WS2812B_Strip* strip,Effect_Struct* effect)
{
 800194c:	b5f8      	push	{r3, r4, r5, r6, r7, lr}
    if(effect->enabled)
 800194e:	f891 3029 	ldrb.w	r3, [r1, #41]	@ 0x29
 8001952:	b143      	cbz	r3, 8001966 <NOS_WS2812B_Strip_Effect_Walking_Pixels_Handler+0x1a>
 8001954:	4606      	mov	r6, r0
 8001956:	460c      	mov	r4, r1
    {
        if(effect->timer > effect->speed.data)
 8001958:	8b0a      	ldrh	r2, [r1, #24]
 800195a:	8a8b      	ldrh	r3, [r1, #20]
 800195c:	429a      	cmp	r2, r3
 800195e:	d803      	bhi.n	8001968 <NOS_WS2812B_Strip_Effect_Walking_Pixels_Handler+0x1c>
                    NOS_WS2812B_Strip_SetPixelByPixelColor(strip,(pixelPos+i) - strip->pixelCount,effect->color);
                }
            }
            effect->timer = 0;
        }
        effect->timer++;
 8001960:	8b23      	ldrh	r3, [r4, #24]
 8001962:	3301      	adds	r3, #1
 8001964:	8323      	strh	r3, [r4, #24]
    }
}
 8001966:	bdf8      	pop	{r3, r4, r5, r6, r7, pc}
            NOS_Math_SinValue_Handler(&effect->value);
 8001968:	4608      	mov	r0, r1
 800196a:	f7fe ffae 	bl	80008ca <NOS_Math_SinValue_Handler>
            uint16_t pixelPos = NOS_Math_GetSinValue(&effect->value);
 800196e:	4620      	mov	r0, r4
 8001970:	f7fe ffa9 	bl	80008c6 <NOS_Math_GetSinValue>
 8001974:	4607      	mov	r7, r0
            for(int i = 0; i < effect->param1; i++)
 8001976:	2500      	movs	r5, #0
 8001978:	e009      	b.n	800198e <NOS_WS2812B_Strip_Effect_Walking_Pixels_Handler+0x42>
                    NOS_WS2812B_Strip_SetPixelByPixelColor(strip,(pixelPos+i) - strip->pixelCount,effect->color);
 800197a:	8ce2      	ldrh	r2, [r4, #38]	@ 0x26
 800197c:	f894 0028 	ldrb.w	r0, [r4, #40]	@ 0x28
 8001980:	ea42 4200 	orr.w	r2, r2, r0, lsl #16
 8001984:	1ac9      	subs	r1, r1, r3
 8001986:	4630      	mov	r0, r6
 8001988:	f7ff fbcb 	bl	8001122 <NOS_WS2812B_Strip_SetPixelByPixelColor>
            for(int i = 0; i < effect->param1; i++)
 800198c:	3501      	adds	r5, #1
 800198e:	8be3      	ldrh	r3, [r4, #30]
 8001990:	42ab      	cmp	r3, r5
 8001992:	dd0d      	ble.n	80019b0 <NOS_WS2812B_Strip_Effect_Walking_Pixels_Handler+0x64>
                if(pixelPos + i < strip->pixelCount)
 8001994:	b2b9      	uxth	r1, r7
 8001996:	4429      	add	r1, r5
 8001998:	68b3      	ldr	r3, [r6, #8]
 800199a:	4299      	cmp	r1, r3
 800199c:	daed      	bge.n	800197a <NOS_WS2812B_Strip_Effect_Walking_Pixels_Handler+0x2e>
                    NOS_WS2812B_Strip_SetPixelByPixelColor(strip,pixelPos+i,effect->color);
 800199e:	8ce3      	ldrh	r3, [r4, #38]	@ 0x26
 80019a0:	f894 2028 	ldrb.w	r2, [r4, #40]	@ 0x28
 80019a4:	ea43 4202 	orr.w	r2, r3, r2, lsl #16
 80019a8:	4630      	mov	r0, r6
 80019aa:	f7ff fbba 	bl	8001122 <NOS_WS2812B_Strip_SetPixelByPixelColor>
 80019ae:	e7ed      	b.n	800198c <NOS_WS2812B_Strip_Effect_Walking_Pixels_Handler+0x40>
            effect->timer = 0;
 80019b0:	2300      	movs	r3, #0
 80019b2:	8323      	strh	r3, [r4, #24]
 80019b4:	e7d4      	b.n	8001960 <NOS_WS2812B_Strip_Effect_Walking_Pixels_Handler+0x14>
	...

080019b8 <NOS_WS2812B_Strip_Effects_Handler>:
{
 80019b8:	b538      	push	{r3, r4, r5, lr}
 80019ba:	4605      	mov	r5, r0
    for(int i = 0; i < strip->effectsCounter; i++)
 80019bc:	2400      	movs	r4, #0
 80019be:	e008      	b.n	80019d2 <NOS_WS2812B_Strip_Effects_Handler+0x1a>
                NOS_WS2812B_Strip_Effect_Breathe_Handler(strip,&strip->effects[i]);
 80019c0:	212c      	movs	r1, #44	@ 0x2c
 80019c2:	fb04 f101 	mul.w	r1, r4, r1
 80019c6:	3110      	adds	r1, #16
 80019c8:	4429      	add	r1, r5
 80019ca:	4628      	mov	r0, r5
 80019cc:	f7ff fdeb 	bl	80015a6 <NOS_WS2812B_Strip_Effect_Breathe_Handler>
    for(int i = 0; i < strip->effectsCounter; i++)
 80019d0:	3401      	adds	r4, #1
 80019d2:	f895 30ec 	ldrb.w	r3, [r5, #236]	@ 0xec
 80019d6:	42a3      	cmp	r3, r4
 80019d8:	dd2d      	ble.n	8001a36 <NOS_WS2812B_Strip_Effects_Handler+0x7e>
        switch(strip->effects[i].effectId)
 80019da:	232c      	movs	r3, #44	@ 0x2c
 80019dc:	fb03 5304 	mla	r3, r3, r4, r5
 80019e0:	f893 303a 	ldrb.w	r3, [r3, #58]	@ 0x3a
 80019e4:	3b20      	subs	r3, #32
 80019e6:	2b03      	cmp	r3, #3
 80019e8:	d8f2      	bhi.n	80019d0 <NOS_WS2812B_Strip_Effects_Handler+0x18>
 80019ea:	a201      	add	r2, pc, #4	@ (adr r2, 80019f0 <NOS_WS2812B_Strip_Effects_Handler+0x38>)
 80019ec:	f852 f023 	ldr.w	pc, [r2, r3, lsl #2]
 80019f0:	080019c1 	.word	0x080019c1
 80019f4:	08001a01 	.word	0x08001a01
 80019f8:	08001a13 	.word	0x08001a13
 80019fc:	08001a25 	.word	0x08001a25
                NOS_WS2812B_Strip_Effect_Rainbow_Handler(strip,&strip->effects[i]);
 8001a00:	212c      	movs	r1, #44	@ 0x2c
 8001a02:	fb04 f101 	mul.w	r1, r4, r1
 8001a06:	3110      	adds	r1, #16
 8001a08:	4429      	add	r1, r5
 8001a0a:	4628      	mov	r0, r5
 8001a0c:	f7ff fdea 	bl	80015e4 <NOS_WS2812B_Strip_Effect_Rainbow_Handler>
                break;
 8001a10:	e7de      	b.n	80019d0 <NOS_WS2812B_Strip_Effects_Handler+0x18>
                NOS_WS2812B_Strip_Effect_Dots_Handler(strip,&strip->effects[i]);
 8001a12:	212c      	movs	r1, #44	@ 0x2c
 8001a14:	fb04 f101 	mul.w	r1, r4, r1
 8001a18:	3110      	adds	r1, #16
 8001a1a:	4429      	add	r1, r5
 8001a1c:	4628      	mov	r0, r5
 8001a1e:	f7ff fee9 	bl	80017f4 <NOS_WS2812B_Strip_Effect_Dots_Handler>
                break;
 8001a22:	e7d5      	b.n	80019d0 <NOS_WS2812B_Strip_Effects_Handler+0x18>
                NOS_WS2812B_Strip_Effect_Walking_Pixels_Handler(strip,&strip->effects[i]);
 8001a24:	212c      	movs	r1, #44	@ 0x2c
 8001a26:	fb04 f101 	mul.w	r1, r4, r1
 8001a2a:	3110      	adds	r1, #16
 8001a2c:	4429      	add	r1, r5
 8001a2e:	4628      	mov	r0, r5
 8001a30:	f7ff ff8c 	bl	800194c <NOS_WS2812B_Strip_Effect_Walking_Pixels_Handler>
                break;
 8001a34:	e7cc      	b.n	80019d0 <NOS_WS2812B_Strip_Effects_Handler+0x18>
}
 8001a36:	bd38      	pop	{r3, r4, r5, pc}

08001a38 <visInit>:




void visInit()
{
 8001a38:	b508      	push	{r3, lr}
		// Set output channel/pin, GPIO_PIN_0 = 0, for GPIO_PIN_5 = 5 - this has to correspond to WS2812B_PINS
		ws2812b.item[0].channel = 4;
 8001a3a:	4b0e      	ldr	r3, [pc, #56]	@ (8001a74 <visInit+0x3c>)
 8001a3c:	2204      	movs	r2, #4
 8001a3e:	731a      	strb	r2, [r3, #12]
		ws2812b.item[0].frameBufferPointer = frameBufferA;
 8001a40:	4a0d      	ldr	r2, [pc, #52]	@ (8001a78 <visInit+0x40>)
 8001a42:	601a      	str	r2, [r3, #0]
	    ws2812b.item[0].frameBufferSize = sizeof(frameBufferA);
 8001a44:	f44f 62c0 	mov.w	r2, #1536	@ 0x600
 8001a48:	605a      	str	r2, [r3, #4]
		ws2812b.item[1].channel = 5;
 8001a4a:	2105      	movs	r1, #5
 8001a4c:	7719      	strb	r1, [r3, #28]
		ws2812b.item[1].frameBufferPointer = frameBufferB;
 8001a4e:	490b      	ldr	r1, [pc, #44]	@ (8001a7c <visInit+0x44>)
 8001a50:	6119      	str	r1, [r3, #16]
	    ws2812b.item[1].frameBufferSize = sizeof(frameBufferB);
 8001a52:	615a      	str	r2, [r3, #20]
		ws2812b.item[2].channel = 6;
 8001a54:	2106      	movs	r1, #6
 8001a56:	f883 102c 	strb.w	r1, [r3, #44]	@ 0x2c
		ws2812b.item[2].frameBufferPointer = frameBufferC;
 8001a5a:	4909      	ldr	r1, [pc, #36]	@ (8001a80 <visInit+0x48>)
 8001a5c:	6219      	str	r1, [r3, #32]
	    ws2812b.item[2].frameBufferSize = sizeof(frameBufferC);
 8001a5e:	625a      	str	r2, [r3, #36]	@ 0x24
		ws2812b.item[3].channel = 7;
 8001a60:	2107      	movs	r1, #7
 8001a62:	f883 103c 	strb.w	r1, [r3, #60]	@ 0x3c
		ws2812b.item[3].frameBufferPointer = frameBufferD;
 8001a66:	4907      	ldr	r1, [pc, #28]	@ (8001a84 <visInit+0x4c>)
 8001a68:	6319      	str	r1, [r3, #48]	@ 0x30
	    ws2812b.item[3].frameBufferSize = sizeof(frameBufferD);
 8001a6a:	635a      	str	r2, [r3, #52]	@ 0x34
		ws2812b_init();
 8001a6c:	f000 facc 	bl	8002008 <ws2812b_init>
}
 8001a70:	bd08      	pop	{r3, pc}
 8001a72:	bf00      	nop
 8001a74:	20001a3c 	.word	0x20001a3c
 8001a78:	2000128c 	.word	0x2000128c
 8001a7c:	20000c8c 	.word	0x20000c8c
 8001a80:	2000068c 	.word	0x2000068c
 8001a84:	2000008c 	.word	0x2000008c

08001a88 <visHandle>:


void visHandle()
{
 8001a88:	b508      	push	{r3, lr}

	if(ws2812b.transferComplete)
 8001a8a:	4b06      	ldr	r3, [pc, #24]	@ (8001aa4 <visHandle+0x1c>)
 8001a8c:	f893 3040 	ldrb.w	r3, [r3, #64]	@ 0x40
 8001a90:	b903      	cbnz	r3, 8001a94 <visHandle+0xc>

		// Signal that buffer is changed and transfer new data
		ws2812b.startTransfer = 1;
		ws2812b_handle();
	}
}
 8001a92:	bd08      	pop	{r3, pc}
		ws2812b.startTransfer = 1;
 8001a94:	4b03      	ldr	r3, [pc, #12]	@ (8001aa4 <visHandle+0x1c>)
 8001a96:	2201      	movs	r2, #1
 8001a98:	f883 2041 	strb.w	r2, [r3, #65]	@ 0x41
		ws2812b_handle();
 8001a9c:	f000 fac2 	bl	8002024 <ws2812b_handle>
}
 8001aa0:	e7f7      	b.n	8001a92 <visHandle+0xa>
 8001aa2:	bf00      	nop
 8001aa4:	20001a3c 	.word	0x20001a3c

08001aa8 <ws2812b_set_pixel>:
}



static void ws2812b_set_pixel(uint8_t row, uint16_t column, uint8_t red, uint8_t green, uint8_t blue)
{
 8001aa8:	b470      	push	{r4, r5, r6}

	// Apply gamma
	red = gammaTable[red];
 8001aaa:	4e2e      	ldr	r6, [pc, #184]	@ (8001b64 <ws2812b_set_pixel+0xbc>)
 8001aac:	5cb4      	ldrb	r4, [r6, r2]
	green = gammaTable[green];
 8001aae:	5cf5      	ldrb	r5, [r6, r3]
	blue = gammaTable[blue];
 8001ab0:	f89d 300c 	ldrb.w	r3, [sp, #12]
 8001ab4:	5cf2      	ldrb	r2, [r6, r3]


	uint32_t calcCol = (column*24);
 8001ab6:	eb01 0341 	add.w	r3, r1, r1, lsl #1
	uint32_t invRed = ~red;
 8001aba:	43e4      	mvns	r4, r4
	uint32_t invGreen = ~green;
 8001abc:	43ed      	mvns	r5, r5
	uint32_t invBlue = ~blue;
 8001abe:	43d2      	mvns	r2, r2
	ws2812bDmaBitBuffer[(calcCol+8+7)] |= (((((invRed)<<7) & 0x80)>>7)<<row);
	ws2812bDmaBitBuffer[(calcCol+16+7)] |= (((((invBlue)<<7) & 0x80)>>7)<<row);
#elif defined(SETPIX_4)

	// Bitband optimizations with pure increments, 5us interrupts
	uint32_t *bitBand = BITBAND_SRAM(&ws2812bDmaBitBuffer[(calcCol)], row);
 8001ac0:	4929      	ldr	r1, [pc, #164]	@ (8001b68 <ws2812b_set_pixel+0xc0>)
 8001ac2:	eb01 1103 	add.w	r1, r1, r3, lsl #4
 8001ac6:	f101 4161 	add.w	r1, r1, #3774873600	@ 0xe1000000
 8001aca:	f501 1180 	add.w	r1, r1, #1048576	@ 0x100000
 8001ace:	014e      	lsls	r6, r1, #5
 8001ad0:	0083      	lsls	r3, r0, #2
 8001ad2:	eb03 1341 	add.w	r3, r3, r1, lsl #5

	*bitBand =  (invGreen >> 7);
 8001ad6:	09e9      	lsrs	r1, r5, #7
 8001ad8:	f846 1020 	str.w	r1, [r6, r0, lsl #2]
	bitBand+=16;

	*bitBand = (invGreen >> 6);
 8001adc:	09a9      	lsrs	r1, r5, #6
 8001ade:	6419      	str	r1, [r3, #64]	@ 0x40
	bitBand+=16;

	*bitBand = (invGreen >> 5);
 8001ae0:	0969      	lsrs	r1, r5, #5
 8001ae2:	f8c3 1080 	str.w	r1, [r3, #128]	@ 0x80
	bitBand+=16;

	*bitBand = (invGreen >> 4);
 8001ae6:	0929      	lsrs	r1, r5, #4
 8001ae8:	f8c3 10c0 	str.w	r1, [r3, #192]	@ 0xc0
	bitBand+=16;

	*bitBand = (invGreen >> 3);
 8001aec:	08e9      	lsrs	r1, r5, #3
 8001aee:	f8c3 1100 	str.w	r1, [r3, #256]	@ 0x100
	bitBand+=16;

	*bitBand = (invGreen >> 2);
 8001af2:	08a9      	lsrs	r1, r5, #2
 8001af4:	f8c3 1140 	str.w	r1, [r3, #320]	@ 0x140
	bitBand+=16;

	*bitBand = (invGreen >> 1);
 8001af8:	0869      	lsrs	r1, r5, #1
 8001afa:	f8c3 1180 	str.w	r1, [r3, #384]	@ 0x180
	bitBand+=16;

	*bitBand = (invGreen >> 0);
 8001afe:	f8c3 51c0 	str.w	r5, [r3, #448]	@ 0x1c0
	bitBand+=16;

	// RED
	*bitBand =  (invRed >> 7);
 8001b02:	09e1      	lsrs	r1, r4, #7
 8001b04:	f8c3 1200 	str.w	r1, [r3, #512]	@ 0x200
	bitBand+=16;

	*bitBand = (invRed >> 6);
 8001b08:	09a1      	lsrs	r1, r4, #6
 8001b0a:	f8c3 1240 	str.w	r1, [r3, #576]	@ 0x240
	bitBand+=16;

	*bitBand = (invRed >> 5);
 8001b0e:	0961      	lsrs	r1, r4, #5
 8001b10:	f8c3 1280 	str.w	r1, [r3, #640]	@ 0x280
	bitBand+=16;

	*bitBand = (invRed >> 4);
 8001b14:	0921      	lsrs	r1, r4, #4
 8001b16:	f8c3 12c0 	str.w	r1, [r3, #704]	@ 0x2c0
	bitBand+=16;

	*bitBand = (invRed >> 3);
 8001b1a:	08e1      	lsrs	r1, r4, #3
 8001b1c:	f8c3 1300 	str.w	r1, [r3, #768]	@ 0x300
	bitBand+=16;

	*bitBand = (invRed >> 2);
 8001b20:	08a1      	lsrs	r1, r4, #2
 8001b22:	f8c3 1340 	str.w	r1, [r3, #832]	@ 0x340
	bitBand+=16;

	*bitBand = (invRed >> 1);
 8001b26:	0861      	lsrs	r1, r4, #1
 8001b28:	f8c3 1380 	str.w	r1, [r3, #896]	@ 0x380
	bitBand+=16;

	*bitBand = (invRed >> 0);
 8001b2c:	f8c3 43c0 	str.w	r4, [r3, #960]	@ 0x3c0
	bitBand+=16;

	// BLUE
	*bitBand =  (invBlue >> 7);
 8001b30:	09d1      	lsrs	r1, r2, #7
 8001b32:	f8c3 1400 	str.w	r1, [r3, #1024]	@ 0x400
	bitBand+=16;

	*bitBand = (invBlue >> 6);
 8001b36:	0991      	lsrs	r1, r2, #6
 8001b38:	f8c3 1440 	str.w	r1, [r3, #1088]	@ 0x440
	bitBand+=16;

	*bitBand = (invBlue >> 5);
 8001b3c:	0951      	lsrs	r1, r2, #5
 8001b3e:	f8c3 1480 	str.w	r1, [r3, #1152]	@ 0x480
	bitBand+=16;

	*bitBand = (invBlue >> 4);
 8001b42:	0911      	lsrs	r1, r2, #4
 8001b44:	f8c3 14c0 	str.w	r1, [r3, #1216]	@ 0x4c0
	bitBand+=16;

	*bitBand = (invBlue >> 3);
 8001b48:	08d1      	lsrs	r1, r2, #3
 8001b4a:	f8c3 1500 	str.w	r1, [r3, #1280]	@ 0x500
	bitBand+=16;

	*bitBand = (invBlue >> 2);
 8001b4e:	0891      	lsrs	r1, r2, #2
 8001b50:	f8c3 1540 	str.w	r1, [r3, #1344]	@ 0x540
	bitBand+=16;

	*bitBand = (invBlue >> 1);
 8001b54:	0851      	lsrs	r1, r2, #1
 8001b56:	f8c3 1580 	str.w	r1, [r3, #1408]	@ 0x580
	bitBand+=16;

	*bitBand = (invBlue >> 0);
 8001b5a:	f8c3 25c0 	str.w	r2, [r3, #1472]	@ 0x5c0
    ws2812bDmaBitBuffer[5] = cur5;
    ws2812bDmaBitBuffer[6] = cur6;
    ws2812bDmaBitBuffer[7] = cur7;

#endif
}
 8001b5e:	bc70      	pop	{r4, r5, r6}
 8001b60:	4770      	bx	lr
 8001b62:	bf00      	nop
 8001b64:	08005604 	.word	0x08005604
 8001b68:	200019dc 	.word	0x200019dc

08001b6c <loadNextFramebufferData>:
{
 8001b6c:	b570      	push	{r4, r5, r6, lr}
 8001b6e:	b082      	sub	sp, #8
	uint32_t r = bItem->frameBufferPointer[bItem->frameBufferCounter++];
 8001b70:	6805      	ldr	r5, [r0, #0]
 8001b72:	6884      	ldr	r4, [r0, #8]
 8001b74:	1c63      	adds	r3, r4, #1
 8001b76:	6083      	str	r3, [r0, #8]
 8001b78:	5d2a      	ldrb	r2, [r5, r4]
	uint32_t g = bItem->frameBufferPointer[bItem->frameBufferCounter++];
 8001b7a:	1ca6      	adds	r6, r4, #2
 8001b7c:	6086      	str	r6, [r0, #8]
 8001b7e:	5ceb      	ldrb	r3, [r5, r3]
	uint32_t b = bItem->frameBufferPointer[bItem->frameBufferCounter++];
 8001b80:	3403      	adds	r4, #3
 8001b82:	6084      	str	r4, [r0, #8]
 8001b84:	5dad      	ldrb	r5, [r5, r6]
	if(bItem->frameBufferCounter == bItem->frameBufferSize)
 8001b86:	6846      	ldr	r6, [r0, #4]
 8001b88:	42b4      	cmp	r4, r6
 8001b8a:	d006      	beq.n	8001b9a <loadNextFramebufferData+0x2e>
	ws2812b_set_pixel(bItem->channel, row, r, g, b);
 8001b8c:	9500      	str	r5, [sp, #0]
 8001b8e:	b289      	uxth	r1, r1
 8001b90:	7b00      	ldrb	r0, [r0, #12]
 8001b92:	f7ff ff89 	bl	8001aa8 <ws2812b_set_pixel>
}
 8001b96:	b002      	add	sp, #8
 8001b98:	bd70      	pop	{r4, r5, r6, pc}
		bItem->frameBufferCounter = 0;
 8001b9a:	2400      	movs	r4, #0
 8001b9c:	6084      	str	r4, [r0, #8]
 8001b9e:	e7f5      	b.n	8001b8c <loadNextFramebufferData+0x20>

08001ba0 <DMA_TransferCompleteHandler>:
	ws2812b.repeatCounter++;
 8001ba0:	4a20      	ldr	r2, [pc, #128]	@ (8001c24 <DMA_TransferCompleteHandler+0x84>)
 8001ba2:	6c93      	ldr	r3, [r2, #72]	@ 0x48
 8001ba4:	3301      	adds	r3, #1
 8001ba6:	6493      	str	r3, [r2, #72]	@ 0x48
	if(ws2812b.repeatCounter == WS2812B_NUMBER_OF_LEDS / 2)
 8001ba8:	f5b3 6f80 	cmp.w	r3, #1024	@ 0x400
 8001bac:	d002      	beq.n	8001bb4 <DMA_TransferCompleteHandler+0x14>
{
 8001bae:	b510      	push	{r4, lr}
		for( i = 0; i < WS2812_BUFFER_COUNT; i++ )
 8001bb0:	2400      	movs	r4, #0
 8001bb2:	e033      	b.n	8001c1c <DMA_TransferCompleteHandler+0x7c>
		ws2812b.repeatCounter = 0;
 8001bb4:	4613      	mov	r3, r2
 8001bb6:	2200      	movs	r2, #0
 8001bb8:	649a      	str	r2, [r3, #72]	@ 0x48
		__HAL_TIM_ENABLE_IT(&Tim2Handle, TIM_IT_UPDATE);
 8001bba:	4a1b      	ldr	r2, [pc, #108]	@ (8001c28 <DMA_TransferCompleteHandler+0x88>)
 8001bbc:	6811      	ldr	r1, [r2, #0]
 8001bbe:	68cb      	ldr	r3, [r1, #12]
 8001bc0:	f043 0301 	orr.w	r3, r3, #1
 8001bc4:	60cb      	str	r3, [r1, #12]
		__HAL_DMA_DISABLE(&dmaUpdate);
 8001bc6:	4b19      	ldr	r3, [pc, #100]	@ (8001c2c <DMA_TransferCompleteHandler+0x8c>)
 8001bc8:	6819      	ldr	r1, [r3, #0]
 8001bca:	680b      	ldr	r3, [r1, #0]
 8001bcc:	f023 0301 	bic.w	r3, r3, #1
 8001bd0:	600b      	str	r3, [r1, #0]
		__HAL_DMA_DISABLE(&dmaCC1);
 8001bd2:	4b17      	ldr	r3, [pc, #92]	@ (8001c30 <DMA_TransferCompleteHandler+0x90>)
 8001bd4:	6819      	ldr	r1, [r3, #0]
 8001bd6:	680b      	ldr	r3, [r1, #0]
 8001bd8:	f023 0301 	bic.w	r3, r3, #1
 8001bdc:	600b      	str	r3, [r1, #0]
		__HAL_DMA_DISABLE(&dmaCC2);
 8001bde:	4b15      	ldr	r3, [pc, #84]	@ (8001c34 <DMA_TransferCompleteHandler+0x94>)
 8001be0:	6819      	ldr	r1, [r3, #0]
 8001be2:	680b      	ldr	r3, [r1, #0]
 8001be4:	f023 0301 	bic.w	r3, r3, #1
 8001be8:	600b      	str	r3, [r1, #0]
		__HAL_TIM_DISABLE_DMA(&Tim2Handle, TIM_DMA_UPDATE);
 8001bea:	6813      	ldr	r3, [r2, #0]
 8001bec:	68da      	ldr	r2, [r3, #12]
 8001bee:	f422 7280 	bic.w	r2, r2, #256	@ 0x100
 8001bf2:	60da      	str	r2, [r3, #12]
		__HAL_TIM_DISABLE_DMA(&Tim2Handle, TIM_DMA_CC1);
 8001bf4:	68da      	ldr	r2, [r3, #12]
 8001bf6:	f422 7200 	bic.w	r2, r2, #512	@ 0x200
 8001bfa:	60da      	str	r2, [r3, #12]
		__HAL_TIM_DISABLE_DMA(&Tim2Handle, TIM_DMA_CC2);
 8001bfc:	68da      	ldr	r2, [r3, #12]
 8001bfe:	f422 6280 	bic.w	r2, r2, #1024	@ 0x400
 8001c02:	60da      	str	r2, [r3, #12]
		WS2812B_PORT->BSRR = WS2812_IO_Low[0];
 8001c04:	4b0c      	ldr	r3, [pc, #48]	@ (8001c38 <DMA_TransferCompleteHandler+0x98>)
 8001c06:	681a      	ldr	r2, [r3, #0]
 8001c08:	4b0c      	ldr	r3, [pc, #48]	@ (8001c3c <DMA_TransferCompleteHandler+0x9c>)
 8001c0a:	611a      	str	r2, [r3, #16]
 8001c0c:	4770      	bx	lr
			loadNextFramebufferData(&ws2812b.item[i], 1);
 8001c0e:	2101      	movs	r1, #1
 8001c10:	4804      	ldr	r0, [pc, #16]	@ (8001c24 <DMA_TransferCompleteHandler+0x84>)
 8001c12:	eb00 1004 	add.w	r0, r0, r4, lsl #4
 8001c16:	f7ff ffa9 	bl	8001b6c <loadNextFramebufferData>
		for( i = 0; i < WS2812_BUFFER_COUNT; i++ )
 8001c1a:	3401      	adds	r4, #1
 8001c1c:	2c03      	cmp	r4, #3
 8001c1e:	d9f6      	bls.n	8001c0e <DMA_TransferCompleteHandler+0x6e>
}
 8001c20:	bd10      	pop	{r4, pc}
 8001c22:	bf00      	nop
 8001c24:	20001a3c 	.word	0x20001a3c
 8001c28:	20001994 	.word	0x20001994
 8001c2c:	20001914 	.word	0x20001914
 8001c30:	200018d0 	.word	0x200018d0
 8001c34:	2000188c 	.word	0x2000188c
 8001c38:	20000000 	.word	0x20000000
 8001c3c:	40010800 	.word	0x40010800

08001c40 <WS2812_sendbuf>:
{
 8001c40:	b538      	push	{r3, r4, r5, lr}
	ws2812b.transferComplete = 0;
 8001c42:	2500      	movs	r5, #0
 8001c44:	4b28      	ldr	r3, [pc, #160]	@ (8001ce8 <WS2812_sendbuf+0xa8>)
 8001c46:	f883 5040 	strb.w	r5, [r3, #64]	@ 0x40
	for( i = 0; i < WS2812_BUFFER_COUNT; i++ )
 8001c4a:	e00c      	b.n	8001c66 <WS2812_sendbuf+0x26>
		ws2812b.item[i].frameBufferCounter = 0;
 8001c4c:	4c26      	ldr	r4, [pc, #152]	@ (8001ce8 <WS2812_sendbuf+0xa8>)
 8001c4e:	eb04 1405 	add.w	r4, r4, r5, lsl #4
 8001c52:	2100      	movs	r1, #0
 8001c54:	60a1      	str	r1, [r4, #8]
		loadNextFramebufferData(&ws2812b.item[i], 0); // ROW 0
 8001c56:	4620      	mov	r0, r4
 8001c58:	f7ff ff88 	bl	8001b6c <loadNextFramebufferData>
		loadNextFramebufferData(&ws2812b.item[i], 1); // ROW 0
 8001c5c:	2101      	movs	r1, #1
 8001c5e:	4620      	mov	r0, r4
 8001c60:	f7ff ff84 	bl	8001b6c <loadNextFramebufferData>
	for( i = 0; i < WS2812_BUFFER_COUNT; i++ )
 8001c64:	3501      	adds	r5, #1
 8001c66:	2d03      	cmp	r5, #3
 8001c68:	d9f0      	bls.n	8001c4c <WS2812_sendbuf+0xc>
	__HAL_DMA_CLEAR_FLAG(&dmaUpdate, DMA_FLAG_TC2 | DMA_FLAG_HT2 | DMA_FLAG_TE2);
 8001c6a:	4b20      	ldr	r3, [pc, #128]	@ (8001cec <WS2812_sendbuf+0xac>)
 8001c6c:	22e0      	movs	r2, #224	@ 0xe0
 8001c6e:	605a      	str	r2, [r3, #4]
	__HAL_DMA_CLEAR_FLAG(&dmaCC1, DMA_FLAG_TC5 | DMA_FLAG_HT5 | DMA_FLAG_TE5);
 8001c70:	f44f 2260 	mov.w	r2, #917504	@ 0xe0000
 8001c74:	605a      	str	r2, [r3, #4]
	__HAL_DMA_CLEAR_FLAG(&dmaCC2, DMA_FLAG_TC7 | DMA_FLAG_HT7 | DMA_FLAG_TE7);
 8001c76:	f04f 6260 	mov.w	r2, #234881024	@ 0xe000000
 8001c7a:	605a      	str	r2, [r3, #4]
	dmaUpdate.Instance->CNDTR = BUFFER_SIZE;
 8001c7c:	4b1c      	ldr	r3, [pc, #112]	@ (8001cf0 <WS2812_sendbuf+0xb0>)
 8001c7e:	681b      	ldr	r3, [r3, #0]
 8001c80:	2230      	movs	r2, #48	@ 0x30
 8001c82:	605a      	str	r2, [r3, #4]
	dmaCC1.Instance->CNDTR = BUFFER_SIZE;
 8001c84:	4c1b      	ldr	r4, [pc, #108]	@ (8001cf4 <WS2812_sendbuf+0xb4>)
 8001c86:	6821      	ldr	r1, [r4, #0]
 8001c88:	604a      	str	r2, [r1, #4]
	dmaCC2.Instance->CNDTR = BUFFER_SIZE;
 8001c8a:	481b      	ldr	r0, [pc, #108]	@ (8001cf8 <WS2812_sendbuf+0xb8>)
 8001c8c:	6801      	ldr	r1, [r0, #0]
 8001c8e:	604a      	str	r2, [r1, #4]
	__HAL_TIM_CLEAR_FLAG(&Tim2Handle, TIM_FLAG_UPDATE | TIM_FLAG_CC1 | TIM_FLAG_CC2 | TIM_FLAG_CC3 | TIM_FLAG_CC4);
 8001c90:	491a      	ldr	r1, [pc, #104]	@ (8001cfc <WS2812_sendbuf+0xbc>)
 8001c92:	680a      	ldr	r2, [r1, #0]
 8001c94:	f06f 051f 	mvn.w	r5, #31
 8001c98:	6115      	str	r5, [r2, #16]
	__HAL_DMA_ENABLE(&dmaUpdate);
 8001c9a:	681a      	ldr	r2, [r3, #0]
 8001c9c:	f042 0201 	orr.w	r2, r2, #1
 8001ca0:	601a      	str	r2, [r3, #0]
	__HAL_DMA_ENABLE(&dmaCC1);
 8001ca2:	6822      	ldr	r2, [r4, #0]
 8001ca4:	6813      	ldr	r3, [r2, #0]
 8001ca6:	f043 0301 	orr.w	r3, r3, #1
 8001caa:	6013      	str	r3, [r2, #0]
	__HAL_DMA_ENABLE(&dmaCC2);
 8001cac:	6802      	ldr	r2, [r0, #0]
 8001cae:	6813      	ldr	r3, [r2, #0]
 8001cb0:	f043 0301 	orr.w	r3, r3, #1
 8001cb4:	6013      	str	r3, [r2, #0]
	__HAL_TIM_ENABLE_DMA(&Tim2Handle, TIM_DMA_UPDATE);
 8001cb6:	680b      	ldr	r3, [r1, #0]
 8001cb8:	68da      	ldr	r2, [r3, #12]
 8001cba:	f442 7280 	orr.w	r2, r2, #256	@ 0x100
 8001cbe:	60da      	str	r2, [r3, #12]
	__HAL_TIM_ENABLE_DMA(&Tim2Handle, TIM_DMA_CC1);
 8001cc0:	68da      	ldr	r2, [r3, #12]
 8001cc2:	f442 7200 	orr.w	r2, r2, #512	@ 0x200
 8001cc6:	60da      	str	r2, [r3, #12]
	__HAL_TIM_ENABLE_DMA(&Tim2Handle, TIM_DMA_CC2);
 8001cc8:	68da      	ldr	r2, [r3, #12]
 8001cca:	f442 6280 	orr.w	r2, r2, #1024	@ 0x400
 8001cce:	60da      	str	r2, [r3, #12]
	TIM2->CNT = tim_period-1;
 8001cd0:	4a0b      	ldr	r2, [pc, #44]	@ (8001d00 <WS2812_sendbuf+0xc0>)
 8001cd2:	6812      	ldr	r2, [r2, #0]
 8001cd4:	3a01      	subs	r2, #1
 8001cd6:	f04f 4180 	mov.w	r1, #1073741824	@ 0x40000000
 8001cda:	624a      	str	r2, [r1, #36]	@ 0x24
	__HAL_TIM_ENABLE(&Tim2Handle);
 8001cdc:	681a      	ldr	r2, [r3, #0]
 8001cde:	f042 0201 	orr.w	r2, r2, #1
 8001ce2:	601a      	str	r2, [r3, #0]
}
 8001ce4:	bd38      	pop	{r3, r4, r5, pc}
 8001ce6:	bf00      	nop
 8001ce8:	20001a3c 	.word	0x20001a3c
 8001cec:	40020000 	.word	0x40020000
 8001cf0:	20001914 	.word	0x20001914
 8001cf4:	200018d0 	.word	0x200018d0
 8001cf8:	2000188c 	.word	0x2000188c
 8001cfc:	20001994 	.word	0x20001994
 8001d00:	20001958 	.word	0x20001958

08001d04 <DMA_TransferHalfHandler>:
{
 8001d04:	b510      	push	{r4, lr}
 8001d06:	b082      	sub	sp, #8
	if(ws2812b.repeatCounter != (WS2812B_NUMBER_OF_LEDS / 2 - 1))
 8001d08:	4b0d      	ldr	r3, [pc, #52]	@ (8001d40 <DMA_TransferHalfHandler+0x3c>)
 8001d0a:	6c9a      	ldr	r2, [r3, #72]	@ 0x48
 8001d0c:	f240 33ff 	movw	r3, #1023	@ 0x3ff
 8001d10:	429a      	cmp	r2, r3
 8001d12:	d00c      	beq.n	8001d2e <DMA_TransferHalfHandler+0x2a>
		for( i = 0; i < WS2812_BUFFER_COUNT; i++ )
 8001d14:	2400      	movs	r4, #0
 8001d16:	e006      	b.n	8001d26 <DMA_TransferHalfHandler+0x22>
			loadNextFramebufferData(&ws2812b.item[i], 0);
 8001d18:	2100      	movs	r1, #0
 8001d1a:	4809      	ldr	r0, [pc, #36]	@ (8001d40 <DMA_TransferHalfHandler+0x3c>)
 8001d1c:	eb00 1004 	add.w	r0, r0, r4, lsl #4
 8001d20:	f7ff ff24 	bl	8001b6c <loadNextFramebufferData>
		for( i = 0; i < WS2812_BUFFER_COUNT; i++ )
 8001d24:	3401      	adds	r4, #1
 8001d26:	2c03      	cmp	r4, #3
 8001d28:	d9f6      	bls.n	8001d18 <DMA_TransferHalfHandler+0x14>
}
 8001d2a:	b002      	add	sp, #8
 8001d2c:	bd10      	pop	{r4, pc}
		ws2812b_set_pixel(0, 0, 0, 0, 0);
 8001d2e:	2000      	movs	r0, #0
 8001d30:	9000      	str	r0, [sp, #0]
 8001d32:	4603      	mov	r3, r0
 8001d34:	4602      	mov	r2, r0
 8001d36:	4601      	mov	r1, r0
 8001d38:	f7ff feb6 	bl	8001aa8 <ws2812b_set_pixel>
}
 8001d3c:	e7f5      	b.n	8001d2a <DMA_TransferHalfHandler+0x26>
 8001d3e:	bf00      	nop
 8001d40:	20001a3c 	.word	0x20001a3c

08001d44 <ws2812b_gpio_init>:
{
 8001d44:	b500      	push	{lr}
 8001d46:	b087      	sub	sp, #28
	WS2812B_GPIO_CLK_ENABLE();
 8001d48:	4b0c      	ldr	r3, [pc, #48]	@ (8001d7c <ws2812b_gpio_init+0x38>)
 8001d4a:	699a      	ldr	r2, [r3, #24]
 8001d4c:	f042 0204 	orr.w	r2, r2, #4
 8001d50:	619a      	str	r2, [r3, #24]
 8001d52:	699b      	ldr	r3, [r3, #24]
 8001d54:	f003 0304 	and.w	r3, r3, #4
 8001d58:	9301      	str	r3, [sp, #4]
 8001d5a:	9b01      	ldr	r3, [sp, #4]
	GPIO_InitStruct.Pin       = WS2812B_PINS;
 8001d5c:	23f0      	movs	r3, #240	@ 0xf0
 8001d5e:	9302      	str	r3, [sp, #8]
	GPIO_InitStruct.Mode      = GPIO_MODE_OUTPUT_PP;
 8001d60:	2301      	movs	r3, #1
 8001d62:	9303      	str	r3, [sp, #12]
	GPIO_InitStruct.Pull      = GPIO_NOPULL;
 8001d64:	2300      	movs	r3, #0
 8001d66:	9304      	str	r3, [sp, #16]
	GPIO_InitStruct.Speed     = GPIO_SPEED_FREQ_LOW;
 8001d68:	2302      	movs	r3, #2
 8001d6a:	9305      	str	r3, [sp, #20]
	HAL_GPIO_Init(WS2812B_PORT, &GPIO_InitStruct);
 8001d6c:	a902      	add	r1, sp, #8
 8001d6e:	4804      	ldr	r0, [pc, #16]	@ (8001d80 <ws2812b_gpio_init+0x3c>)
 8001d70:	f001 f8c4 	bl	8002efc <HAL_GPIO_Init>
}
 8001d74:	b007      	add	sp, #28
 8001d76:	f85d fb04 	ldr.w	pc, [sp], #4
 8001d7a:	bf00      	nop
 8001d7c:	40021000 	.word	0x40021000
 8001d80:	40010800 	.word	0x40010800

08001d84 <DMA_init>:
{
 8001d84:	e92d 4ff0 	stmdb	sp!, {r4, r5, r6, r7, r8, r9, sl, fp, lr}
 8001d88:	b083      	sub	sp, #12
	__HAL_RCC_DMA1_CLK_ENABLE();
 8001d8a:	4b34      	ldr	r3, [pc, #208]	@ (8001e5c <DMA_init+0xd8>)
 8001d8c:	695a      	ldr	r2, [r3, #20]
 8001d8e:	f042 0201 	orr.w	r2, r2, #1
 8001d92:	615a      	str	r2, [r3, #20]
 8001d94:	695b      	ldr	r3, [r3, #20]
 8001d96:	f003 0301 	and.w	r3, r3, #1
 8001d9a:	9301      	str	r3, [sp, #4]
 8001d9c:	9b01      	ldr	r3, [sp, #4]
	dmaUpdate.Init.Direction = DMA_MEMORY_TO_PERIPH;
 8001d9e:	4c30      	ldr	r4, [pc, #192]	@ (8001e60 <DMA_init+0xdc>)
 8001da0:	f04f 0910 	mov.w	r9, #16
 8001da4:	f8c4 9004 	str.w	r9, [r4, #4]
	dmaUpdate.Init.PeriphInc = DMA_PINC_DISABLE;
 8001da8:	2500      	movs	r5, #0
 8001daa:	60a5      	str	r5, [r4, #8]
	dmaUpdate.Init.MemInc = DMA_MINC_DISABLE;
 8001dac:	60e5      	str	r5, [r4, #12]
	dmaUpdate.Init.PeriphDataAlignment = DMA_PDATAALIGN_WORD;
 8001dae:	f44f 7800 	mov.w	r8, #512	@ 0x200
 8001db2:	f8c4 8010 	str.w	r8, [r4, #16]
	dmaUpdate.Init.MemDataAlignment = DMA_MDATAALIGN_WORD;
 8001db6:	f44f 6b00 	mov.w	fp, #2048	@ 0x800
 8001dba:	f8c4 b014 	str.w	fp, [r4, #20]
	dmaUpdate.Init.Mode = DMA_CIRCULAR;
 8001dbe:	2720      	movs	r7, #32
 8001dc0:	61a7      	str	r7, [r4, #24]
	dmaUpdate.Init.Priority = DMA_PRIORITY_VERY_HIGH;
 8001dc2:	f44f 5640 	mov.w	r6, #12288	@ 0x3000
 8001dc6:	61e6      	str	r6, [r4, #28]
	dmaUpdate.Instance = DMA1_Channel2;
 8001dc8:	4b26      	ldr	r3, [pc, #152]	@ (8001e64 <DMA_init+0xe0>)
 8001dca:	6023      	str	r3, [r4, #0]
	HAL_DMA_Init(&dmaUpdate);
 8001dcc:	4620      	mov	r0, r4
 8001dce:	f000 fd67 	bl	80028a0 <HAL_DMA_Init>
	HAL_DMA_Start(&dmaUpdate, (uint32_t)WS2812_IO_High, (uint32_t)&WS2812B_PORT->BSRR, BUFFER_SIZE);
 8001dd2:	f8df a094 	ldr.w	sl, [pc, #148]	@ 8001e68 <DMA_init+0xe4>
 8001dd6:	2330      	movs	r3, #48	@ 0x30
 8001dd8:	4652      	mov	r2, sl
 8001dda:	4924      	ldr	r1, [pc, #144]	@ (8001e6c <DMA_init+0xe8>)
 8001ddc:	4620      	mov	r0, r4
 8001dde:	f000 fd95 	bl	800290c <HAL_DMA_Start>
	dmaCC1.Init.Direction = DMA_MEMORY_TO_PERIPH;
 8001de2:	4c23      	ldr	r4, [pc, #140]	@ (8001e70 <DMA_init+0xec>)
 8001de4:	f8c4 9004 	str.w	r9, [r4, #4]
	dmaCC1.Init.PeriphInc = DMA_PINC_DISABLE;
 8001de8:	60a5      	str	r5, [r4, #8]
	dmaCC1.Init.MemInc = DMA_MINC_ENABLE;
 8001dea:	2380      	movs	r3, #128	@ 0x80
 8001dec:	60e3      	str	r3, [r4, #12]
	dmaCC1.Init.PeriphDataAlignment = DMA_PDATAALIGN_WORD;
 8001dee:	f8c4 8010 	str.w	r8, [r4, #16]
	dmaCC1.Init.MemDataAlignment = DMA_MDATAALIGN_HALFWORD;
 8001df2:	f44f 6380 	mov.w	r3, #1024	@ 0x400
 8001df6:	6163      	str	r3, [r4, #20]
	dmaCC1.Init.Mode = DMA_CIRCULAR;
 8001df8:	61a7      	str	r7, [r4, #24]
	dmaCC1.Init.Priority = DMA_PRIORITY_VERY_HIGH;
 8001dfa:	61e6      	str	r6, [r4, #28]
	dmaCC1.Instance = DMA1_Channel5;
 8001dfc:	4b1d      	ldr	r3, [pc, #116]	@ (8001e74 <DMA_init+0xf0>)
 8001dfe:	6023      	str	r3, [r4, #0]
	HAL_DMA_Init(&dmaCC1);
 8001e00:	4620      	mov	r0, r4
 8001e02:	f000 fd4d 	bl	80028a0 <HAL_DMA_Init>
	HAL_DMA_Start(&dmaCC1, (uint32_t)ws2812bDmaBitBuffer, (uint32_t)&WS2812B_PORT->BRR, BUFFER_SIZE);
 8001e06:	2330      	movs	r3, #48	@ 0x30
 8001e08:	4a1b      	ldr	r2, [pc, #108]	@ (8001e78 <DMA_init+0xf4>)
 8001e0a:	491c      	ldr	r1, [pc, #112]	@ (8001e7c <DMA_init+0xf8>)
 8001e0c:	4620      	mov	r0, r4
 8001e0e:	f000 fd7d 	bl	800290c <HAL_DMA_Start>
	dmaCC2.Init.Direction = DMA_MEMORY_TO_PERIPH;
 8001e12:	4c1b      	ldr	r4, [pc, #108]	@ (8001e80 <DMA_init+0xfc>)
 8001e14:	f8c4 9004 	str.w	r9, [r4, #4]
	dmaCC2.Init.PeriphInc = DMA_PINC_DISABLE;
 8001e18:	60a5      	str	r5, [r4, #8]
	dmaCC2.Init.MemInc = DMA_MINC_DISABLE;
 8001e1a:	60e5      	str	r5, [r4, #12]
	dmaCC2.Init.PeriphDataAlignment = DMA_PDATAALIGN_WORD;
 8001e1c:	f8c4 8010 	str.w	r8, [r4, #16]
	dmaCC2.Init.MemDataAlignment = DMA_MDATAALIGN_WORD;
 8001e20:	f8c4 b014 	str.w	fp, [r4, #20]
	dmaCC2.Init.Mode = DMA_CIRCULAR;
 8001e24:	61a7      	str	r7, [r4, #24]
	dmaCC2.Init.Priority = DMA_PRIORITY_VERY_HIGH;
 8001e26:	61e6      	str	r6, [r4, #28]
	dmaCC2.Instance = DMA1_Channel7;
 8001e28:	4b16      	ldr	r3, [pc, #88]	@ (8001e84 <DMA_init+0x100>)
 8001e2a:	6023      	str	r3, [r4, #0]
	HAL_DMA_Init(&dmaCC2);
 8001e2c:	4620      	mov	r0, r4
 8001e2e:	f000 fd37 	bl	80028a0 <HAL_DMA_Init>
	dmaCC2.XferCpltCallback  = DMA_TransferCompleteHandler;
 8001e32:	4b15      	ldr	r3, [pc, #84]	@ (8001e88 <DMA_init+0x104>)
 8001e34:	62a3      	str	r3, [r4, #40]	@ 0x28
	dmaCC2.XferHalfCpltCallback = DMA_TransferHalfHandler;
 8001e36:	4b15      	ldr	r3, [pc, #84]	@ (8001e8c <DMA_init+0x108>)
 8001e38:	62e3      	str	r3, [r4, #44]	@ 0x2c
	HAL_NVIC_SetPriority(DMA1_Channel7_IRQn, 0, 0);
 8001e3a:	462a      	mov	r2, r5
 8001e3c:	4629      	mov	r1, r5
 8001e3e:	2011      	movs	r0, #17
 8001e40:	f000 fce6 	bl	8002810 <HAL_NVIC_SetPriority>
	HAL_NVIC_EnableIRQ(DMA1_Channel7_IRQn);
 8001e44:	2011      	movs	r0, #17
 8001e46:	f000 fcf3 	bl	8002830 <HAL_NVIC_EnableIRQ>
	HAL_DMA_Start_IT(&dmaCC2, (uint32_t)WS2812_IO_Low, (uint32_t)&WS2812B_PORT->BSRR, BUFFER_SIZE);
 8001e4a:	2330      	movs	r3, #48	@ 0x30
 8001e4c:	4652      	mov	r2, sl
 8001e4e:	4910      	ldr	r1, [pc, #64]	@ (8001e90 <DMA_init+0x10c>)
 8001e50:	4620      	mov	r0, r4
 8001e52:	f000 fd84 	bl	800295e <HAL_DMA_Start_IT>
}
 8001e56:	b003      	add	sp, #12
 8001e58:	e8bd 8ff0 	ldmia.w	sp!, {r4, r5, r6, r7, r8, r9, sl, fp, pc}
 8001e5c:	40021000 	.word	0x40021000
 8001e60:	20001914 	.word	0x20001914
 8001e64:	4002001c 	.word	0x4002001c
 8001e68:	40010810 	.word	0x40010810
 8001e6c:	20000004 	.word	0x20000004
 8001e70:	200018d0 	.word	0x200018d0
 8001e74:	40020058 	.word	0x40020058
 8001e78:	40010814 	.word	0x40010814
 8001e7c:	200019dc 	.word	0x200019dc
 8001e80:	2000188c 	.word	0x2000188c
 8001e84:	40020080 	.word	0x40020080
 8001e88:	08001ba1 	.word	0x08001ba1
 8001e8c:	08001d05 	.word	0x08001d05
 8001e90:	20000000 	.word	0x20000000

08001e94 <TIM2_init>:
{
 8001e94:	e92d 41f0 	stmdb	sp!, {r4, r5, r6, r7, r8, lr}
 8001e98:	b082      	sub	sp, #8
	__HAL_RCC_TIM2_CLK_ENABLE();
 8001e9a:	4b2b      	ldr	r3, [pc, #172]	@ (8001f48 <TIM2_init+0xb4>)
 8001e9c:	69da      	ldr	r2, [r3, #28]
 8001e9e:	f042 0201 	orr.w	r2, r2, #1
 8001ea2:	61da      	str	r2, [r3, #28]
 8001ea4:	69db      	ldr	r3, [r3, #28]
 8001ea6:	f003 0301 	and.w	r3, r3, #1
 8001eaa:	9301      	str	r3, [sp, #4]
 8001eac:	9b01      	ldr	r3, [sp, #4]
	tim_period =  SystemCoreClock / 800000; // 0,125us period (10 times lower the 1,25us period to have fixed math below)
 8001eae:	4b27      	ldr	r3, [pc, #156]	@ (8001f4c <TIM2_init+0xb8>)
 8001eb0:	681b      	ldr	r3, [r3, #0]
 8001eb2:	0a1b      	lsrs	r3, r3, #8
 8001eb4:	4a26      	ldr	r2, [pc, #152]	@ (8001f50 <TIM2_init+0xbc>)
 8001eb6:	fba2 2303 	umull	r2, r3, r2, r3
 8001eba:	091b      	lsrs	r3, r3, #4
 8001ebc:	4a25      	ldr	r2, [pc, #148]	@ (8001f54 <TIM2_init+0xc0>)
 8001ebe:	6013      	str	r3, [r2, #0]
	uint32_t cc1 = (10 * tim_period) / 36;
 8001ec0:	eb03 0183 	add.w	r1, r3, r3, lsl #2
 8001ec4:	004a      	lsls	r2, r1, #1
 8001ec6:	4f24      	ldr	r7, [pc, #144]	@ (8001f58 <TIM2_init+0xc4>)
 8001ec8:	fba7 1702 	umull	r1, r7, r7, r2
 8001ecc:	08ff      	lsrs	r7, r7, #3
	uint32_t cc2 = (10 * tim_period) / 15;
 8001ece:	4923      	ldr	r1, [pc, #140]	@ (8001f5c <TIM2_init+0xc8>)
 8001ed0:	fba1 1202 	umull	r1, r2, r1, r2
 8001ed4:	08d6      	lsrs	r6, r2, #3
	Tim2Handle.Instance = TIM2;
 8001ed6:	4d22      	ldr	r5, [pc, #136]	@ (8001f60 <TIM2_init+0xcc>)
 8001ed8:	f04f 4280 	mov.w	r2, #1073741824	@ 0x40000000
 8001edc:	602a      	str	r2, [r5, #0]
	Tim2Handle.Init.Period            = tim_period;
 8001ede:	60eb      	str	r3, [r5, #12]
	Tim2Handle.Init.RepetitionCounter = 0;
 8001ee0:	2400      	movs	r4, #0
 8001ee2:	616c      	str	r4, [r5, #20]
	Tim2Handle.Init.Prescaler         = 0;
 8001ee4:	606c      	str	r4, [r5, #4]
	Tim2Handle.Init.ClockDivision     = TIM_CLOCKDIVISION_DIV1;
 8001ee6:	612c      	str	r4, [r5, #16]
	Tim2Handle.Init.CounterMode       = TIM_COUNTERMODE_UP;
 8001ee8:	60ac      	str	r4, [r5, #8]
	HAL_TIM_PWM_Init(&Tim2Handle);
 8001eea:	4628      	mov	r0, r5
 8001eec:	f001 fe44 	bl	8003b78 <HAL_TIM_PWM_Init>
	HAL_NVIC_SetPriority(TIM2_IRQn, 0, 0);
 8001ef0:	4622      	mov	r2, r4
 8001ef2:	4621      	mov	r1, r4
 8001ef4:	201c      	movs	r0, #28
 8001ef6:	f000 fc8b 	bl	8002810 <HAL_NVIC_SetPriority>
	HAL_NVIC_EnableIRQ(TIM2_IRQn);
 8001efa:	201c      	movs	r0, #28
 8001efc:	f000 fc98 	bl	8002830 <HAL_NVIC_EnableIRQ>
	tim2OC1.OCMode       = TIM_OCMODE_PWM1;
 8001f00:	4918      	ldr	r1, [pc, #96]	@ (8001f64 <TIM2_init+0xd0>)
 8001f02:	f04f 0860 	mov.w	r8, #96	@ 0x60
 8001f06:	f8c1 8000 	str.w	r8, [r1]
	tim2OC1.OCPolarity   = TIM_OCPOLARITY_HIGH;
 8001f0a:	608c      	str	r4, [r1, #8]
	tim2OC1.Pulse        = cc1;
 8001f0c:	604f      	str	r7, [r1, #4]
	tim2OC1.OCNPolarity  = TIM_OCNPOLARITY_HIGH;
 8001f0e:	60cc      	str	r4, [r1, #12]
	tim2OC1.OCFastMode   = TIM_OCFAST_DISABLE;
 8001f10:	610c      	str	r4, [r1, #16]
	HAL_TIM_PWM_ConfigChannel(&Tim2Handle, &tim2OC1, TIM_CHANNEL_1);
 8001f12:	4622      	mov	r2, r4
 8001f14:	4628      	mov	r0, r5
 8001f16:	f001 fe89 	bl	8003c2c <HAL_TIM_PWM_ConfigChannel>
	tim2OC2.OCMode       = TIM_OCMODE_PWM1;
 8001f1a:	4913      	ldr	r1, [pc, #76]	@ (8001f68 <TIM2_init+0xd4>)
 8001f1c:	f8c1 8000 	str.w	r8, [r1]
	tim2OC2.OCPolarity   = TIM_OCPOLARITY_HIGH;
 8001f20:	608c      	str	r4, [r1, #8]
	tim2OC2.Pulse        = cc2;
 8001f22:	604e      	str	r6, [r1, #4]
	tim2OC2.OCNPolarity  = TIM_OCNPOLARITY_HIGH;
 8001f24:	60cc      	str	r4, [r1, #12]
	tim2OC2.OCFastMode   = TIM_OCFAST_DISABLE;
 8001f26:	610c      	str	r4, [r1, #16]
	tim2OC2.OCIdleState  = TIM_OCIDLESTATE_RESET;
 8001f28:	614c      	str	r4, [r1, #20]
	tim2OC2.OCNIdleState = TIM_OCNIDLESTATE_RESET;
 8001f2a:	618c      	str	r4, [r1, #24]
	HAL_TIM_PWM_ConfigChannel(&Tim2Handle, &tim2OC2, TIM_CHANNEL_2);
 8001f2c:	2204      	movs	r2, #4
 8001f2e:	4628      	mov	r0, r5
 8001f30:	f001 fe7c 	bl	8003c2c <HAL_TIM_PWM_ConfigChannel>
	HAL_TIM_Base_Start(&Tim2Handle);
 8001f34:	4628      	mov	r0, r5
 8001f36:	f001 fcfb 	bl	8003930 <HAL_TIM_Base_Start>
	HAL_TIM_PWM_Start(&Tim2Handle, TIM_CHANNEL_1);
 8001f3a:	4621      	mov	r1, r4
 8001f3c:	4628      	mov	r0, r5
 8001f3e:	f001 fef3 	bl	8003d28 <HAL_TIM_PWM_Start>
}
 8001f42:	b002      	add	sp, #8
 8001f44:	e8bd 81f0 	ldmia.w	sp!, {r4, r5, r6, r7, r8, pc}
 8001f48:	40021000 	.word	0x40021000
 8001f4c:	20000010 	.word	0x20000010
 8001f50:	014f8b59 	.word	0x014f8b59
 8001f54:	20001958 	.word	0x20001958
 8001f58:	38e38e39 	.word	0x38e38e39
 8001f5c:	88888889 	.word	0x88888889
 8001f60:	20001994 	.word	0x20001994
 8001f64:	20001978 	.word	0x20001978
 8001f68:	2000195c 	.word	0x2000195c

08001f6c <DMA1_Channel2_IRQHandler>:
{
 8001f6c:	b508      	push	{r3, lr}
  HAL_DMA_IRQHandler(&dmaUpdate);
 8001f6e:	4802      	ldr	r0, [pc, #8]	@ (8001f78 <DMA1_Channel2_IRQHandler+0xc>)
 8001f70:	f000 fda0 	bl	8002ab4 <HAL_DMA_IRQHandler>
}
 8001f74:	bd08      	pop	{r3, pc}
 8001f76:	bf00      	nop
 8001f78:	20001914 	.word	0x20001914

08001f7c <DMA1_Channel5_IRQHandler>:
{
 8001f7c:	b508      	push	{r3, lr}
  HAL_DMA_IRQHandler(&dmaCC1);
 8001f7e:	4802      	ldr	r0, [pc, #8]	@ (8001f88 <DMA1_Channel5_IRQHandler+0xc>)
 8001f80:	f000 fd98 	bl	8002ab4 <HAL_DMA_IRQHandler>
}
 8001f84:	bd08      	pop	{r3, pc}
 8001f86:	bf00      	nop
 8001f88:	200018d0 	.word	0x200018d0

08001f8c <DMA1_Channel7_IRQHandler>:
{
 8001f8c:	b508      	push	{r3, lr}
  HAL_DMA_IRQHandler(&dmaCC2);
 8001f8e:	4802      	ldr	r0, [pc, #8]	@ (8001f98 <DMA1_Channel7_IRQHandler+0xc>)
 8001f90:	f000 fd90 	bl	8002ab4 <HAL_DMA_IRQHandler>
}
 8001f94:	bd08      	pop	{r3, pc}
 8001f96:	bf00      	nop
 8001f98:	2000188c 	.word	0x2000188c

08001f9c <TIM2_IRQHandler>:
{
 8001f9c:	b508      	push	{r3, lr}
	HAL_TIM_IRQHandler(&Tim2Handle);
 8001f9e:	4802      	ldr	r0, [pc, #8]	@ (8001fa8 <TIM2_IRQHandler+0xc>)
 8001fa0:	f001 fcf9 	bl	8003996 <HAL_TIM_IRQHandler>
}
 8001fa4:	bd08      	pop	{r3, pc}
 8001fa6:	bf00      	nop
 8001fa8:	20001994 	.word	0x20001994

08001fac <HAL_TIM_PeriodElapsedCallback>:
	if (ws2812b.timerPeriodCounter < (uint8_t)WS2812_RESET_PERIOD)
 8001fac:	4b14      	ldr	r3, [pc, #80]	@ (8002000 <HAL_TIM_PeriodElapsedCallback+0x54>)
 8001fae:	6c5b      	ldr	r3, [r3, #68]	@ 0x44
 8001fb0:	2b0b      	cmp	r3, #11
 8001fb2:	d803      	bhi.n	8001fbc <HAL_TIM_PeriodElapsedCallback+0x10>
		ws2812b.timerPeriodCounter++;
 8001fb4:	3301      	adds	r3, #1
 8001fb6:	4a12      	ldr	r2, [pc, #72]	@ (8002000 <HAL_TIM_PeriodElapsedCallback+0x54>)
 8001fb8:	6453      	str	r3, [r2, #68]	@ 0x44
 8001fba:	4770      	bx	lr
		ws2812b.timerPeriodCounter = 0;
 8001fbc:	4b10      	ldr	r3, [pc, #64]	@ (8002000 <HAL_TIM_PeriodElapsedCallback+0x54>)
 8001fbe:	2200      	movs	r2, #0
 8001fc0:	645a      	str	r2, [r3, #68]	@ 0x44
		__HAL_TIM_DISABLE(&Tim2Handle);
 8001fc2:	4b10      	ldr	r3, [pc, #64]	@ (8002004 <HAL_TIM_PeriodElapsedCallback+0x58>)
 8001fc4:	681b      	ldr	r3, [r3, #0]
 8001fc6:	6a19      	ldr	r1, [r3, #32]
 8001fc8:	f241 1211 	movw	r2, #4369	@ 0x1111
 8001fcc:	4211      	tst	r1, r2
 8001fce:	d108      	bne.n	8001fe2 <HAL_TIM_PeriodElapsedCallback+0x36>
 8001fd0:	6a19      	ldr	r1, [r3, #32]
 8001fd2:	f240 4244 	movw	r2, #1092	@ 0x444
 8001fd6:	4211      	tst	r1, r2
 8001fd8:	d103      	bne.n	8001fe2 <HAL_TIM_PeriodElapsedCallback+0x36>
 8001fda:	681a      	ldr	r2, [r3, #0]
 8001fdc:	f022 0201 	bic.w	r2, r2, #1
 8001fe0:	601a      	str	r2, [r3, #0]
		TIM2->CR1 = 0; // disable timer
 8001fe2:	f04f 4380 	mov.w	r3, #1073741824	@ 0x40000000
 8001fe6:	2200      	movs	r2, #0
 8001fe8:	601a      	str	r2, [r3, #0]
		__HAL_TIM_DISABLE_IT(&Tim2Handle, TIM_IT_UPDATE);
 8001fea:	4b06      	ldr	r3, [pc, #24]	@ (8002004 <HAL_TIM_PeriodElapsedCallback+0x58>)
 8001fec:	681a      	ldr	r2, [r3, #0]
 8001fee:	68d3      	ldr	r3, [r2, #12]
 8001ff0:	f023 0301 	bic.w	r3, r3, #1
 8001ff4:	60d3      	str	r3, [r2, #12]
		ws2812b.transferComplete = 1;
 8001ff6:	4b02      	ldr	r3, [pc, #8]	@ (8002000 <HAL_TIM_PeriodElapsedCallback+0x54>)
 8001ff8:	2201      	movs	r2, #1
 8001ffa:	f883 2040 	strb.w	r2, [r3, #64]	@ 0x40
}
 8001ffe:	4770      	bx	lr
 8002000:	20001a3c 	.word	0x20001a3c
 8002004:	20001994 	.word	0x20001994

08002008 <ws2812b_init>:


void ws2812b_init()
{
 8002008:	b508      	push	{r3, lr}

	ws2812b_gpio_init();
 800200a:	f7ff fe9b 	bl	8001d44 <ws2812b_gpio_init>
	//void ws2812b_set_pixel(uint8_t row, uint16_t column, uint8_t red, uint8_t green, uint8_t blue);
	DMA_init();
 800200e:	f7ff feb9 	bl	8001d84 <DMA_init>
	TIM2_init();
 8002012:	f7ff ff3f 	bl	8001e94 <TIM2_init>
	// Need to start the first transfer
	ws2812b.transferComplete = 1;
 8002016:	4b02      	ldr	r3, [pc, #8]	@ (8002020 <ws2812b_init+0x18>)
 8002018:	2201      	movs	r2, #1
 800201a:	f883 2040 	strb.w	r2, [r3, #64]	@ 0x40
}
 800201e:	bd08      	pop	{r3, pc}
 8002020:	20001a3c 	.word	0x20001a3c

08002024 <ws2812b_handle>:


void ws2812b_handle()
{
 8002024:	b508      	push	{r3, lr}
	if(ws2812b.startTransfer) {
 8002026:	4b06      	ldr	r3, [pc, #24]	@ (8002040 <ws2812b_handle+0x1c>)
 8002028:	f893 3041 	ldrb.w	r3, [r3, #65]	@ 0x41
 800202c:	b903      	cbnz	r3, 8002030 <ws2812b_handle+0xc>
		ws2812b.startTransfer = 0;
		WS2812_sendbuf();
	}

}
 800202e:	bd08      	pop	{r3, pc}
		ws2812b.startTransfer = 0;
 8002030:	4b03      	ldr	r3, [pc, #12]	@ (8002040 <ws2812b_handle+0x1c>)
 8002032:	2200      	movs	r2, #0
 8002034:	f883 2041 	strb.w	r2, [r3, #65]	@ 0x41
		WS2812_sendbuf();
 8002038:	f7ff fe02 	bl	8001c40 <WS2812_sendbuf>
}
 800203c:	e7f7      	b.n	800202e <ws2812b_handle+0xa>
 800203e:	bf00      	nop
 8002040:	20001a3c 	.word	0x20001a3c

08002044 <MX_GPIO_Init>:
  * @brief GPIO Initialization Function
  * @param None
  * @retval None
  */
static void MX_GPIO_Init(void)
{
 8002044:	b530      	push	{r4, r5, lr}
 8002046:	b087      	sub	sp, #28
  GPIO_InitTypeDef GPIO_InitStruct = {0};
 8002048:	2400      	movs	r4, #0
 800204a:	9402      	str	r4, [sp, #8]
 800204c:	9403      	str	r4, [sp, #12]
 800204e:	9404      	str	r4, [sp, #16]
 8002050:	9405      	str	r4, [sp, #20]
/* USER CODE BEGIN MX_GPIO_Init_1 */
/* USER CODE END MX_GPIO_Init_1 */

  /* GPIO Ports Clock Enable */
  __HAL_RCC_GPIOC_CLK_ENABLE();
 8002052:	4b14      	ldr	r3, [pc, #80]	@ (80020a4 <MX_GPIO_Init+0x60>)
 8002054:	699a      	ldr	r2, [r3, #24]
 8002056:	f042 0210 	orr.w	r2, r2, #16
 800205a:	619a      	str	r2, [r3, #24]
 800205c:	699a      	ldr	r2, [r3, #24]
 800205e:	f002 0210 	and.w	r2, r2, #16
 8002062:	9200      	str	r2, [sp, #0]
 8002064:	9a00      	ldr	r2, [sp, #0]
  __HAL_RCC_GPIOA_CLK_ENABLE();
 8002066:	699a      	ldr	r2, [r3, #24]
 8002068:	f042 0204 	orr.w	r2, r2, #4
 800206c:	619a      	str	r2, [r3, #24]
 800206e:	699b      	ldr	r3, [r3, #24]
 8002070:	f003 0304 	and.w	r3, r3, #4
 8002074:	9301      	str	r3, [sp, #4]
 8002076:	9b01      	ldr	r3, [sp, #4]

  /*Configure GPIO pin Output Level */
  HAL_GPIO_WritePin(GPIOC, GPIO_PIN_13, GPIO_PIN_RESET);
 8002078:	4d0b      	ldr	r5, [pc, #44]	@ (80020a8 <MX_GPIO_Init+0x64>)
 800207a:	4622      	mov	r2, r4
 800207c:	f44f 5100 	mov.w	r1, #8192	@ 0x2000
 8002080:	4628      	mov	r0, r5
 8002082:	f001 f849 	bl	8003118 <HAL_GPIO_WritePin>

  /*Configure GPIO pin : PC13 */
  GPIO_InitStruct.Pin = GPIO_PIN_13;
 8002086:	f44f 5300 	mov.w	r3, #8192	@ 0x2000
 800208a:	9302      	str	r3, [sp, #8]
  GPIO_InitStruct.Mode = GPIO_MODE_OUTPUT_PP;
 800208c:	2301      	movs	r3, #1
 800208e:	9303      	str	r3, [sp, #12]
  GPIO_InitStruct.Pull = GPIO_NOPULL;
 8002090:	9404      	str	r4, [sp, #16]
  GPIO_InitStruct.Speed = GPIO_SPEED_FREQ_LOW;
 8002092:	2302      	movs	r3, #2
 8002094:	9305      	str	r3, [sp, #20]
  HAL_GPIO_Init(GPIOC, &GPIO_InitStruct);
 8002096:	a902      	add	r1, sp, #8
 8002098:	4628      	mov	r0, r5
 800209a:	f000 ff2f 	bl	8002efc <HAL_GPIO_Init>

/* USER CODE BEGIN MX_GPIO_Init_2 */
/* USER CODE END MX_GPIO_Init_2 */
}
 800209e:	b007      	add	sp, #28
 80020a0:	bd30      	pop	{r4, r5, pc}
 80020a2:	bf00      	nop
 80020a4:	40021000 	.word	0x40021000
 80020a8:	40011000 	.word	0x40011000

080020ac <HAL_UART_RxCpltCallback>:
void HAL_UART_RxCpltCallback(UART_HandleTypeDef* huart) {
 80020ac:	b508      	push	{r3, lr}
 80020ae:	4601      	mov	r1, r0
    NOS_UART_ReceiveHandler(&UART2,huart);
 80020b0:	4803      	ldr	r0, [pc, #12]	@ (80020c0 <HAL_UART_RxCpltCallback+0x14>)
 80020b2:	f7fe feb7 	bl	8000e24 <NOS_UART_ReceiveHandler>
    receive = true;
 80020b6:	4b03      	ldr	r3, [pc, #12]	@ (80020c4 <HAL_UART_RxCpltCallback+0x18>)
 80020b8:	2201      	movs	r2, #1
 80020ba:	701a      	strb	r2, [r3, #0]
}
 80020bc:	bd08      	pop	{r3, pc}
 80020be:	bf00      	nop
 80020c0:	20001dcc 	.word	0x20001dcc
 80020c4:	20001a89 	.word	0x20001a89

080020c8 <SysTick_Handler>:

/* USER CODE BEGIN 4 */
void SysTick_Handler(void)
{
 80020c8:	b508      	push	{r3, lr}
  /* USER CODE BEGIN SysTick_IRQn 0 */

  /* USER CODE END SysTick_IRQn 0 */
  HAL_IncTick();
 80020ca:	f000 fb49 	bl	8002760 <HAL_IncTick>
  /* USER CODE BEGIN SysTick_IRQn 1 */
  tick = true;
 80020ce:	4b02      	ldr	r3, [pc, #8]	@ (80020d8 <SysTick_Handler+0x10>)
 80020d0:	2201      	movs	r2, #1
 80020d2:	701a      	strb	r2, [r3, #0]
  /* USER CODE END SysTick_IRQn 1 */
}
 80020d4:	bd08      	pop	{r3, pc}
 80020d6:	bf00      	nop
 80020d8:	20001a88 	.word	0x20001a88

080020dc <Error_Handler>:
  \details Disables IRQ interrupts by setting the I-bit in the CPSR.
           Can only be executed in Privileged modes.
 */
__STATIC_FORCEINLINE void __disable_irq(void)
{
  __ASM volatile ("cpsid i" : : : "memory");
 80020dc:	b672      	cpsid	i
void Error_Handler(void)
{
  /* USER CODE BEGIN Error_Handler_Debug */
  /* User can add his own implementation to report the HAL error return state */
  __disable_irq();
  while (1)
 80020de:	e7fe      	b.n	80020de <Error_Handler+0x2>

080020e0 <MX_USART2_UART_Init>:
{
 80020e0:	b508      	push	{r3, lr}
  huart2.Instance = USART2;
 80020e2:	480a      	ldr	r0, [pc, #40]	@ (800210c <MX_USART2_UART_Init+0x2c>)
 80020e4:	4b0a      	ldr	r3, [pc, #40]	@ (8002110 <MX_USART2_UART_Init+0x30>)
 80020e6:	6003      	str	r3, [r0, #0]
  huart2.Init.BaudRate = 460800;
 80020e8:	f44f 23e1 	mov.w	r3, #460800	@ 0x70800
 80020ec:	6043      	str	r3, [r0, #4]
  huart2.Init.WordLength = UART_WORDLENGTH_8B;
 80020ee:	2300      	movs	r3, #0
 80020f0:	6083      	str	r3, [r0, #8]
  huart2.Init.StopBits = UART_STOPBITS_1;
 80020f2:	60c3      	str	r3, [r0, #12]
  huart2.Init.Parity = UART_PARITY_NONE;
 80020f4:	6103      	str	r3, [r0, #16]
  huart2.Init.Mode = UART_MODE_TX_RX;
 80020f6:	220c      	movs	r2, #12
 80020f8:	6142      	str	r2, [r0, #20]
  huart2.Init.HwFlowCtl = UART_HWCONTROL_NONE;
 80020fa:	6183      	str	r3, [r0, #24]
  huart2.Init.OverSampling = UART_OVERSAMPLING_16;
 80020fc:	61c3      	str	r3, [r0, #28]
  if (HAL_UART_Init(&huart2) != HAL_OK)
 80020fe:	f001 ff6e 	bl	8003fde <HAL_UART_Init>
 8002102:	b900      	cbnz	r0, 8002106 <MX_USART2_UART_Init+0x26>
}
 8002104:	bd08      	pop	{r3, pc}
    Error_Handler();
 8002106:	f7ff ffe9 	bl	80020dc <Error_Handler>
 800210a:	bf00      	nop
 800210c:	20003fd0 	.word	0x20003fd0
 8002110:	40004400 	.word	0x40004400

08002114 <SystemClock_Config>:
{
 8002114:	b500      	push	{lr}
 8002116:	b091      	sub	sp, #68	@ 0x44
  RCC_OscInitTypeDef RCC_OscInitStruct = {0};
 8002118:	2228      	movs	r2, #40	@ 0x28
 800211a:	2100      	movs	r1, #0
 800211c:	a806      	add	r0, sp, #24
 800211e:	f002 fb6a 	bl	80047f6 <memset>
  RCC_ClkInitTypeDef RCC_ClkInitStruct = {0};
 8002122:	2300      	movs	r3, #0
 8002124:	9301      	str	r3, [sp, #4]
 8002126:	9302      	str	r3, [sp, #8]
 8002128:	9303      	str	r3, [sp, #12]
 800212a:	9304      	str	r3, [sp, #16]
 800212c:	9305      	str	r3, [sp, #20]
  RCC_OscInitStruct.OscillatorType = RCC_OSCILLATORTYPE_HSI;
 800212e:	2302      	movs	r3, #2
 8002130:	9306      	str	r3, [sp, #24]
  RCC_OscInitStruct.HSIState = RCC_HSI_ON;
 8002132:	2201      	movs	r2, #1
 8002134:	920a      	str	r2, [sp, #40]	@ 0x28
  RCC_OscInitStruct.HSICalibrationValue = RCC_HSICALIBRATION_DEFAULT;
 8002136:	2210      	movs	r2, #16
 8002138:	920b      	str	r2, [sp, #44]	@ 0x2c
  RCC_OscInitStruct.PLL.PLLState = RCC_PLL_ON;
 800213a:	930d      	str	r3, [sp, #52]	@ 0x34
  RCC_OscInitStruct.PLL.PLLMUL = RCC_PLL_MUL16;
 800213c:	f44f 1360 	mov.w	r3, #3670016	@ 0x380000
 8002140:	930f      	str	r3, [sp, #60]	@ 0x3c
  if (HAL_RCC_OscConfig(&RCC_OscInitStruct) != HAL_OK)
 8002142:	a806      	add	r0, sp, #24
 8002144:	f001 f86a 	bl	800321c <HAL_RCC_OscConfig>
 8002148:	b980      	cbnz	r0, 800216c <SystemClock_Config+0x58>
  RCC_ClkInitStruct.ClockType = RCC_CLOCKTYPE_HCLK|RCC_CLOCKTYPE_SYSCLK
 800214a:	230f      	movs	r3, #15
 800214c:	9301      	str	r3, [sp, #4]
  RCC_ClkInitStruct.SYSCLKSource = RCC_SYSCLKSOURCE_PLLCLK;
 800214e:	2102      	movs	r1, #2
 8002150:	9102      	str	r1, [sp, #8]
  RCC_ClkInitStruct.AHBCLKDivider = RCC_SYSCLK_DIV1;
 8002152:	2300      	movs	r3, #0
 8002154:	9303      	str	r3, [sp, #12]
  RCC_ClkInitStruct.APB1CLKDivider = RCC_HCLK_DIV2;
 8002156:	f44f 6280 	mov.w	r2, #1024	@ 0x400
 800215a:	9204      	str	r2, [sp, #16]
  RCC_ClkInitStruct.APB2CLKDivider = RCC_HCLK_DIV1;
 800215c:	9305      	str	r3, [sp, #20]
  if (HAL_RCC_ClockConfig(&RCC_ClkInitStruct, FLASH_LATENCY_2) != HAL_OK)
 800215e:	a801      	add	r0, sp, #4
 8002160:	f001 fa8e 	bl	8003680 <HAL_RCC_ClockConfig>
 8002164:	b920      	cbnz	r0, 8002170 <SystemClock_Config+0x5c>
}
 8002166:	b011      	add	sp, #68	@ 0x44
 8002168:	f85d fb04 	ldr.w	pc, [sp], #4
    Error_Handler();
 800216c:	f7ff ffb6 	bl	80020dc <Error_Handler>
    Error_Handler();
 8002170:	f7ff ffb4 	bl	80020dc <Error_Handler>

08002174 <main>:
{
 8002174:	b580      	push	{r7, lr}
 8002176:	b088      	sub	sp, #32
  HAL_Init();
 8002178:	f000 fae0 	bl	800273c <HAL_Init>
  SystemClock_Config();
 800217c:	f7ff ffca 	bl	8002114 <SystemClock_Config>
  MX_GPIO_Init();
 8002180:	f7ff ff60 	bl	8002044 <MX_GPIO_Init>
  MX_USART2_UART_Init();
 8002184:	f7ff ffac 	bl	80020e0 <MX_USART2_UART_Init>
  HAL_UART_Receive_IT(&huart2,UART2.rx_buff,1);
 8002188:	4dbb      	ldr	r5, [pc, #748]	@ (8002478 <main+0x304>)
 800218a:	4cbc      	ldr	r4, [pc, #752]	@ (800247c <main+0x308>)
 800218c:	2201      	movs	r2, #1
 800218e:	4629      	mov	r1, r5
 8002190:	4620      	mov	r0, r4
 8002192:	f002 f9a2 	bl	80044da <HAL_UART_Receive_IT>
  HAL_UART_Transmit(&huart2,"HELLO",sizeof("HELLO"),1000);
 8002196:	f44f 737a 	mov.w	r3, #1000	@ 0x3e8
 800219a:	2206      	movs	r2, #6
 800219c:	49b8      	ldr	r1, [pc, #736]	@ (8002480 <main+0x30c>)
 800219e:	4620      	mov	r0, r4
 80021a0:	f001 ff4d 	bl	800403e <HAL_UART_Transmit>
  visInit();
 80021a4:	f7ff fc48 	bl	8001a38 <visInit>
  NOS_WS2812B_Strip_FullInit(&stripA,&frameBufferA,&pixelsA,128);
 80021a8:	2380      	movs	r3, #128	@ 0x80
 80021aa:	4ab6      	ldr	r2, [pc, #728]	@ (8002484 <main+0x310>)
 80021ac:	49b6      	ldr	r1, [pc, #728]	@ (8002488 <main+0x314>)
 80021ae:	48b7      	ldr	r0, [pc, #732]	@ (800248c <main+0x318>)
 80021b0:	f7fe ff14 	bl	8000fdc <NOS_WS2812B_Strip_FullInit>
  NOS_WS2812B_Strip_FullInit(&stripB,&frameBufferB,&pixelsB,128);
 80021b4:	2380      	movs	r3, #128	@ 0x80
 80021b6:	4ab6      	ldr	r2, [pc, #728]	@ (8002490 <main+0x31c>)
 80021b8:	49b6      	ldr	r1, [pc, #728]	@ (8002494 <main+0x320>)
 80021ba:	48b7      	ldr	r0, [pc, #732]	@ (8002498 <main+0x324>)
 80021bc:	f7fe ff0e 	bl	8000fdc <NOS_WS2812B_Strip_FullInit>
  NOS_WS2812B_Strip_FullInit(&stripC,&frameBufferC,&pixelsC,128);
 80021c0:	2380      	movs	r3, #128	@ 0x80
 80021c2:	4ab6      	ldr	r2, [pc, #728]	@ (800249c <main+0x328>)
 80021c4:	49b6      	ldr	r1, [pc, #728]	@ (80024a0 <main+0x32c>)
 80021c6:	48b7      	ldr	r0, [pc, #732]	@ (80024a4 <main+0x330>)
 80021c8:	f7fe ff08 	bl	8000fdc <NOS_WS2812B_Strip_FullInit>
  NOS_WS2812B_Strip_FullInit(&stripD,&frameBufferD,&pixelsD,128);
 80021cc:	2380      	movs	r3, #128	@ 0x80
 80021ce:	4ab6      	ldr	r2, [pc, #728]	@ (80024a8 <main+0x334>)
 80021d0:	49b6      	ldr	r1, [pc, #728]	@ (80024ac <main+0x338>)
 80021d2:	48b7      	ldr	r0, [pc, #732]	@ (80024b0 <main+0x33c>)
 80021d4:	f7fe ff02 	bl	8000fdc <NOS_WS2812B_Strip_FullInit>
  NOS_TimeEvent_Init(&screenUpdateEvent, 20);
 80021d8:	2114      	movs	r1, #20
 80021da:	48b6      	ldr	r0, [pc, #728]	@ (80024b4 <main+0x340>)
 80021dc:	f7fe fd95 	bl	8000d0a <NOS_TimeEvent_Init>
  NOS_UART_ReceiveAbort(&UART2,&huart2);
 80021e0:	4621      	mov	r1, r4
 80021e2:	f5a5 7005 	sub.w	r0, r5, #532	@ 0x214
 80021e6:	f7fe fdbe 	bl	8000d66 <NOS_UART_ReceiveAbort>
  NOS_FlashMemory_Struct_Init(&flashMemoryStruct,FLASH_STORAGE_A);
 80021ea:	4db3      	ldr	r5, [pc, #716]	@ (80024b8 <main+0x344>)
 80021ec:	49b3      	ldr	r1, [pc, #716]	@ (80024bc <main+0x348>)
 80021ee:	4628      	mov	r0, r5
 80021f0:	f7fe fac0 	bl	8000774 <NOS_FlashMemory_Struct_Init>
  NOS_Flash_Chunk_Init(&tempInitChunk,&breatheA,sizeof(Effect_Struct));
 80021f4:	4cb2      	ldr	r4, [pc, #712]	@ (80024c0 <main+0x34c>)
 80021f6:	222c      	movs	r2, #44	@ 0x2c
 80021f8:	49b2      	ldr	r1, [pc, #712]	@ (80024c4 <main+0x350>)
 80021fa:	4620      	mov	r0, r4
 80021fc:	f7fe fab5 	bl	800076a <NOS_Flash_Chunk_Init>
  NOS_FlashMemory_Struct_AddChunk(&flashMemoryStruct,&tempInitChunk);
 8002200:	4621      	mov	r1, r4
 8002202:	4628      	mov	r0, r5
 8002204:	f7fe fac1 	bl	800078a <NOS_FlashMemory_Struct_AddChunk>
  NOS_Flash_Chunk_Init(&tempInitChunk,&rainbowA,sizeof(Effect_Struct));
 8002208:	222c      	movs	r2, #44	@ 0x2c
 800220a:	49af      	ldr	r1, [pc, #700]	@ (80024c8 <main+0x354>)
 800220c:	4620      	mov	r0, r4
 800220e:	f7fe faac 	bl	800076a <NOS_Flash_Chunk_Init>
  NOS_FlashMemory_Struct_AddChunk(&flashMemoryStruct,&tempInitChunk);
 8002212:	4621      	mov	r1, r4
 8002214:	4628      	mov	r0, r5
 8002216:	f7fe fab8 	bl	800078a <NOS_FlashMemory_Struct_AddChunk>
  NOS_Flash_Chunk_Init(&tempInitChunk,&dotsA,sizeof(Effect_Struct));
 800221a:	222c      	movs	r2, #44	@ 0x2c
 800221c:	49ab      	ldr	r1, [pc, #684]	@ (80024cc <main+0x358>)
 800221e:	4620      	mov	r0, r4
 8002220:	f7fe faa3 	bl	800076a <NOS_Flash_Chunk_Init>
  NOS_FlashMemory_Struct_AddChunk(&flashMemoryStruct,&tempInitChunk);
 8002224:	4621      	mov	r1, r4
 8002226:	4628      	mov	r0, r5
 8002228:	f7fe faaf 	bl	800078a <NOS_FlashMemory_Struct_AddChunk>
  NOS_Flash_Chunk_Init(&tempInitChunk,&walkingPixelA,sizeof(Effect_Struct));
 800222c:	222c      	movs	r2, #44	@ 0x2c
 800222e:	49a8      	ldr	r1, [pc, #672]	@ (80024d0 <main+0x35c>)
 8002230:	4620      	mov	r0, r4
 8002232:	f7fe fa9a 	bl	800076a <NOS_Flash_Chunk_Init>
  NOS_FlashMemory_Struct_AddChunk(&flashMemoryStruct,&tempInitChunk);
 8002236:	4621      	mov	r1, r4
 8002238:	4628      	mov	r0, r5
 800223a:	f7fe faa6 	bl	800078a <NOS_FlashMemory_Struct_AddChunk>
  if(NOS_FlashMemory_Struct_Validate(&flashMemoryStruct))
 800223e:	4628      	mov	r0, r5
 8002240:	f7fe fa82 	bl	8000748 <NOS_FlashMemory_Struct_Validate>
 8002244:	2800      	cmp	r0, #0
 8002246:	f000 8149 	beq.w	80024dc <main+0x368>
    NOS_Flash_Memory_Struct_Load(&flashMemoryStruct);
 800224a:	4628      	mov	r0, r5
 800224c:	f7fe fb1e 	bl	800088c <NOS_Flash_Memory_Struct_Load>
  NOS_WS2812B_Strip_Effects_AddEffect(&stripA,breatheA);
 8002250:	4c9c      	ldr	r4, [pc, #624]	@ (80024c4 <main+0x350>)
 8002252:	4f8e      	ldr	r7, [pc, #568]	@ (800248c <main+0x318>)
 8002254:	466d      	mov	r5, sp
 8002256:	f104 060c 	add.w	r6, r4, #12
 800225a:	ce0f      	ldmia	r6!, {r0, r1, r2, r3}
 800225c:	c50f      	stmia	r5!, {r0, r1, r2, r3}
 800225e:	e896 000f 	ldmia.w	r6, {r0, r1, r2, r3}
 8002262:	e885 000f 	stmia.w	r5, {r0, r1, r2, r3}
 8002266:	e894 000e 	ldmia.w	r4, {r1, r2, r3}
 800226a:	4638      	mov	r0, r7
 800226c:	f7fe ffcb 	bl	8001206 <NOS_WS2812B_Strip_Effects_AddEffect>
  NOS_WS2812B_Strip_Effects_AddEffect(&stripB,breatheA);
 8002270:	4e89      	ldr	r6, [pc, #548]	@ (8002498 <main+0x324>)
 8002272:	466d      	mov	r5, sp
 8002274:	f104 0c0c 	add.w	ip, r4, #12
 8002278:	e8bc 000f 	ldmia.w	ip!, {r0, r1, r2, r3}
 800227c:	c50f      	stmia	r5!, {r0, r1, r2, r3}
 800227e:	e89c 000f 	ldmia.w	ip, {r0, r1, r2, r3}
 8002282:	e885 000f 	stmia.w	r5, {r0, r1, r2, r3}
 8002286:	e894 000e 	ldmia.w	r4, {r1, r2, r3}
 800228a:	4630      	mov	r0, r6
 800228c:	f7fe ffbb 	bl	8001206 <NOS_WS2812B_Strip_Effects_AddEffect>
  NOS_WS2812B_Strip_Effects_AddEffect(&stripC,breatheA);
 8002290:	4d84      	ldr	r5, [pc, #528]	@ (80024a4 <main+0x330>)
 8002292:	46ec      	mov	ip, sp
 8002294:	f104 0e0c 	add.w	lr, r4, #12
 8002298:	e8be 000f 	ldmia.w	lr!, {r0, r1, r2, r3}
 800229c:	e8ac 000f 	stmia.w	ip!, {r0, r1, r2, r3}
 80022a0:	e89e 000f 	ldmia.w	lr, {r0, r1, r2, r3}
 80022a4:	e88c 000f 	stmia.w	ip, {r0, r1, r2, r3}
 80022a8:	e894 000e 	ldmia.w	r4, {r1, r2, r3}
 80022ac:	4628      	mov	r0, r5
 80022ae:	f7fe ffaa 	bl	8001206 <NOS_WS2812B_Strip_Effects_AddEffect>
  NOS_WS2812B_Strip_Effects_AddEffect(&stripD,breatheA);
 80022b2:	f8df 81fc 	ldr.w	r8, [pc, #508]	@ 80024b0 <main+0x33c>
 80022b6:	46ec      	mov	ip, sp
 80022b8:	f104 0e0c 	add.w	lr, r4, #12
 80022bc:	e8be 000f 	ldmia.w	lr!, {r0, r1, r2, r3}
 80022c0:	e8ac 000f 	stmia.w	ip!, {r0, r1, r2, r3}
 80022c4:	e89e 000f 	ldmia.w	lr, {r0, r1, r2, r3}
 80022c8:	e88c 000f 	stmia.w	ip, {r0, r1, r2, r3}
 80022cc:	e894 000e 	ldmia.w	r4, {r1, r2, r3}
 80022d0:	4640      	mov	r0, r8
 80022d2:	f7fe ff98 	bl	8001206 <NOS_WS2812B_Strip_Effects_AddEffect>
  NOS_WS2812B_Strip_Effects_AddEffect(&stripA,rainbowA);
 80022d6:	4c7c      	ldr	r4, [pc, #496]	@ (80024c8 <main+0x354>)
 80022d8:	46ec      	mov	ip, sp
 80022da:	f104 0e0c 	add.w	lr, r4, #12
 80022de:	e8be 000f 	ldmia.w	lr!, {r0, r1, r2, r3}
 80022e2:	e8ac 000f 	stmia.w	ip!, {r0, r1, r2, r3}
 80022e6:	e89e 000f 	ldmia.w	lr, {r0, r1, r2, r3}
 80022ea:	e88c 000f 	stmia.w	ip, {r0, r1, r2, r3}
 80022ee:	e894 000e 	ldmia.w	r4, {r1, r2, r3}
 80022f2:	4638      	mov	r0, r7
 80022f4:	f7fe ff87 	bl	8001206 <NOS_WS2812B_Strip_Effects_AddEffect>
  NOS_WS2812B_Strip_Effects_AddEffect(&stripB,rainbowA);
 80022f8:	46ec      	mov	ip, sp
 80022fa:	f104 0e0c 	add.w	lr, r4, #12
 80022fe:	e8be 000f 	ldmia.w	lr!, {r0, r1, r2, r3}
 8002302:	e8ac 000f 	stmia.w	ip!, {r0, r1, r2, r3}
 8002306:	e89e 000f 	ldmia.w	lr, {r0, r1, r2, r3}
 800230a:	e88c 000f 	stmia.w	ip, {r0, r1, r2, r3}
 800230e:	e894 000e 	ldmia.w	r4, {r1, r2, r3}
 8002312:	4630      	mov	r0, r6
 8002314:	f7fe ff77 	bl	8001206 <NOS_WS2812B_Strip_Effects_AddEffect>
  NOS_WS2812B_Strip_Effects_AddEffect(&stripC,rainbowA);
 8002318:	46ec      	mov	ip, sp
 800231a:	f104 0e0c 	add.w	lr, r4, #12
 800231e:	e8be 000f 	ldmia.w	lr!, {r0, r1, r2, r3}
 8002322:	e8ac 000f 	stmia.w	ip!, {r0, r1, r2, r3}
 8002326:	e89e 000f 	ldmia.w	lr, {r0, r1, r2, r3}
 800232a:	e88c 000f 	stmia.w	ip, {r0, r1, r2, r3}
 800232e:	e894 000e 	ldmia.w	r4, {r1, r2, r3}
 8002332:	4628      	mov	r0, r5
 8002334:	f7fe ff67 	bl	8001206 <NOS_WS2812B_Strip_Effects_AddEffect>
  NOS_WS2812B_Strip_Effects_AddEffect(&stripD,rainbowA);
 8002338:	46ec      	mov	ip, sp
 800233a:	f104 0e0c 	add.w	lr, r4, #12
 800233e:	e8be 000f 	ldmia.w	lr!, {r0, r1, r2, r3}
 8002342:	e8ac 000f 	stmia.w	ip!, {r0, r1, r2, r3}
 8002346:	e89e 000f 	ldmia.w	lr, {r0, r1, r2, r3}
 800234a:	e88c 000f 	stmia.w	ip, {r0, r1, r2, r3}
 800234e:	e894 000e 	ldmia.w	r4, {r1, r2, r3}
 8002352:	4640      	mov	r0, r8
 8002354:	f7fe ff57 	bl	8001206 <NOS_WS2812B_Strip_Effects_AddEffect>
  NOS_WS2812B_Strip_Effects_AddEffect(&stripA,dotsA);
 8002358:	4c5c      	ldr	r4, [pc, #368]	@ (80024cc <main+0x358>)
 800235a:	46ec      	mov	ip, sp
 800235c:	f104 0e0c 	add.w	lr, r4, #12
 8002360:	e8be 000f 	ldmia.w	lr!, {r0, r1, r2, r3}
 8002364:	e8ac 000f 	stmia.w	ip!, {r0, r1, r2, r3}
 8002368:	e89e 000f 	ldmia.w	lr, {r0, r1, r2, r3}
 800236c:	e88c 000f 	stmia.w	ip, {r0, r1, r2, r3}
 8002370:	e894 000e 	ldmia.w	r4, {r1, r2, r3}
 8002374:	4638      	mov	r0, r7
 8002376:	f7fe ff46 	bl	8001206 <NOS_WS2812B_Strip_Effects_AddEffect>
  NOS_WS2812B_Strip_Effects_AddEffect(&stripB,dotsA);
 800237a:	46ec      	mov	ip, sp
 800237c:	f104 0e0c 	add.w	lr, r4, #12
 8002380:	e8be 000f 	ldmia.w	lr!, {r0, r1, r2, r3}
 8002384:	e8ac 000f 	stmia.w	ip!, {r0, r1, r2, r3}
 8002388:	e89e 000f 	ldmia.w	lr, {r0, r1, r2, r3}
 800238c:	e88c 000f 	stmia.w	ip, {r0, r1, r2, r3}
 8002390:	e894 000e 	ldmia.w	r4, {r1, r2, r3}
 8002394:	4630      	mov	r0, r6
 8002396:	f7fe ff36 	bl	8001206 <NOS_WS2812B_Strip_Effects_AddEffect>
  NOS_WS2812B_Strip_Effects_AddEffect(&stripC,dotsA);
 800239a:	46ec      	mov	ip, sp
 800239c:	f104 0e0c 	add.w	lr, r4, #12
 80023a0:	e8be 000f 	ldmia.w	lr!, {r0, r1, r2, r3}
 80023a4:	e8ac 000f 	stmia.w	ip!, {r0, r1, r2, r3}
 80023a8:	e89e 000f 	ldmia.w	lr, {r0, r1, r2, r3}
 80023ac:	e88c 000f 	stmia.w	ip, {r0, r1, r2, r3}
 80023b0:	e894 000e 	ldmia.w	r4, {r1, r2, r3}
 80023b4:	4628      	mov	r0, r5
 80023b6:	f7fe ff26 	bl	8001206 <NOS_WS2812B_Strip_Effects_AddEffect>
  NOS_WS2812B_Strip_Effects_AddEffect(&stripD,dotsA);
 80023ba:	46ec      	mov	ip, sp
 80023bc:	f104 0e0c 	add.w	lr, r4, #12
 80023c0:	e8be 000f 	ldmia.w	lr!, {r0, r1, r2, r3}
 80023c4:	e8ac 000f 	stmia.w	ip!, {r0, r1, r2, r3}
 80023c8:	e89e 000f 	ldmia.w	lr, {r0, r1, r2, r3}
 80023cc:	e88c 000f 	stmia.w	ip, {r0, r1, r2, r3}
 80023d0:	e894 000e 	ldmia.w	r4, {r1, r2, r3}
 80023d4:	4640      	mov	r0, r8
 80023d6:	f7fe ff16 	bl	8001206 <NOS_WS2812B_Strip_Effects_AddEffect>
  NOS_WS2812B_Strip_Effects_AddEffect(&stripC,walkingPixelA);
 80023da:	f8df e0f4 	ldr.w	lr, [pc, #244]	@ 80024d0 <main+0x35c>
 80023de:	466c      	mov	r4, sp
 80023e0:	f10e 0c0c 	add.w	ip, lr, #12
 80023e4:	e8bc 000f 	ldmia.w	ip!, {r0, r1, r2, r3}
 80023e8:	c40f      	stmia	r4!, {r0, r1, r2, r3}
 80023ea:	e89c 000f 	ldmia.w	ip, {r0, r1, r2, r3}
 80023ee:	e884 000f 	stmia.w	r4, {r0, r1, r2, r3}
 80023f2:	e89e 000e 	ldmia.w	lr, {r1, r2, r3}
 80023f6:	4628      	mov	r0, r5
 80023f8:	f7fe ff05 	bl	8001206 <NOS_WS2812B_Strip_Effects_AddEffect>
  NOS_WS2812B_Strip_Update(&stripA);
 80023fc:	4638      	mov	r0, r7
 80023fe:	f7fe fe39 	bl	8001074 <NOS_WS2812B_Strip_Update>
  NOS_WS2812B_Strip_Update(&stripB);
 8002402:	4630      	mov	r0, r6
 8002404:	f7fe fe36 	bl	8001074 <NOS_WS2812B_Strip_Update>
  NOS_WS2812B_Strip_Update(&stripC);
 8002408:	4628      	mov	r0, r5
 800240a:	f7fe fe33 	bl	8001074 <NOS_WS2812B_Strip_Update>
  NOS_WS2812B_Strip_Update(&stripD);
 800240e:	4640      	mov	r0, r8
 8002410:	f7fe fe30 	bl	8001074 <NOS_WS2812B_Strip_Update>
  stripC.bright = 100;
 8002414:	2364      	movs	r3, #100	@ 0x64
 8002416:	60eb      	str	r3, [r5, #12]
  stripA.effects[1].enabled = true;
 8002418:	2301      	movs	r3, #1
 800241a:	f887 3065 	strb.w	r3, [r7, #101]	@ 0x65
  stripB.effects[1].enabled = true;
 800241e:	f886 3065 	strb.w	r3, [r6, #101]	@ 0x65
  stripC.effects[1].enabled = true;
 8002422:	f885 3065 	strb.w	r3, [r5, #101]	@ 0x65
  stripA.effects[2].enabled = false;
 8002426:	2300      	movs	r3, #0
 8002428:	f887 3091 	strb.w	r3, [r7, #145]	@ 0x91
  stripB.effects[2].enabled = false;
 800242c:	f886 3091 	strb.w	r3, [r6, #145]	@ 0x91
  stripC.effects[2].enabled = false;
 8002430:	f885 3091 	strb.w	r3, [r5, #145]	@ 0x91
    if(tick)
 8002434:	4b27      	ldr	r3, [pc, #156]	@ (80024d4 <main+0x360>)
 8002436:	781b      	ldrb	r3, [r3, #0]
 8002438:	2b00      	cmp	r3, #0
 800243a:	f040 809a 	bne.w	8002572 <main+0x3fe>
    if(NOS_UART_CheckReceive(&UART2))
 800243e:	4826      	ldr	r0, [pc, #152]	@ (80024d8 <main+0x364>)
 8002440:	f7fe fdc5 	bl	8000fce <NOS_UART_CheckReceive>
 8002444:	2800      	cmp	r0, #0
 8002446:	f040 80aa 	bne.w	800259e <main+0x42a>
    if (NOS_TimeEvent_Check(&screenUpdateEvent))
 800244a:	481a      	ldr	r0, [pc, #104]	@ (80024b4 <main+0x340>)
 800244c:	f7fe fc6f 	bl	8000d2e <NOS_TimeEvent_Check>
 8002450:	2800      	cmp	r0, #0
 8002452:	d0ef      	beq.n	8002434 <main+0x2c0>
      NOS_WS2812B_Strip_Update(&stripA);
 8002454:	480d      	ldr	r0, [pc, #52]	@ (800248c <main+0x318>)
 8002456:	f7fe fe0d 	bl	8001074 <NOS_WS2812B_Strip_Update>
      NOS_WS2812B_Strip_Update(&stripB);
 800245a:	480f      	ldr	r0, [pc, #60]	@ (8002498 <main+0x324>)
 800245c:	f7fe fe0a 	bl	8001074 <NOS_WS2812B_Strip_Update>
      NOS_WS2812B_Strip_Update(&stripC);
 8002460:	4810      	ldr	r0, [pc, #64]	@ (80024a4 <main+0x330>)
 8002462:	f7fe fe07 	bl	8001074 <NOS_WS2812B_Strip_Update>
      NOS_WS2812B_Strip_Update(&stripD);
 8002466:	4812      	ldr	r0, [pc, #72]	@ (80024b0 <main+0x33c>)
 8002468:	f7fe fe04 	bl	8001074 <NOS_WS2812B_Strip_Update>
      visHandle();
 800246c:	f7ff fb0c 	bl	8001a88 <visHandle>
      NOS_TimeEvent_FinishEvent(&screenUpdateEvent);
 8002470:	4810      	ldr	r0, [pc, #64]	@ (80024b4 <main+0x340>)
 8002472:	f7fe fc63 	bl	8000d3c <NOS_TimeEvent_FinishEvent>
 8002476:	e7dd      	b.n	8002434 <main+0x2c0>
 8002478:	20001fe0 	.word	0x20001fe0
 800247c:	20003fd0 	.word	0x20003fd0
 8002480:	08005704 	.word	0x08005704
 8002484:	20003604 	.word	0x20003604
 8002488:	2000128c 	.word	0x2000128c
 800248c:	20003ed4 	.word	0x20003ed4
 8002490:	20003004 	.word	0x20003004
 8002494:	20000c8c 	.word	0x20000c8c
 8002498:	20003de4 	.word	0x20003de4
 800249c:	20002a04 	.word	0x20002a04
 80024a0:	2000068c 	.word	0x2000068c
 80024a4:	20003cf4 	.word	0x20003cf4
 80024a8:	20002404 	.word	0x20002404
 80024ac:	2000008c 	.word	0x2000008c
 80024b0:	20003c04 	.word	0x20003c04
 80024b4:	20003fc4 	.word	0x20003fc4
 80024b8:	20001a90 	.word	0x20001a90
 80024bc:	08008000 	.word	0x08008000
 80024c0:	20001afc 	.word	0x20001afc
 80024c4:	20001da0 	.word	0x20001da0
 80024c8:	20001d74 	.word	0x20001d74
 80024cc:	20001d48 	.word	0x20001d48
 80024d0:	20001d1c 	.word	0x20001d1c
 80024d4:	20001a88 	.word	0x20001a88
 80024d8:	20001dcc 	.word	0x20001dcc
    NOS_WS2812B_Strip_Effect_Init(&breatheA,&nullColor,100,1,60,80,0,0,0,0,EFFECT_BREATHE_ID,true);
 80024dc:	4e73      	ldr	r6, [pc, #460]	@ (80026ac <main+0x538>)
 80024de:	2501      	movs	r5, #1
 80024e0:	9507      	str	r5, [sp, #28]
 80024e2:	2320      	movs	r3, #32
 80024e4:	9306      	str	r3, [sp, #24]
 80024e6:	2400      	movs	r4, #0
 80024e8:	9405      	str	r4, [sp, #20]
 80024ea:	9404      	str	r4, [sp, #16]
 80024ec:	9403      	str	r4, [sp, #12]
 80024ee:	9402      	str	r4, [sp, #8]
 80024f0:	2350      	movs	r3, #80	@ 0x50
 80024f2:	9301      	str	r3, [sp, #4]
 80024f4:	233c      	movs	r3, #60	@ 0x3c
 80024f6:	9300      	str	r3, [sp, #0]
 80024f8:	462b      	mov	r3, r5
 80024fa:	2264      	movs	r2, #100	@ 0x64
 80024fc:	4631      	mov	r1, r6
 80024fe:	486c      	ldr	r0, [pc, #432]	@ (80026b0 <main+0x53c>)
 8002500:	f7fe fe50 	bl	80011a4 <NOS_WS2812B_Strip_Effect_Init>
    NOS_WS2812B_Strip_Effect_Init(&rainbowA,&nullColor,1000,1,200,800,0,0,0,0,EFFECT_RAINBOW_ID,true);
 8002504:	9507      	str	r5, [sp, #28]
 8002506:	2321      	movs	r3, #33	@ 0x21
 8002508:	9306      	str	r3, [sp, #24]
 800250a:	9405      	str	r4, [sp, #20]
 800250c:	9404      	str	r4, [sp, #16]
 800250e:	9403      	str	r4, [sp, #12]
 8002510:	9402      	str	r4, [sp, #8]
 8002512:	f44f 7348 	mov.w	r3, #800	@ 0x320
 8002516:	9301      	str	r3, [sp, #4]
 8002518:	23c8      	movs	r3, #200	@ 0xc8
 800251a:	9300      	str	r3, [sp, #0]
 800251c:	462b      	mov	r3, r5
 800251e:	f44f 727a 	mov.w	r2, #1000	@ 0x3e8
 8002522:	4631      	mov	r1, r6
 8002524:	4863      	ldr	r0, [pc, #396]	@ (80026b4 <main+0x540>)
 8002526:	f7fe fe3d 	bl	80011a4 <NOS_WS2812B_Strip_Effect_Init>
    NOS_WS2812B_Strip_Effect_Init(&dotsA,&white,40,1,0,100,0,0,0,0,EFFECT_DOTS_ID,true);
 800252a:	4e63      	ldr	r6, [pc, #396]	@ (80026b8 <main+0x544>)
 800252c:	9507      	str	r5, [sp, #28]
 800252e:	2322      	movs	r3, #34	@ 0x22
 8002530:	9306      	str	r3, [sp, #24]
 8002532:	9405      	str	r4, [sp, #20]
 8002534:	9404      	str	r4, [sp, #16]
 8002536:	9403      	str	r4, [sp, #12]
 8002538:	9402      	str	r4, [sp, #8]
 800253a:	2364      	movs	r3, #100	@ 0x64
 800253c:	9301      	str	r3, [sp, #4]
 800253e:	9400      	str	r4, [sp, #0]
 8002540:	462b      	mov	r3, r5
 8002542:	2228      	movs	r2, #40	@ 0x28
 8002544:	4631      	mov	r1, r6
 8002546:	485d      	ldr	r0, [pc, #372]	@ (80026bc <main+0x548>)
 8002548:	f7fe fe2c 	bl	80011a4 <NOS_WS2812B_Strip_Effect_Init>
    NOS_WS2812B_Strip_Effect_Init(&walkingPixelA,&white,1000,1,0,48,3,0,0,0,EFFECT_WALKING_PIXELS_ID,true);
 800254c:	9507      	str	r5, [sp, #28]
 800254e:	2323      	movs	r3, #35	@ 0x23
 8002550:	9306      	str	r3, [sp, #24]
 8002552:	9405      	str	r4, [sp, #20]
 8002554:	9404      	str	r4, [sp, #16]
 8002556:	9403      	str	r4, [sp, #12]
 8002558:	2303      	movs	r3, #3
 800255a:	9302      	str	r3, [sp, #8]
 800255c:	2330      	movs	r3, #48	@ 0x30
 800255e:	9301      	str	r3, [sp, #4]
 8002560:	9400      	str	r4, [sp, #0]
 8002562:	462b      	mov	r3, r5
 8002564:	f44f 727a 	mov.w	r2, #1000	@ 0x3e8
 8002568:	4631      	mov	r1, r6
 800256a:	4855      	ldr	r0, [pc, #340]	@ (80026c0 <main+0x54c>)
 800256c:	f7fe fe1a 	bl	80011a4 <NOS_WS2812B_Strip_Effect_Init>
 8002570:	e66e      	b.n	8002250 <main+0xdc>
          NOS_UART_Timer_Handler(&UART2);
 8002572:	4854      	ldr	r0, [pc, #336]	@ (80026c4 <main+0x550>)
 8002574:	f7fe fc1f 	bl	8000db6 <NOS_UART_Timer_Handler>
          NOS_TimeEvent_TickHandler(&screenUpdateEvent);
 8002578:	4853      	ldr	r0, [pc, #332]	@ (80026c8 <main+0x554>)
 800257a:	f7fe fbcd 	bl	8000d18 <NOS_TimeEvent_TickHandler>
          NOS_WS2812B_Strip_Effects_Handler(&stripA);
 800257e:	4853      	ldr	r0, [pc, #332]	@ (80026cc <main+0x558>)
 8002580:	f7ff fa1a 	bl	80019b8 <NOS_WS2812B_Strip_Effects_Handler>
          NOS_WS2812B_Strip_Effects_Handler(&stripB);
 8002584:	4852      	ldr	r0, [pc, #328]	@ (80026d0 <main+0x55c>)
 8002586:	f7ff fa17 	bl	80019b8 <NOS_WS2812B_Strip_Effects_Handler>
          NOS_WS2812B_Strip_Effects_Handler(&stripC);
 800258a:	4852      	ldr	r0, [pc, #328]	@ (80026d4 <main+0x560>)
 800258c:	f7ff fa14 	bl	80019b8 <NOS_WS2812B_Strip_Effects_Handler>
          NOS_WS2812B_Strip_Effects_Handler(&stripD);
 8002590:	4851      	ldr	r0, [pc, #324]	@ (80026d8 <main+0x564>)
 8002592:	f7ff fa11 	bl	80019b8 <NOS_WS2812B_Strip_Effects_Handler>
          tick = false;
 8002596:	4b51      	ldr	r3, [pc, #324]	@ (80026dc <main+0x568>)
 8002598:	2200      	movs	r2, #0
 800259a:	701a      	strb	r2, [r3, #0]
 800259c:	e74f      	b.n	800243e <main+0x2ca>
      if(NOS_UART_ParsePacket(&UART2,&lastMessage)) 
 800259e:	4950      	ldr	r1, [pc, #320]	@ (80026e0 <main+0x56c>)
 80025a0:	4848      	ldr	r0, [pc, #288]	@ (80026c4 <main+0x550>)
 80025a2:	f7fe fc5f 	bl	8000e64 <NOS_UART_ParsePacket>
 80025a6:	b368      	cbz	r0, 8002604 <main+0x490>
      switch (lastMessage.channel.data)
 80025a8:	4b4d      	ldr	r3, [pc, #308]	@ (80026e0 <main+0x56c>)
 80025aa:	885b      	ldrh	r3, [r3, #2]
 80025ac:	3b01      	subs	r3, #1
 80025ae:	2b04      	cmp	r3, #4
 80025b0:	d828      	bhi.n	8002604 <main+0x490>
 80025b2:	e8df f003 	tbb	[pc, r3]
 80025b6:	4203      	.short	0x4203
 80025b8:	5e50      	.short	0x5e50
 80025ba:	6c          	.byte	0x6c
 80025bb:	00          	.byte	0x00
          NOS_Strip_UART_ParseCommand(&stripA,&lastMessage);
 80025bc:	4d48      	ldr	r5, [pc, #288]	@ (80026e0 <main+0x56c>)
 80025be:	4c43      	ldr	r4, [pc, #268]	@ (80026cc <main+0x558>)
 80025c0:	4629      	mov	r1, r5
 80025c2:	4620      	mov	r0, r4
 80025c4:	f7fe f9a8 	bl	8000918 <NOS_Strip_UART_ParseCommand>
          NOS_Strip_UART_ParseCommand(&stripB,&lastMessage);
 80025c8:	4629      	mov	r1, r5
 80025ca:	4841      	ldr	r0, [pc, #260]	@ (80026d0 <main+0x55c>)
 80025cc:	f7fe f9a4 	bl	8000918 <NOS_Strip_UART_ParseCommand>
          NOS_Strip_UART_ParseCommand(&stripC,&lastMessage);
 80025d0:	4629      	mov	r1, r5
 80025d2:	4840      	ldr	r0, [pc, #256]	@ (80026d4 <main+0x560>)
 80025d4:	f7fe f9a0 	bl	8000918 <NOS_Strip_UART_ParseCommand>
          NOS_Strip_UART_ParseCommand(&stripD,&lastMessage);
 80025d8:	4629      	mov	r1, r5
 80025da:	483f      	ldr	r0, [pc, #252]	@ (80026d8 <main+0x564>)
 80025dc:	f7fe f99c 	bl	8000918 <NOS_Strip_UART_ParseCommand>
          NOS_WS2812B_Strip_Effect_Copy(&breatheA,&stripA.effects[0]);
 80025e0:	f104 0110 	add.w	r1, r4, #16
 80025e4:	4832      	ldr	r0, [pc, #200]	@ (80026b0 <main+0x53c>)
 80025e6:	f7fe ffbb 	bl	8001560 <NOS_WS2812B_Strip_Effect_Copy>
          NOS_WS2812B_Strip_Effect_Copy(&rainbowA,&stripA.effects[1]);
 80025ea:	f104 013c 	add.w	r1, r4, #60	@ 0x3c
 80025ee:	4831      	ldr	r0, [pc, #196]	@ (80026b4 <main+0x540>)
 80025f0:	f7fe ffb6 	bl	8001560 <NOS_WS2812B_Strip_Effect_Copy>
          NOS_WS2812B_Strip_Effect_Copy(&dotsA,&stripA.effects[2]);
 80025f4:	f104 0168 	add.w	r1, r4, #104	@ 0x68
 80025f8:	4830      	ldr	r0, [pc, #192]	@ (80026bc <main+0x548>)
 80025fa:	f7fe ffb1 	bl	8001560 <NOS_WS2812B_Strip_Effect_Copy>
          NOS_Flash_Memory_Struct_Save(&flashMemoryStruct);
 80025fe:	4839      	ldr	r0, [pc, #228]	@ (80026e4 <main+0x570>)
 8002600:	f7fe f8e0 	bl	80007c4 <NOS_Flash_Memory_Struct_Save>
      NOS_UART_EndReceive(&UART2);
 8002604:	482f      	ldr	r0, [pc, #188]	@ (80026c4 <main+0x550>)
 8002606:	f7fe fce5 	bl	8000fd4 <NOS_UART_EndReceive>
      HAL_GPIO_TogglePin(GPIOC,GPIO_PIN_13);
 800260a:	f44f 5100 	mov.w	r1, #8192	@ 0x2000
 800260e:	4836      	ldr	r0, [pc, #216]	@ (80026e8 <main+0x574>)
 8002610:	f000 fd88 	bl	8003124 <HAL_GPIO_TogglePin>
      NOS_UART_PacketApprovedNotice(&lastMessage,&huart2);
 8002614:	4935      	ldr	r1, [pc, #212]	@ (80026ec <main+0x578>)
 8002616:	4832      	ldr	r0, [pc, #200]	@ (80026e0 <main+0x56c>)
 8002618:	f7fe fc86 	bl	8000f28 <NOS_UART_PacketApprovedNotice>
      NOS_WS2812B_Strip_Update(&stripA);
 800261c:	482b      	ldr	r0, [pc, #172]	@ (80026cc <main+0x558>)
 800261e:	f7fe fd29 	bl	8001074 <NOS_WS2812B_Strip_Update>
      NOS_WS2812B_Strip_Update(&stripB);
 8002622:	482b      	ldr	r0, [pc, #172]	@ (80026d0 <main+0x55c>)
 8002624:	f7fe fd26 	bl	8001074 <NOS_WS2812B_Strip_Update>
      NOS_WS2812B_Strip_Update(&stripC);
 8002628:	482a      	ldr	r0, [pc, #168]	@ (80026d4 <main+0x560>)
 800262a:	f7fe fd23 	bl	8001074 <NOS_WS2812B_Strip_Update>
      NOS_WS2812B_Strip_Update(&stripD);
 800262e:	482a      	ldr	r0, [pc, #168]	@ (80026d8 <main+0x564>)
 8002630:	f7fe fd20 	bl	8001074 <NOS_WS2812B_Strip_Update>
      visHandle();
 8002634:	f7ff fa28 	bl	8001a88 <visHandle>
 8002638:	e707      	b.n	800244a <main+0x2d6>
          NOS_Strip_UART_ParseCommand(&stripA,&lastMessage);
 800263a:	4c24      	ldr	r4, [pc, #144]	@ (80026cc <main+0x558>)
 800263c:	4928      	ldr	r1, [pc, #160]	@ (80026e0 <main+0x56c>)
 800263e:	4620      	mov	r0, r4
 8002640:	f7fe f96a 	bl	8000918 <NOS_Strip_UART_ParseCommand>
          NOS_WS2812B_Strip_Effect_Copy(&dotsA,&stripA.effects[2]);
 8002644:	f104 0168 	add.w	r1, r4, #104	@ 0x68
 8002648:	481c      	ldr	r0, [pc, #112]	@ (80026bc <main+0x548>)
 800264a:	f7fe ff89 	bl	8001560 <NOS_WS2812B_Strip_Effect_Copy>
          NOS_Flash_Memory_Struct_Save(&flashMemoryStruct);
 800264e:	4825      	ldr	r0, [pc, #148]	@ (80026e4 <main+0x570>)
 8002650:	f7fe f8b8 	bl	80007c4 <NOS_Flash_Memory_Struct_Save>
        break;
 8002654:	e7d6      	b.n	8002604 <main+0x490>
          NOS_Strip_UART_ParseCommand(&stripB,&lastMessage);
 8002656:	4c1e      	ldr	r4, [pc, #120]	@ (80026d0 <main+0x55c>)
 8002658:	4921      	ldr	r1, [pc, #132]	@ (80026e0 <main+0x56c>)
 800265a:	4620      	mov	r0, r4
 800265c:	f7fe f95c 	bl	8000918 <NOS_Strip_UART_ParseCommand>
          NOS_WS2812B_Strip_Effect_Copy(&dotsA,&stripB.effects[2]);
 8002660:	f104 0168 	add.w	r1, r4, #104	@ 0x68
 8002664:	4815      	ldr	r0, [pc, #84]	@ (80026bc <main+0x548>)
 8002666:	f7fe ff7b 	bl	8001560 <NOS_WS2812B_Strip_Effect_Copy>
          NOS_Flash_Memory_Struct_Save(&flashMemoryStruct);
 800266a:	481e      	ldr	r0, [pc, #120]	@ (80026e4 <main+0x570>)
 800266c:	f7fe f8aa 	bl	80007c4 <NOS_Flash_Memory_Struct_Save>
        break;
 8002670:	e7c8      	b.n	8002604 <main+0x490>
          NOS_Strip_UART_ParseCommand(&stripC,&lastMessage);
 8002672:	4c18      	ldr	r4, [pc, #96]	@ (80026d4 <main+0x560>)
 8002674:	491a      	ldr	r1, [pc, #104]	@ (80026e0 <main+0x56c>)
 8002676:	4620      	mov	r0, r4
 8002678:	f7fe f94e 	bl	8000918 <NOS_Strip_UART_ParseCommand>
          NOS_WS2812B_Strip_Effect_Copy(&dotsA,&stripC.effects[2]);
 800267c:	f104 0168 	add.w	r1, r4, #104	@ 0x68
 8002680:	480e      	ldr	r0, [pc, #56]	@ (80026bc <main+0x548>)
 8002682:	f7fe ff6d 	bl	8001560 <NOS_WS2812B_Strip_Effect_Copy>
          NOS_Flash_Memory_Struct_Save(&flashMemoryStruct);
 8002686:	4817      	ldr	r0, [pc, #92]	@ (80026e4 <main+0x570>)
 8002688:	f7fe f89c 	bl	80007c4 <NOS_Flash_Memory_Struct_Save>
        break;
 800268c:	e7ba      	b.n	8002604 <main+0x490>
          NOS_Strip_UART_ParseCommand(&stripD,&lastMessage);
 800268e:	4c12      	ldr	r4, [pc, #72]	@ (80026d8 <main+0x564>)
 8002690:	4913      	ldr	r1, [pc, #76]	@ (80026e0 <main+0x56c>)
 8002692:	4620      	mov	r0, r4
 8002694:	f7fe f940 	bl	8000918 <NOS_Strip_UART_ParseCommand>
          NOS_WS2812B_Strip_Effect_Copy(&dotsA,&stripD.effects[2]);
 8002698:	f104 0168 	add.w	r1, r4, #104	@ 0x68
 800269c:	4807      	ldr	r0, [pc, #28]	@ (80026bc <main+0x548>)
 800269e:	f7fe ff5f 	bl	8001560 <NOS_WS2812B_Strip_Effect_Copy>
          NOS_Flash_Memory_Struct_Save(&flashMemoryStruct);
 80026a2:	4810      	ldr	r0, [pc, #64]	@ (80026e4 <main+0x570>)
 80026a4:	f7fe f88e 	bl	80007c4 <NOS_Flash_Memory_Struct_Save>
        break;
 80026a8:	e7ac      	b.n	8002604 <main+0x490>
 80026aa:	bf00      	nop
 80026ac:	20001a8c 	.word	0x20001a8c
 80026b0:	20001da0 	.word	0x20001da0
 80026b4:	20001d74 	.word	0x20001d74
 80026b8:	20000008 	.word	0x20000008
 80026bc:	20001d48 	.word	0x20001d48
 80026c0:	20001d1c 	.word	0x20001d1c
 80026c4:	20001dcc 	.word	0x20001dcc
 80026c8:	20003fc4 	.word	0x20003fc4
 80026cc:	20003ed4 	.word	0x20003ed4
 80026d0:	20003de4 	.word	0x20003de4
 80026d4:	20003cf4 	.word	0x20003cf4
 80026d8:	20003c04 	.word	0x20003c04
 80026dc:	20001a88 	.word	0x20001a88
 80026e0:	20001b08 	.word	0x20001b08
 80026e4:	20001a90 	.word	0x20001a90
 80026e8:	40011000 	.word	0x40011000
 80026ec:	20003fd0 	.word	0x20003fd0

080026f0 <HAL_InitTick>:
  *       implementation  in user file.
  * @param TickPriority Tick interrupt priority.
  * @retval HAL status
  */
__weak HAL_StatusTypeDef HAL_InitTick(uint32_t TickPriority)
{
 80026f0:	b510      	push	{r4, lr}
 80026f2:	4604      	mov	r4, r0
  /* Configure the SysTick to have interrupt in 1ms time basis*/
  if (HAL_SYSTICK_Config(SystemCoreClock / (1000U / uwTickFreq)) > 0U)
 80026f4:	4b0e      	ldr	r3, [pc, #56]	@ (8002730 <HAL_InitTick+0x40>)
 80026f6:	781a      	ldrb	r2, [r3, #0]
 80026f8:	f44f 737a 	mov.w	r3, #1000	@ 0x3e8
 80026fc:	fbb3 f3f2 	udiv	r3, r3, r2
 8002700:	4a0c      	ldr	r2, [pc, #48]	@ (8002734 <HAL_InitTick+0x44>)
 8002702:	6810      	ldr	r0, [r2, #0]
 8002704:	fbb0 f0f3 	udiv	r0, r0, r3
 8002708:	f000 f8a0 	bl	800284c <HAL_SYSTICK_Config>
 800270c:	b968      	cbnz	r0, 800272a <HAL_InitTick+0x3a>
  {
    return HAL_ERROR;
  }

  /* Configure the SysTick IRQ priority */
  if (TickPriority < (1UL << __NVIC_PRIO_BITS))
 800270e:	2c0f      	cmp	r4, #15
 8002710:	d901      	bls.n	8002716 <HAL_InitTick+0x26>
    HAL_NVIC_SetPriority(SysTick_IRQn, TickPriority, 0U);
    uwTickPrio = TickPriority;
  }
  else
  {
    return HAL_ERROR;
 8002712:	2001      	movs	r0, #1
 8002714:	e00a      	b.n	800272c <HAL_InitTick+0x3c>
    HAL_NVIC_SetPriority(SysTick_IRQn, TickPriority, 0U);
 8002716:	2200      	movs	r2, #0
 8002718:	4621      	mov	r1, r4
 800271a:	f04f 30ff 	mov.w	r0, #4294967295
 800271e:	f000 f877 	bl	8002810 <HAL_NVIC_SetPriority>
    uwTickPrio = TickPriority;
 8002722:	4b05      	ldr	r3, [pc, #20]	@ (8002738 <HAL_InitTick+0x48>)
 8002724:	601c      	str	r4, [r3, #0]
  }

  /* Return function status */
  return HAL_OK;
 8002726:	2000      	movs	r0, #0
 8002728:	e000      	b.n	800272c <HAL_InitTick+0x3c>
    return HAL_ERROR;
 800272a:	2001      	movs	r0, #1
}
 800272c:	bd10      	pop	{r4, pc}
 800272e:	bf00      	nop
 8002730:	2000000b 	.word	0x2000000b
 8002734:	20000010 	.word	0x20000010
 8002738:	2000000c 	.word	0x2000000c

0800273c <HAL_Init>:
{
 800273c:	b508      	push	{r3, lr}
  __HAL_FLASH_PREFETCH_BUFFER_ENABLE();
 800273e:	4a07      	ldr	r2, [pc, #28]	@ (800275c <HAL_Init+0x20>)
 8002740:	6813      	ldr	r3, [r2, #0]
 8002742:	f043 0310 	orr.w	r3, r3, #16
 8002746:	6013      	str	r3, [r2, #0]
  HAL_NVIC_SetPriorityGrouping(NVIC_PRIORITYGROUP_4);
 8002748:	2003      	movs	r0, #3
 800274a:	f000 f84f 	bl	80027ec <HAL_NVIC_SetPriorityGrouping>
  HAL_InitTick(TICK_INT_PRIORITY);
 800274e:	200f      	movs	r0, #15
 8002750:	f7ff ffce 	bl	80026f0 <HAL_InitTick>
  HAL_MspInit();
 8002754:	f000 fcf0 	bl	8003138 <HAL_MspInit>
}
 8002758:	2000      	movs	r0, #0
 800275a:	bd08      	pop	{r3, pc}
 800275c:	40022000 	.word	0x40022000

08002760 <HAL_IncTick>:
  *      implementations in user file.
  * @retval None
  */
__weak void HAL_IncTick(void)
{
  uwTick += uwTickFreq;
 8002760:	4a03      	ldr	r2, [pc, #12]	@ (8002770 <HAL_IncTick+0x10>)
 8002762:	6811      	ldr	r1, [r2, #0]
 8002764:	4b03      	ldr	r3, [pc, #12]	@ (8002774 <HAL_IncTick+0x14>)
 8002766:	781b      	ldrb	r3, [r3, #0]
 8002768:	440b      	add	r3, r1
 800276a:	6013      	str	r3, [r2, #0]
}
 800276c:	4770      	bx	lr
 800276e:	bf00      	nop
 8002770:	20004018 	.word	0x20004018
 8002774:	2000000b 	.word	0x2000000b

08002778 <HAL_GetTick>:
  *       implementations in user file.
  * @retval tick value
  */
__weak uint32_t HAL_GetTick(void)
{
  return uwTick;
 8002778:	4b01      	ldr	r3, [pc, #4]	@ (8002780 <HAL_GetTick+0x8>)
 800277a:	6818      	ldr	r0, [r3, #0]
}
 800277c:	4770      	bx	lr
 800277e:	bf00      	nop
 8002780:	20004018 	.word	0x20004018

08002784 <__NVIC_SetPriority>:
  \param [in]  priority  Priority to set.
  \note    The priority cannot be set for every processor exception.
 */
__STATIC_INLINE void __NVIC_SetPriority(IRQn_Type IRQn, uint32_t priority)
{
  if ((int32_t)(IRQn) >= 0)
 8002784:	2800      	cmp	r0, #0
 8002786:	db08      	blt.n	800279a <__NVIC_SetPriority+0x16>
  {
    NVIC->IP[((uint32_t)IRQn)]               = (uint8_t)((priority << (8U - __NVIC_PRIO_BITS)) & (uint32_t)0xFFUL);
 8002788:	0109      	lsls	r1, r1, #4
 800278a:	b2c9      	uxtb	r1, r1
 800278c:	f100 4060 	add.w	r0, r0, #3758096384	@ 0xe0000000
 8002790:	f500 4061 	add.w	r0, r0, #57600	@ 0xe100
 8002794:	f880 1300 	strb.w	r1, [r0, #768]	@ 0x300
 8002798:	4770      	bx	lr
  }
  else
  {
    SCB->SHP[(((uint32_t)IRQn) & 0xFUL)-4UL] = (uint8_t)((priority << (8U - __NVIC_PRIO_BITS)) & (uint32_t)0xFFUL);
 800279a:	f000 000f 	and.w	r0, r0, #15
 800279e:	0109      	lsls	r1, r1, #4
 80027a0:	b2c9      	uxtb	r1, r1
 80027a2:	4b01      	ldr	r3, [pc, #4]	@ (80027a8 <__NVIC_SetPriority+0x24>)
 80027a4:	5419      	strb	r1, [r3, r0]
  }
}
 80027a6:	4770      	bx	lr
 80027a8:	e000ed14 	.word	0xe000ed14

080027ac <NVIC_EncodePriority>:
  \param [in]   PreemptPriority  Preemptive priority value (starting from 0).
  \param [in]       SubPriority  Subpriority value (starting from 0).
  \return                        Encoded priority. Value can be used in the function \ref NVIC_SetPriority().
 */
__STATIC_INLINE uint32_t NVIC_EncodePriority (uint32_t PriorityGroup, uint32_t PreemptPriority, uint32_t SubPriority)
{
 80027ac:	b500      	push	{lr}
  uint32_t PriorityGroupTmp = (PriorityGroup & (uint32_t)0x07UL);   /* only values 0..7 are used          */
 80027ae:	f000 0007 	and.w	r0, r0, #7
  uint32_t PreemptPriorityBits;
  uint32_t SubPriorityBits;

  PreemptPriorityBits = ((7UL - PriorityGroupTmp) > (uint32_t)(__NVIC_PRIO_BITS)) ? (uint32_t)(__NVIC_PRIO_BITS) : (uint32_t)(7UL - PriorityGroupTmp);
 80027b2:	f1c0 0c07 	rsb	ip, r0, #7
 80027b6:	f1bc 0f04 	cmp.w	ip, #4
 80027ba:	bf28      	it	cs
 80027bc:	f04f 0c04 	movcs.w	ip, #4
  SubPriorityBits     = ((PriorityGroupTmp + (uint32_t)(__NVIC_PRIO_BITS)) < (uint32_t)7UL) ? (uint32_t)0UL : (uint32_t)((PriorityGroupTmp - 7UL) + (uint32_t)(__NVIC_PRIO_BITS));
 80027c0:	1d03      	adds	r3, r0, #4
 80027c2:	2b06      	cmp	r3, #6
 80027c4:	d90f      	bls.n	80027e6 <NVIC_EncodePriority+0x3a>
 80027c6:	1ec3      	subs	r3, r0, #3

  return (
           ((PreemptPriority & (uint32_t)((1UL << (PreemptPriorityBits)) - 1UL)) << SubPriorityBits) |
 80027c8:	f04f 3eff 	mov.w	lr, #4294967295
 80027cc:	fa0e f00c 	lsl.w	r0, lr, ip
 80027d0:	ea21 0100 	bic.w	r1, r1, r0
 80027d4:	4099      	lsls	r1, r3
           ((SubPriority     & (uint32_t)((1UL << (SubPriorityBits    )) - 1UL)))
 80027d6:	fa0e fe03 	lsl.w	lr, lr, r3
 80027da:	ea22 020e 	bic.w	r2, r2, lr
         );
}
 80027de:	ea41 0002 	orr.w	r0, r1, r2
 80027e2:	f85d fb04 	ldr.w	pc, [sp], #4
  SubPriorityBits     = ((PriorityGroupTmp + (uint32_t)(__NVIC_PRIO_BITS)) < (uint32_t)7UL) ? (uint32_t)0UL : (uint32_t)((PriorityGroupTmp - 7UL) + (uint32_t)(__NVIC_PRIO_BITS));
 80027e6:	2300      	movs	r3, #0
 80027e8:	e7ee      	b.n	80027c8 <NVIC_EncodePriority+0x1c>
	...

080027ec <HAL_NVIC_SetPriorityGrouping>:
  reg_value  =  SCB->AIRCR;                                                   /* read old register configuration    */
 80027ec:	4a07      	ldr	r2, [pc, #28]	@ (800280c <HAL_NVIC_SetPriorityGrouping+0x20>)
 80027ee:	68d3      	ldr	r3, [r2, #12]
  reg_value &= ~((uint32_t)(SCB_AIRCR_VECTKEY_Msk | SCB_AIRCR_PRIGROUP_Msk)); /* clear bits to change               */
 80027f0:	f423 63e0 	bic.w	r3, r3, #1792	@ 0x700
 80027f4:	041b      	lsls	r3, r3, #16
 80027f6:	0c1b      	lsrs	r3, r3, #16
                (PriorityGroupTmp << SCB_AIRCR_PRIGROUP_Pos) );               /* Insert write key and priority group */
 80027f8:	0200      	lsls	r0, r0, #8
 80027fa:	f400 60e0 	and.w	r0, r0, #1792	@ 0x700
                ((uint32_t)0x5FAUL << SCB_AIRCR_VECTKEY_Pos) |
 80027fe:	4303      	orrs	r3, r0
  reg_value  =  (reg_value                                   |
 8002800:	f043 63bf 	orr.w	r3, r3, #100139008	@ 0x5f80000
 8002804:	f443 3300 	orr.w	r3, r3, #131072	@ 0x20000
  SCB->AIRCR =  reg_value;
 8002808:	60d3      	str	r3, [r2, #12]
  /* Check the parameters */
  assert_param(IS_NVIC_PRIORITY_GROUP(PriorityGroup));
  
  /* Set the PRIGROUP[10:8] bits according to the PriorityGroup parameter value */
  NVIC_SetPriorityGrouping(PriorityGroup);
}
 800280a:	4770      	bx	lr
 800280c:	e000ed00 	.word	0xe000ed00

08002810 <HAL_NVIC_SetPriority>:
  *         This parameter can be a value between 0 and 15
  *         A lower priority value indicates a higher priority.          
  * @retval None
  */
void HAL_NVIC_SetPriority(IRQn_Type IRQn, uint32_t PreemptPriority, uint32_t SubPriority)
{ 
 8002810:	b510      	push	{r4, lr}
 8002812:	4604      	mov	r4, r0
  return ((uint32_t)((SCB->AIRCR & SCB_AIRCR_PRIGROUP_Msk) >> SCB_AIRCR_PRIGROUP_Pos));
 8002814:	4b05      	ldr	r3, [pc, #20]	@ (800282c <HAL_NVIC_SetPriority+0x1c>)
 8002816:	68d8      	ldr	r0, [r3, #12]
  assert_param(IS_NVIC_SUB_PRIORITY(SubPriority));
  assert_param(IS_NVIC_PREEMPTION_PRIORITY(PreemptPriority));
  
  prioritygroup = NVIC_GetPriorityGrouping();
  
  NVIC_SetPriority(IRQn, NVIC_EncodePriority(prioritygroup, PreemptPriority, SubPriority));
 8002818:	f3c0 2002 	ubfx	r0, r0, #8, #3
 800281c:	f7ff ffc6 	bl	80027ac <NVIC_EncodePriority>
 8002820:	4601      	mov	r1, r0
 8002822:	4620      	mov	r0, r4
 8002824:	f7ff ffae 	bl	8002784 <__NVIC_SetPriority>
}
 8002828:	bd10      	pop	{r4, pc}
 800282a:	bf00      	nop
 800282c:	e000ed00 	.word	0xe000ed00

08002830 <HAL_NVIC_EnableIRQ>:
  if ((int32_t)(IRQn) >= 0)
 8002830:	2800      	cmp	r0, #0
 8002832:	db07      	blt.n	8002844 <HAL_NVIC_EnableIRQ+0x14>
    NVIC->ISER[(((uint32_t)IRQn) >> 5UL)] = (uint32_t)(1UL << (((uint32_t)IRQn) & 0x1FUL));
 8002834:	f000 021f 	and.w	r2, r0, #31
 8002838:	0940      	lsrs	r0, r0, #5
 800283a:	2301      	movs	r3, #1
 800283c:	4093      	lsls	r3, r2
 800283e:	4a02      	ldr	r2, [pc, #8]	@ (8002848 <HAL_NVIC_EnableIRQ+0x18>)
 8002840:	f842 3020 	str.w	r3, [r2, r0, lsl #2]
  /* Check the parameters */
  assert_param(IS_NVIC_DEVICE_IRQ(IRQn));

  /* Enable interrupt */
  NVIC_EnableIRQ(IRQn);
}
 8002844:	4770      	bx	lr
 8002846:	bf00      	nop
 8002848:	e000e100 	.word	0xe000e100

0800284c <HAL_SYSTICK_Config>:
           function <b>SysTick_Config</b> is not included. In this case, the file <b><i>device</i>.h</b>
           must contain a vendor-specific implementation of this function.
 */
__STATIC_INLINE uint32_t SysTick_Config(uint32_t ticks)
{
  if ((ticks - 1UL) > SysTick_LOAD_RELOAD_Msk)
 800284c:	3801      	subs	r0, #1
 800284e:	f1b0 7f80 	cmp.w	r0, #16777216	@ 0x1000000
 8002852:	d20b      	bcs.n	800286c <HAL_SYSTICK_Config+0x20>
  {
    return (1UL);                                                   /* Reload value impossible */
  }

  SysTick->LOAD  = (uint32_t)(ticks - 1UL);                         /* set reload register */
 8002854:	f04f 23e0 	mov.w	r3, #3758153728	@ 0xe000e000
 8002858:	6158      	str	r0, [r3, #20]
    SCB->SHP[(((uint32_t)IRQn) & 0xFUL)-4UL] = (uint8_t)((priority << (8U - __NVIC_PRIO_BITS)) & (uint32_t)0xFFUL);
 800285a:	4a05      	ldr	r2, [pc, #20]	@ (8002870 <HAL_SYSTICK_Config+0x24>)
 800285c:	21f0      	movs	r1, #240	@ 0xf0
 800285e:	f882 1023 	strb.w	r1, [r2, #35]	@ 0x23
  NVIC_SetPriority (SysTick_IRQn, (1UL << __NVIC_PRIO_BITS) - 1UL); /* set Priority for Systick Interrupt */
  SysTick->VAL   = 0UL;                                             /* Load the SysTick Counter Value */
 8002862:	2000      	movs	r0, #0
 8002864:	6198      	str	r0, [r3, #24]
  SysTick->CTRL  = SysTick_CTRL_CLKSOURCE_Msk |
 8002866:	2207      	movs	r2, #7
 8002868:	611a      	str	r2, [r3, #16]
                   SysTick_CTRL_TICKINT_Msk   |
                   SysTick_CTRL_ENABLE_Msk;                         /* Enable SysTick IRQ and SysTick Timer */
  return (0UL);                                                     /* Function successful */
 800286a:	4770      	bx	lr
    return (1UL);                                                   /* Reload value impossible */
 800286c:	2001      	movs	r0, #1
  *                  - 1  Function failed.
  */
uint32_t HAL_SYSTICK_Config(uint32_t TicksNumb)
{
   return SysTick_Config(TicksNumb);
}
 800286e:	4770      	bx	lr
 8002870:	e000ed00 	.word	0xe000ed00

08002874 <DMA_SetConfig>:
  * @param  DstAddress: The destination memory Buffer address
  * @param  DataLength: The length of data to be transferred from source to destination
  * @retval HAL status
  */
static void DMA_SetConfig(DMA_HandleTypeDef *hdma, uint32_t SrcAddress, uint32_t DstAddress, uint32_t DataLength)
{
 8002874:	b430      	push	{r4, r5}
  /* Clear all flags */
  hdma->DmaBaseAddress->IFCR = (DMA_ISR_GIF1 << hdma->ChannelIndex);
 8002876:	2401      	movs	r4, #1
 8002878:	6c05      	ldr	r5, [r0, #64]	@ 0x40
 800287a:	40ac      	lsls	r4, r5
 800287c:	6bc5      	ldr	r5, [r0, #60]	@ 0x3c
 800287e:	606c      	str	r4, [r5, #4]

  /* Configure DMA Channel data length */
  hdma->Instance->CNDTR = DataLength;
 8002880:	6804      	ldr	r4, [r0, #0]
 8002882:	6063      	str	r3, [r4, #4]

  /* Memory to Peripheral */
  if((hdma->Init.Direction) == DMA_MEMORY_TO_PERIPH)
 8002884:	6843      	ldr	r3, [r0, #4]
 8002886:	2b10      	cmp	r3, #16
 8002888:	d005      	beq.n	8002896 <DMA_SetConfig+0x22>
  }
  /* Peripheral to Memory */
  else
  {
    /* Configure DMA Channel source address */
    hdma->Instance->CPAR = SrcAddress;
 800288a:	6803      	ldr	r3, [r0, #0]
 800288c:	6099      	str	r1, [r3, #8]

    /* Configure DMA Channel destination address */
    hdma->Instance->CMAR = DstAddress;
 800288e:	6803      	ldr	r3, [r0, #0]
 8002890:	60da      	str	r2, [r3, #12]
  }
}
 8002892:	bc30      	pop	{r4, r5}
 8002894:	4770      	bx	lr
    hdma->Instance->CPAR = DstAddress;
 8002896:	6803      	ldr	r3, [r0, #0]
 8002898:	609a      	str	r2, [r3, #8]
    hdma->Instance->CMAR = SrcAddress;
 800289a:	6803      	ldr	r3, [r0, #0]
 800289c:	60d9      	str	r1, [r3, #12]
 800289e:	e7f8      	b.n	8002892 <DMA_SetConfig+0x1e>

080028a0 <HAL_DMA_Init>:
  if(hdma == NULL)
 80028a0:	b360      	cbz	r0, 80028fc <HAL_DMA_Init+0x5c>
{
 80028a2:	b410      	push	{r4}
 80028a4:	4602      	mov	r2, r0
  hdma->ChannelIndex = (((uint32_t)hdma->Instance - (uint32_t)DMA1_Channel1) / ((uint32_t)DMA1_Channel2 - (uint32_t)DMA1_Channel1)) << 2;
 80028a6:	6801      	ldr	r1, [r0, #0]
 80028a8:	4b15      	ldr	r3, [pc, #84]	@ (8002900 <HAL_DMA_Init+0x60>)
 80028aa:	440b      	add	r3, r1
 80028ac:	4815      	ldr	r0, [pc, #84]	@ (8002904 <HAL_DMA_Init+0x64>)
 80028ae:	fba0 0303 	umull	r0, r3, r0, r3
 80028b2:	091b      	lsrs	r3, r3, #4
 80028b4:	009b      	lsls	r3, r3, #2
 80028b6:	6413      	str	r3, [r2, #64]	@ 0x40
  hdma->DmaBaseAddress = DMA1;
 80028b8:	4b13      	ldr	r3, [pc, #76]	@ (8002908 <HAL_DMA_Init+0x68>)
 80028ba:	63d3      	str	r3, [r2, #60]	@ 0x3c
  hdma->State = HAL_DMA_STATE_BUSY;
 80028bc:	2302      	movs	r3, #2
 80028be:	f882 3021 	strb.w	r3, [r2, #33]	@ 0x21
  tmp = hdma->Instance->CCR;
 80028c2:	6808      	ldr	r0, [r1, #0]
  tmp &= ((uint32_t)~(DMA_CCR_PL    | DMA_CCR_MSIZE  | DMA_CCR_PSIZE  | \
 80028c4:	f420 507f 	bic.w	r0, r0, #16320	@ 0x3fc0
 80028c8:	f020 0030 	bic.w	r0, r0, #48	@ 0x30
  tmp |=  hdma->Init.Direction        |
 80028cc:	6853      	ldr	r3, [r2, #4]
 80028ce:	6894      	ldr	r4, [r2, #8]
 80028d0:	4323      	orrs	r3, r4
          hdma->Init.PeriphInc           | hdma->Init.MemInc           |
 80028d2:	68d4      	ldr	r4, [r2, #12]
 80028d4:	4323      	orrs	r3, r4
 80028d6:	6914      	ldr	r4, [r2, #16]
 80028d8:	4323      	orrs	r3, r4
          hdma->Init.PeriphDataAlignment | hdma->Init.MemDataAlignment |
 80028da:	6954      	ldr	r4, [r2, #20]
 80028dc:	4323      	orrs	r3, r4
 80028de:	6994      	ldr	r4, [r2, #24]
 80028e0:	4323      	orrs	r3, r4
          hdma->Init.Mode                | hdma->Init.Priority;
 80028e2:	69d4      	ldr	r4, [r2, #28]
 80028e4:	4323      	orrs	r3, r4
  tmp |=  hdma->Init.Direction        |
 80028e6:	4303      	orrs	r3, r0
  hdma->Instance->CCR = tmp;
 80028e8:	600b      	str	r3, [r1, #0]
  hdma->ErrorCode = HAL_DMA_ERROR_NONE;
 80028ea:	2000      	movs	r0, #0
 80028ec:	6390      	str	r0, [r2, #56]	@ 0x38
  hdma->State = HAL_DMA_STATE_READY;
 80028ee:	2301      	movs	r3, #1
 80028f0:	f882 3021 	strb.w	r3, [r2, #33]	@ 0x21
  hdma->Lock = HAL_UNLOCKED;
 80028f4:	f882 0020 	strb.w	r0, [r2, #32]
}
 80028f8:	bc10      	pop	{r4}
 80028fa:	4770      	bx	lr
    return HAL_ERROR;
 80028fc:	2001      	movs	r0, #1
}
 80028fe:	4770      	bx	lr
 8002900:	bffdfff8 	.word	0xbffdfff8
 8002904:	cccccccd 	.word	0xcccccccd
 8002908:	40020000 	.word	0x40020000

0800290c <HAL_DMA_Start>:
{
 800290c:	b570      	push	{r4, r5, r6, lr}
 800290e:	4604      	mov	r4, r0
  __HAL_LOCK(hdma);
 8002910:	f890 0020 	ldrb.w	r0, [r0, #32]
 8002914:	2801      	cmp	r0, #1
 8002916:	d020      	beq.n	800295a <HAL_DMA_Start+0x4e>
 8002918:	2001      	movs	r0, #1
 800291a:	f884 0020 	strb.w	r0, [r4, #32]
  if(HAL_DMA_STATE_READY == hdma->State)
 800291e:	f894 0021 	ldrb.w	r0, [r4, #33]	@ 0x21
 8002922:	b2c0      	uxtb	r0, r0
 8002924:	2801      	cmp	r0, #1
 8002926:	d004      	beq.n	8002932 <HAL_DMA_Start+0x26>
   __HAL_UNLOCK(hdma);  
 8002928:	2300      	movs	r3, #0
 800292a:	f884 3020 	strb.w	r3, [r4, #32]
   status = HAL_BUSY;
 800292e:	2002      	movs	r0, #2
}
 8002930:	bd70      	pop	{r4, r5, r6, pc}
    hdma->State = HAL_DMA_STATE_BUSY;
 8002932:	2002      	movs	r0, #2
 8002934:	f884 0021 	strb.w	r0, [r4, #33]	@ 0x21
    hdma->ErrorCode = HAL_DMA_ERROR_NONE;
 8002938:	2500      	movs	r5, #0
 800293a:	63a5      	str	r5, [r4, #56]	@ 0x38
    __HAL_DMA_DISABLE(hdma);
 800293c:	6826      	ldr	r6, [r4, #0]
 800293e:	6830      	ldr	r0, [r6, #0]
 8002940:	f020 0001 	bic.w	r0, r0, #1
 8002944:	6030      	str	r0, [r6, #0]
    DMA_SetConfig(hdma, SrcAddress, DstAddress, DataLength);
 8002946:	4620      	mov	r0, r4
 8002948:	f7ff ff94 	bl	8002874 <DMA_SetConfig>
    __HAL_DMA_ENABLE(hdma);
 800294c:	6822      	ldr	r2, [r4, #0]
 800294e:	6813      	ldr	r3, [r2, #0]
 8002950:	f043 0301 	orr.w	r3, r3, #1
 8002954:	6013      	str	r3, [r2, #0]
  HAL_StatusTypeDef status = HAL_OK;
 8002956:	4628      	mov	r0, r5
 8002958:	e7ea      	b.n	8002930 <HAL_DMA_Start+0x24>
  __HAL_LOCK(hdma);
 800295a:	2002      	movs	r0, #2
 800295c:	e7e8      	b.n	8002930 <HAL_DMA_Start+0x24>

0800295e <HAL_DMA_Start_IT>:
{
 800295e:	b538      	push	{r3, r4, r5, lr}
 8002960:	4604      	mov	r4, r0
  __HAL_LOCK(hdma);
 8002962:	f890 0020 	ldrb.w	r0, [r0, #32]
 8002966:	2801      	cmp	r0, #1
 8002968:	d032      	beq.n	80029d0 <HAL_DMA_Start_IT+0x72>
 800296a:	2001      	movs	r0, #1
 800296c:	f884 0020 	strb.w	r0, [r4, #32]
  if(HAL_DMA_STATE_READY == hdma->State)
 8002970:	f894 0021 	ldrb.w	r0, [r4, #33]	@ 0x21
 8002974:	b2c0      	uxtb	r0, r0
 8002976:	2801      	cmp	r0, #1
 8002978:	d004      	beq.n	8002984 <HAL_DMA_Start_IT+0x26>
    __HAL_UNLOCK(hdma); 
 800297a:	2300      	movs	r3, #0
 800297c:	f884 3020 	strb.w	r3, [r4, #32]
    status = HAL_BUSY;
 8002980:	2002      	movs	r0, #2
}
 8002982:	bd38      	pop	{r3, r4, r5, pc}
    hdma->State = HAL_DMA_STATE_BUSY;
 8002984:	2002      	movs	r0, #2
 8002986:	f884 0021 	strb.w	r0, [r4, #33]	@ 0x21
    hdma->ErrorCode = HAL_DMA_ERROR_NONE;
 800298a:	2000      	movs	r0, #0
 800298c:	63a0      	str	r0, [r4, #56]	@ 0x38
    __HAL_DMA_DISABLE(hdma);
 800298e:	6825      	ldr	r5, [r4, #0]
 8002990:	6828      	ldr	r0, [r5, #0]
 8002992:	f020 0001 	bic.w	r0, r0, #1
 8002996:	6028      	str	r0, [r5, #0]
    DMA_SetConfig(hdma, SrcAddress, DstAddress, DataLength);
 8002998:	4620      	mov	r0, r4
 800299a:	f7ff ff6b 	bl	8002874 <DMA_SetConfig>
    if(NULL != hdma->XferHalfCpltCallback)
 800299e:	6ae3      	ldr	r3, [r4, #44]	@ 0x2c
 80029a0:	b15b      	cbz	r3, 80029ba <HAL_DMA_Start_IT+0x5c>
      __HAL_DMA_ENABLE_IT(hdma, (DMA_IT_TC | DMA_IT_HT | DMA_IT_TE));
 80029a2:	6822      	ldr	r2, [r4, #0]
 80029a4:	6813      	ldr	r3, [r2, #0]
 80029a6:	f043 030e 	orr.w	r3, r3, #14
 80029aa:	6013      	str	r3, [r2, #0]
    __HAL_DMA_ENABLE(hdma);
 80029ac:	6822      	ldr	r2, [r4, #0]
 80029ae:	6813      	ldr	r3, [r2, #0]
 80029b0:	f043 0301 	orr.w	r3, r3, #1
 80029b4:	6013      	str	r3, [r2, #0]
  HAL_StatusTypeDef status = HAL_OK;
 80029b6:	2000      	movs	r0, #0
 80029b8:	e7e3      	b.n	8002982 <HAL_DMA_Start_IT+0x24>
      __HAL_DMA_DISABLE_IT(hdma, DMA_IT_HT);
 80029ba:	6822      	ldr	r2, [r4, #0]
 80029bc:	6813      	ldr	r3, [r2, #0]
 80029be:	f023 0304 	bic.w	r3, r3, #4
 80029c2:	6013      	str	r3, [r2, #0]
      __HAL_DMA_ENABLE_IT(hdma, (DMA_IT_TC | DMA_IT_TE));
 80029c4:	6822      	ldr	r2, [r4, #0]
 80029c6:	6813      	ldr	r3, [r2, #0]
 80029c8:	f043 030a 	orr.w	r3, r3, #10
 80029cc:	6013      	str	r3, [r2, #0]
 80029ce:	e7ed      	b.n	80029ac <HAL_DMA_Start_IT+0x4e>
  __HAL_LOCK(hdma);
 80029d0:	2002      	movs	r0, #2
 80029d2:	e7d6      	b.n	8002982 <HAL_DMA_Start_IT+0x24>

080029d4 <HAL_DMA_Abort>:
{
 80029d4:	4603      	mov	r3, r0
  if(hdma->State != HAL_DMA_STATE_BUSY)
 80029d6:	f890 2021 	ldrb.w	r2, [r0, #33]	@ 0x21
 80029da:	b2d2      	uxtb	r2, r2
 80029dc:	2a02      	cmp	r2, #2
 80029de:	d006      	beq.n	80029ee <HAL_DMA_Abort+0x1a>
    hdma->ErrorCode = HAL_DMA_ERROR_NO_XFER;
 80029e0:	2204      	movs	r2, #4
 80029e2:	6382      	str	r2, [r0, #56]	@ 0x38
    __HAL_UNLOCK(hdma);
 80029e4:	2200      	movs	r2, #0
 80029e6:	f880 2020 	strb.w	r2, [r0, #32]
    return HAL_ERROR;
 80029ea:	2001      	movs	r0, #1
 80029ec:	4770      	bx	lr
    __HAL_DMA_DISABLE_IT(hdma, (DMA_IT_TC | DMA_IT_HT | DMA_IT_TE));
 80029ee:	6801      	ldr	r1, [r0, #0]
 80029f0:	680a      	ldr	r2, [r1, #0]
 80029f2:	f022 020e 	bic.w	r2, r2, #14
 80029f6:	600a      	str	r2, [r1, #0]
    __HAL_DMA_DISABLE(hdma);
 80029f8:	6801      	ldr	r1, [r0, #0]
 80029fa:	680a      	ldr	r2, [r1, #0]
 80029fc:	f022 0201 	bic.w	r2, r2, #1
 8002a00:	600a      	str	r2, [r1, #0]
    hdma->DmaBaseAddress->IFCR = (DMA_ISR_GIF1 << hdma->ChannelIndex);
 8002a02:	6c02      	ldr	r2, [r0, #64]	@ 0x40
 8002a04:	6bc0      	ldr	r0, [r0, #60]	@ 0x3c
 8002a06:	2101      	movs	r1, #1
 8002a08:	fa01 f202 	lsl.w	r2, r1, r2
 8002a0c:	6042      	str	r2, [r0, #4]
  hdma->State = HAL_DMA_STATE_READY;
 8002a0e:	f883 1021 	strb.w	r1, [r3, #33]	@ 0x21
  __HAL_UNLOCK(hdma);      
 8002a12:	2000      	movs	r0, #0
 8002a14:	f883 0020 	strb.w	r0, [r3, #32]
}
 8002a18:	4770      	bx	lr
	...

08002a1c <HAL_DMA_Abort_IT>:
{  
 8002a1c:	b508      	push	{r3, lr}
  if(HAL_DMA_STATE_BUSY != hdma->State)
 8002a1e:	f890 3021 	ldrb.w	r3, [r0, #33]	@ 0x21
 8002a22:	b2db      	uxtb	r3, r3
 8002a24:	2b02      	cmp	r3, #2
 8002a26:	d003      	beq.n	8002a30 <HAL_DMA_Abort_IT+0x14>
    hdma->ErrorCode = HAL_DMA_ERROR_NO_XFER;
 8002a28:	2304      	movs	r3, #4
 8002a2a:	6383      	str	r3, [r0, #56]	@ 0x38
    status = HAL_ERROR;
 8002a2c:	2001      	movs	r0, #1
}
 8002a2e:	bd08      	pop	{r3, pc}
    __HAL_DMA_DISABLE_IT(hdma, (DMA_IT_TC | DMA_IT_HT | DMA_IT_TE));
 8002a30:	6802      	ldr	r2, [r0, #0]
 8002a32:	6813      	ldr	r3, [r2, #0]
 8002a34:	f023 030e 	bic.w	r3, r3, #14
 8002a38:	6013      	str	r3, [r2, #0]
    __HAL_DMA_DISABLE(hdma);
 8002a3a:	6802      	ldr	r2, [r0, #0]
 8002a3c:	6813      	ldr	r3, [r2, #0]
 8002a3e:	f023 0301 	bic.w	r3, r3, #1
 8002a42:	6013      	str	r3, [r2, #0]
    __HAL_DMA_CLEAR_FLAG(hdma, __HAL_DMA_GET_GI_FLAG_INDEX(hdma));
 8002a44:	6803      	ldr	r3, [r0, #0]
 8002a46:	4a19      	ldr	r2, [pc, #100]	@ (8002aac <HAL_DMA_Abort_IT+0x90>)
 8002a48:	4293      	cmp	r3, r2
 8002a4a:	d014      	beq.n	8002a76 <HAL_DMA_Abort_IT+0x5a>
 8002a4c:	3214      	adds	r2, #20
 8002a4e:	4293      	cmp	r3, r2
 8002a50:	d01f      	beq.n	8002a92 <HAL_DMA_Abort_IT+0x76>
 8002a52:	3214      	adds	r2, #20
 8002a54:	4293      	cmp	r3, r2
 8002a56:	d01e      	beq.n	8002a96 <HAL_DMA_Abort_IT+0x7a>
 8002a58:	3214      	adds	r2, #20
 8002a5a:	4293      	cmp	r3, r2
 8002a5c:	d01e      	beq.n	8002a9c <HAL_DMA_Abort_IT+0x80>
 8002a5e:	3214      	adds	r2, #20
 8002a60:	4293      	cmp	r3, r2
 8002a62:	d01e      	beq.n	8002aa2 <HAL_DMA_Abort_IT+0x86>
 8002a64:	3214      	adds	r2, #20
 8002a66:	4293      	cmp	r3, r2
 8002a68:	d002      	beq.n	8002a70 <HAL_DMA_Abort_IT+0x54>
 8002a6a:	f04f 7280 	mov.w	r2, #16777216	@ 0x1000000
 8002a6e:	e003      	b.n	8002a78 <HAL_DMA_Abort_IT+0x5c>
 8002a70:	f44f 1280 	mov.w	r2, #1048576	@ 0x100000
 8002a74:	e000      	b.n	8002a78 <HAL_DMA_Abort_IT+0x5c>
 8002a76:	2201      	movs	r2, #1
 8002a78:	4b0d      	ldr	r3, [pc, #52]	@ (8002ab0 <HAL_DMA_Abort_IT+0x94>)
 8002a7a:	605a      	str	r2, [r3, #4]
    hdma->State = HAL_DMA_STATE_READY;
 8002a7c:	2301      	movs	r3, #1
 8002a7e:	f880 3021 	strb.w	r3, [r0, #33]	@ 0x21
    __HAL_UNLOCK(hdma);
 8002a82:	2300      	movs	r3, #0
 8002a84:	f880 3020 	strb.w	r3, [r0, #32]
    if(hdma->XferAbortCallback != NULL)
 8002a88:	6b43      	ldr	r3, [r0, #52]	@ 0x34
 8002a8a:	b16b      	cbz	r3, 8002aa8 <HAL_DMA_Abort_IT+0x8c>
      hdma->XferAbortCallback(hdma);
 8002a8c:	4798      	blx	r3
  HAL_StatusTypeDef status = HAL_OK;
 8002a8e:	2000      	movs	r0, #0
 8002a90:	e7cd      	b.n	8002a2e <HAL_DMA_Abort_IT+0x12>
    __HAL_DMA_CLEAR_FLAG(hdma, __HAL_DMA_GET_GI_FLAG_INDEX(hdma));
 8002a92:	2210      	movs	r2, #16
 8002a94:	e7f0      	b.n	8002a78 <HAL_DMA_Abort_IT+0x5c>
 8002a96:	f44f 7280 	mov.w	r2, #256	@ 0x100
 8002a9a:	e7ed      	b.n	8002a78 <HAL_DMA_Abort_IT+0x5c>
 8002a9c:	f44f 5280 	mov.w	r2, #4096	@ 0x1000
 8002aa0:	e7ea      	b.n	8002a78 <HAL_DMA_Abort_IT+0x5c>
 8002aa2:	f44f 3280 	mov.w	r2, #65536	@ 0x10000
 8002aa6:	e7e7      	b.n	8002a78 <HAL_DMA_Abort_IT+0x5c>
  HAL_StatusTypeDef status = HAL_OK;
 8002aa8:	2000      	movs	r0, #0
 8002aaa:	e7c0      	b.n	8002a2e <HAL_DMA_Abort_IT+0x12>
 8002aac:	40020008 	.word	0x40020008
 8002ab0:	40020000 	.word	0x40020000

08002ab4 <HAL_DMA_IRQHandler>:
{
 8002ab4:	b538      	push	{r3, r4, r5, lr}
  uint32_t flag_it = hdma->DmaBaseAddress->ISR;
 8002ab6:	6bc3      	ldr	r3, [r0, #60]	@ 0x3c
 8002ab8:	681a      	ldr	r2, [r3, #0]
  uint32_t source_it = hdma->Instance->CCR;
 8002aba:	6804      	ldr	r4, [r0, #0]
 8002abc:	6825      	ldr	r5, [r4, #0]
  if (((flag_it & (DMA_FLAG_HT1 << hdma->ChannelIndex)) != RESET) && ((source_it & DMA_IT_HT) != RESET))
 8002abe:	6c01      	ldr	r1, [r0, #64]	@ 0x40
 8002ac0:	2304      	movs	r3, #4
 8002ac2:	408b      	lsls	r3, r1
 8002ac4:	4213      	tst	r3, r2
 8002ac6:	d035      	beq.n	8002b34 <HAL_DMA_IRQHandler+0x80>
 8002ac8:	f015 0f04 	tst.w	r5, #4
 8002acc:	d032      	beq.n	8002b34 <HAL_DMA_IRQHandler+0x80>
    if((hdma->Instance->CCR & DMA_CCR_CIRC) == 0U)
 8002ace:	6823      	ldr	r3, [r4, #0]
 8002ad0:	f013 0f20 	tst.w	r3, #32
 8002ad4:	d103      	bne.n	8002ade <HAL_DMA_IRQHandler+0x2a>
      __HAL_DMA_DISABLE_IT(hdma, DMA_IT_HT);
 8002ad6:	6823      	ldr	r3, [r4, #0]
 8002ad8:	f023 0304 	bic.w	r3, r3, #4
 8002adc:	6023      	str	r3, [r4, #0]
    __HAL_DMA_CLEAR_FLAG(hdma, __HAL_DMA_GET_HT_FLAG_INDEX(hdma));
 8002ade:	6803      	ldr	r3, [r0, #0]
 8002ae0:	4a43      	ldr	r2, [pc, #268]	@ (8002bf0 <HAL_DMA_IRQHandler+0x13c>)
 8002ae2:	4293      	cmp	r3, r2
 8002ae4:	d014      	beq.n	8002b10 <HAL_DMA_IRQHandler+0x5c>
 8002ae6:	3214      	adds	r2, #20
 8002ae8:	4293      	cmp	r3, r2
 8002aea:	d018      	beq.n	8002b1e <HAL_DMA_IRQHandler+0x6a>
 8002aec:	3214      	adds	r2, #20
 8002aee:	4293      	cmp	r3, r2
 8002af0:	d017      	beq.n	8002b22 <HAL_DMA_IRQHandler+0x6e>
 8002af2:	3214      	adds	r2, #20
 8002af4:	4293      	cmp	r3, r2
 8002af6:	d017      	beq.n	8002b28 <HAL_DMA_IRQHandler+0x74>
 8002af8:	3214      	adds	r2, #20
 8002afa:	4293      	cmp	r3, r2
 8002afc:	d017      	beq.n	8002b2e <HAL_DMA_IRQHandler+0x7a>
 8002afe:	3214      	adds	r2, #20
 8002b00:	4293      	cmp	r3, r2
 8002b02:	d002      	beq.n	8002b0a <HAL_DMA_IRQHandler+0x56>
 8002b04:	f04f 6280 	mov.w	r2, #67108864	@ 0x4000000
 8002b08:	e003      	b.n	8002b12 <HAL_DMA_IRQHandler+0x5e>
 8002b0a:	f44f 0280 	mov.w	r2, #4194304	@ 0x400000
 8002b0e:	e000      	b.n	8002b12 <HAL_DMA_IRQHandler+0x5e>
 8002b10:	2204      	movs	r2, #4
 8002b12:	4b38      	ldr	r3, [pc, #224]	@ (8002bf4 <HAL_DMA_IRQHandler+0x140>)
 8002b14:	605a      	str	r2, [r3, #4]
    if(hdma->XferHalfCpltCallback != NULL)
 8002b16:	6ac3      	ldr	r3, [r0, #44]	@ 0x2c
 8002b18:	b103      	cbz	r3, 8002b1c <HAL_DMA_IRQHandler+0x68>
      hdma->XferHalfCpltCallback(hdma);
 8002b1a:	4798      	blx	r3
}
 8002b1c:	bd38      	pop	{r3, r4, r5, pc}
    __HAL_DMA_CLEAR_FLAG(hdma, __HAL_DMA_GET_HT_FLAG_INDEX(hdma));
 8002b1e:	2240      	movs	r2, #64	@ 0x40
 8002b20:	e7f7      	b.n	8002b12 <HAL_DMA_IRQHandler+0x5e>
 8002b22:	f44f 6280 	mov.w	r2, #1024	@ 0x400
 8002b26:	e7f4      	b.n	8002b12 <HAL_DMA_IRQHandler+0x5e>
 8002b28:	f44f 4280 	mov.w	r2, #16384	@ 0x4000
 8002b2c:	e7f1      	b.n	8002b12 <HAL_DMA_IRQHandler+0x5e>
 8002b2e:	f44f 2280 	mov.w	r2, #262144	@ 0x40000
 8002b32:	e7ee      	b.n	8002b12 <HAL_DMA_IRQHandler+0x5e>
  else if (((flag_it & (DMA_FLAG_TC1 << hdma->ChannelIndex)) != RESET) && ((source_it & DMA_IT_TC) != RESET))
 8002b34:	2302      	movs	r3, #2
 8002b36:	408b      	lsls	r3, r1
 8002b38:	4213      	tst	r3, r2
 8002b3a:	d03c      	beq.n	8002bb6 <HAL_DMA_IRQHandler+0x102>
 8002b3c:	f015 0f02 	tst.w	r5, #2
 8002b40:	d039      	beq.n	8002bb6 <HAL_DMA_IRQHandler+0x102>
    if((hdma->Instance->CCR & DMA_CCR_CIRC) == 0U)
 8002b42:	6823      	ldr	r3, [r4, #0]
 8002b44:	f013 0f20 	tst.w	r3, #32
 8002b48:	d106      	bne.n	8002b58 <HAL_DMA_IRQHandler+0xa4>
      __HAL_DMA_DISABLE_IT(hdma, DMA_IT_TE | DMA_IT_TC);  
 8002b4a:	6823      	ldr	r3, [r4, #0]
 8002b4c:	f023 030a 	bic.w	r3, r3, #10
 8002b50:	6023      	str	r3, [r4, #0]
      hdma->State = HAL_DMA_STATE_READY;
 8002b52:	2301      	movs	r3, #1
 8002b54:	f880 3021 	strb.w	r3, [r0, #33]	@ 0x21
      __HAL_DMA_CLEAR_FLAG(hdma, __HAL_DMA_GET_TC_FLAG_INDEX(hdma));
 8002b58:	6803      	ldr	r3, [r0, #0]
 8002b5a:	4a25      	ldr	r2, [pc, #148]	@ (8002bf0 <HAL_DMA_IRQHandler+0x13c>)
 8002b5c:	4293      	cmp	r3, r2
 8002b5e:	d014      	beq.n	8002b8a <HAL_DMA_IRQHandler+0xd6>
 8002b60:	3214      	adds	r2, #20
 8002b62:	4293      	cmp	r3, r2
 8002b64:	d01c      	beq.n	8002ba0 <HAL_DMA_IRQHandler+0xec>
 8002b66:	3214      	adds	r2, #20
 8002b68:	4293      	cmp	r3, r2
 8002b6a:	d01b      	beq.n	8002ba4 <HAL_DMA_IRQHandler+0xf0>
 8002b6c:	3214      	adds	r2, #20
 8002b6e:	4293      	cmp	r3, r2
 8002b70:	d01b      	beq.n	8002baa <HAL_DMA_IRQHandler+0xf6>
 8002b72:	3214      	adds	r2, #20
 8002b74:	4293      	cmp	r3, r2
 8002b76:	d01b      	beq.n	8002bb0 <HAL_DMA_IRQHandler+0xfc>
 8002b78:	3214      	adds	r2, #20
 8002b7a:	4293      	cmp	r3, r2
 8002b7c:	d002      	beq.n	8002b84 <HAL_DMA_IRQHandler+0xd0>
 8002b7e:	f04f 7200 	mov.w	r2, #33554432	@ 0x2000000
 8002b82:	e003      	b.n	8002b8c <HAL_DMA_IRQHandler+0xd8>
 8002b84:	f44f 1200 	mov.w	r2, #2097152	@ 0x200000
 8002b88:	e000      	b.n	8002b8c <HAL_DMA_IRQHandler+0xd8>
 8002b8a:	2202      	movs	r2, #2
 8002b8c:	4b19      	ldr	r3, [pc, #100]	@ (8002bf4 <HAL_DMA_IRQHandler+0x140>)
 8002b8e:	605a      	str	r2, [r3, #4]
    __HAL_UNLOCK(hdma);
 8002b90:	2300      	movs	r3, #0
 8002b92:	f880 3020 	strb.w	r3, [r0, #32]
    if(hdma->XferCpltCallback != NULL)
 8002b96:	6a83      	ldr	r3, [r0, #40]	@ 0x28
 8002b98:	2b00      	cmp	r3, #0
 8002b9a:	d0bf      	beq.n	8002b1c <HAL_DMA_IRQHandler+0x68>
      hdma->XferCpltCallback(hdma);
 8002b9c:	4798      	blx	r3
 8002b9e:	e7bd      	b.n	8002b1c <HAL_DMA_IRQHandler+0x68>
      __HAL_DMA_CLEAR_FLAG(hdma, __HAL_DMA_GET_TC_FLAG_INDEX(hdma));
 8002ba0:	2220      	movs	r2, #32
 8002ba2:	e7f3      	b.n	8002b8c <HAL_DMA_IRQHandler+0xd8>
 8002ba4:	f44f 7200 	mov.w	r2, #512	@ 0x200
 8002ba8:	e7f0      	b.n	8002b8c <HAL_DMA_IRQHandler+0xd8>
 8002baa:	f44f 5200 	mov.w	r2, #8192	@ 0x2000
 8002bae:	e7ed      	b.n	8002b8c <HAL_DMA_IRQHandler+0xd8>
 8002bb0:	f44f 3200 	mov.w	r2, #131072	@ 0x20000
 8002bb4:	e7ea      	b.n	8002b8c <HAL_DMA_IRQHandler+0xd8>
  else if (( RESET != (flag_it & (DMA_FLAG_TE1 << hdma->ChannelIndex))) && (RESET != (source_it & DMA_IT_TE)))
 8002bb6:	2308      	movs	r3, #8
 8002bb8:	408b      	lsls	r3, r1
 8002bba:	4213      	tst	r3, r2
 8002bbc:	d0ae      	beq.n	8002b1c <HAL_DMA_IRQHandler+0x68>
 8002bbe:	f015 0f08 	tst.w	r5, #8
 8002bc2:	d0ab      	beq.n	8002b1c <HAL_DMA_IRQHandler+0x68>
    __HAL_DMA_DISABLE_IT(hdma, (DMA_IT_TC | DMA_IT_HT | DMA_IT_TE));
 8002bc4:	6823      	ldr	r3, [r4, #0]
 8002bc6:	f023 030e 	bic.w	r3, r3, #14
 8002bca:	6023      	str	r3, [r4, #0]
    hdma->DmaBaseAddress->IFCR = (DMA_ISR_GIF1 << hdma->ChannelIndex);
 8002bcc:	6c02      	ldr	r2, [r0, #64]	@ 0x40
 8002bce:	6bc1      	ldr	r1, [r0, #60]	@ 0x3c
 8002bd0:	2301      	movs	r3, #1
 8002bd2:	fa03 f202 	lsl.w	r2, r3, r2
 8002bd6:	604a      	str	r2, [r1, #4]
    hdma->ErrorCode = HAL_DMA_ERROR_TE;
 8002bd8:	6383      	str	r3, [r0, #56]	@ 0x38
    hdma->State = HAL_DMA_STATE_READY;
 8002bda:	f880 3021 	strb.w	r3, [r0, #33]	@ 0x21
    __HAL_UNLOCK(hdma);
 8002bde:	2300      	movs	r3, #0
 8002be0:	f880 3020 	strb.w	r3, [r0, #32]
    if (hdma->XferErrorCallback != NULL)
 8002be4:	6b03      	ldr	r3, [r0, #48]	@ 0x30
 8002be6:	2b00      	cmp	r3, #0
 8002be8:	d098      	beq.n	8002b1c <HAL_DMA_IRQHandler+0x68>
      hdma->XferErrorCallback(hdma);
 8002bea:	4798      	blx	r3
  return;
 8002bec:	e796      	b.n	8002b1c <HAL_DMA_IRQHandler+0x68>
 8002bee:	bf00      	nop
 8002bf0:	40020008 	.word	0x40020008
 8002bf4:	40020000 	.word	0x40020000

08002bf8 <FLASH_Program_HalfWord>:
  * @retval None
  */
static void FLASH_Program_HalfWord(uint32_t Address, uint16_t Data)
{
  /* Clean the error context */
  pFlash.ErrorCode = HAL_FLASH_ERROR_NONE;
 8002bf8:	4b04      	ldr	r3, [pc, #16]	@ (8002c0c <FLASH_Program_HalfWord+0x14>)
 8002bfa:	2200      	movs	r2, #0
 8002bfc:	61da      	str	r2, [r3, #28]
#if defined(FLASH_BANK2_END)
  if(Address <= FLASH_BANK1_END)
  {
#endif /* FLASH_BANK2_END */
    /* Proceed to program the new data */
    SET_BIT(FLASH->CR, FLASH_CR_PG);
 8002bfe:	4a04      	ldr	r2, [pc, #16]	@ (8002c10 <FLASH_Program_HalfWord+0x18>)
 8002c00:	6913      	ldr	r3, [r2, #16]
 8002c02:	f043 0301 	orr.w	r3, r3, #1
 8002c06:	6113      	str	r3, [r2, #16]
    SET_BIT(FLASH->CR2, FLASH_CR2_PG);
  }
#endif /* FLASH_BANK2_END */

  /* Write data in the address */
  *(__IO uint16_t*)Address = Data;
 8002c08:	8001      	strh	r1, [r0, #0]
}
 8002c0a:	4770      	bx	lr
 8002c0c:	20004020 	.word	0x20004020
 8002c10:	40022000 	.word	0x40022000

08002c14 <FLASH_SetErrorCode>:
  uint32_t flags = 0U;
  
#if defined(FLASH_BANK2_END)
  if(__HAL_FLASH_GET_FLAG(FLASH_FLAG_WRPERR) || __HAL_FLASH_GET_FLAG(FLASH_FLAG_WRPERR_BANK2))
#else
  if(__HAL_FLASH_GET_FLAG(FLASH_FLAG_WRPERR))
 8002c14:	4b19      	ldr	r3, [pc, #100]	@ (8002c7c <FLASH_SetErrorCode+0x68>)
 8002c16:	68db      	ldr	r3, [r3, #12]
 8002c18:	f013 0310 	ands.w	r3, r3, #16
 8002c1c:	d005      	beq.n	8002c2a <FLASH_SetErrorCode+0x16>
#endif /* FLASH_BANK2_END */
  {
    pFlash.ErrorCode |= HAL_FLASH_ERROR_WRP;
 8002c1e:	4a18      	ldr	r2, [pc, #96]	@ (8002c80 <FLASH_SetErrorCode+0x6c>)
 8002c20:	69d3      	ldr	r3, [r2, #28]
 8002c22:	f043 0302 	orr.w	r3, r3, #2
 8002c26:	61d3      	str	r3, [r2, #28]
#if defined(FLASH_BANK2_END)
    flags |= FLASH_FLAG_WRPERR | FLASH_FLAG_WRPERR_BANK2;
#else
    flags |= FLASH_FLAG_WRPERR;
 8002c28:	2310      	movs	r3, #16
#endif /* FLASH_BANK2_END */
  }
#if defined(FLASH_BANK2_END)
  if(__HAL_FLASH_GET_FLAG(FLASH_FLAG_PGERR) || __HAL_FLASH_GET_FLAG(FLASH_FLAG_PGERR_BANK2))
#else
  if(__HAL_FLASH_GET_FLAG(FLASH_FLAG_PGERR))
 8002c2a:	4a14      	ldr	r2, [pc, #80]	@ (8002c7c <FLASH_SetErrorCode+0x68>)
 8002c2c:	68d2      	ldr	r2, [r2, #12]
 8002c2e:	f012 0f04 	tst.w	r2, #4
 8002c32:	d006      	beq.n	8002c42 <FLASH_SetErrorCode+0x2e>
#endif /* FLASH_BANK2_END */
  {
    pFlash.ErrorCode |= HAL_FLASH_ERROR_PROG;
 8002c34:	4912      	ldr	r1, [pc, #72]	@ (8002c80 <FLASH_SetErrorCode+0x6c>)
 8002c36:	69ca      	ldr	r2, [r1, #28]
 8002c38:	f042 0201 	orr.w	r2, r2, #1
 8002c3c:	61ca      	str	r2, [r1, #28]
#if defined(FLASH_BANK2_END)
    flags |= FLASH_FLAG_PGERR | FLASH_FLAG_PGERR_BANK2;
#else
    flags |= FLASH_FLAG_PGERR;
 8002c3e:	f043 0304 	orr.w	r3, r3, #4
#endif /* FLASH_BANK2_END */
  }
  if(__HAL_FLASH_GET_FLAG(FLASH_FLAG_OPTVERR))
 8002c42:	4a0e      	ldr	r2, [pc, #56]	@ (8002c7c <FLASH_SetErrorCode+0x68>)
 8002c44:	69d2      	ldr	r2, [r2, #28]
 8002c46:	f012 0f01 	tst.w	r2, #1
 8002c4a:	d009      	beq.n	8002c60 <FLASH_SetErrorCode+0x4c>
  {
    pFlash.ErrorCode |= HAL_FLASH_ERROR_OPTV;
 8002c4c:	490c      	ldr	r1, [pc, #48]	@ (8002c80 <FLASH_SetErrorCode+0x6c>)
 8002c4e:	69ca      	ldr	r2, [r1, #28]
 8002c50:	f042 0204 	orr.w	r2, r2, #4
 8002c54:	61ca      	str	r2, [r1, #28]
  __HAL_FLASH_CLEAR_FLAG(FLASH_FLAG_OPTVERR);
 8002c56:	4909      	ldr	r1, [pc, #36]	@ (8002c7c <FLASH_SetErrorCode+0x68>)
 8002c58:	69ca      	ldr	r2, [r1, #28]
 8002c5a:	f022 0201 	bic.w	r2, r2, #1
 8002c5e:	61ca      	str	r2, [r1, #28]
  }

  /* Clear FLASH error pending bits */
  __HAL_FLASH_CLEAR_FLAG(flags);
 8002c60:	f240 1201 	movw	r2, #257	@ 0x101
 8002c64:	4293      	cmp	r3, r2
 8002c66:	d002      	beq.n	8002c6e <FLASH_SetErrorCode+0x5a>
 8002c68:	4a04      	ldr	r2, [pc, #16]	@ (8002c7c <FLASH_SetErrorCode+0x68>)
 8002c6a:	60d3      	str	r3, [r2, #12]
}  
 8002c6c:	4770      	bx	lr
  __HAL_FLASH_CLEAR_FLAG(flags);
 8002c6e:	4a03      	ldr	r2, [pc, #12]	@ (8002c7c <FLASH_SetErrorCode+0x68>)
 8002c70:	69d3      	ldr	r3, [r2, #28]
 8002c72:	f023 0301 	bic.w	r3, r3, #1
 8002c76:	61d3      	str	r3, [r2, #28]
 8002c78:	4770      	bx	lr
 8002c7a:	bf00      	nop
 8002c7c:	40022000 	.word	0x40022000
 8002c80:	20004020 	.word	0x20004020

08002c84 <HAL_FLASH_Unlock>:
  if(READ_BIT(FLASH->CR, FLASH_CR_LOCK) != RESET)
 8002c84:	4b0a      	ldr	r3, [pc, #40]	@ (8002cb0 <HAL_FLASH_Unlock+0x2c>)
 8002c86:	691b      	ldr	r3, [r3, #16]
 8002c88:	f013 0f80 	tst.w	r3, #128	@ 0x80
 8002c8c:	d00b      	beq.n	8002ca6 <HAL_FLASH_Unlock+0x22>
    WRITE_REG(FLASH->KEYR, FLASH_KEY1);
 8002c8e:	4b08      	ldr	r3, [pc, #32]	@ (8002cb0 <HAL_FLASH_Unlock+0x2c>)
 8002c90:	4a08      	ldr	r2, [pc, #32]	@ (8002cb4 <HAL_FLASH_Unlock+0x30>)
 8002c92:	605a      	str	r2, [r3, #4]
    WRITE_REG(FLASH->KEYR, FLASH_KEY2);
 8002c94:	f102 3288 	add.w	r2, r2, #2290649224	@ 0x88888888
 8002c98:	605a      	str	r2, [r3, #4]
    if(READ_BIT(FLASH->CR, FLASH_CR_LOCK) != RESET)
 8002c9a:	691b      	ldr	r3, [r3, #16]
 8002c9c:	f013 0f80 	tst.w	r3, #128	@ 0x80
 8002ca0:	d103      	bne.n	8002caa <HAL_FLASH_Unlock+0x26>
  HAL_StatusTypeDef status = HAL_OK;
 8002ca2:	2000      	movs	r0, #0
 8002ca4:	4770      	bx	lr
 8002ca6:	2000      	movs	r0, #0
 8002ca8:	4770      	bx	lr
      status = HAL_ERROR;
 8002caa:	2001      	movs	r0, #1
}
 8002cac:	4770      	bx	lr
 8002cae:	bf00      	nop
 8002cb0:	40022000 	.word	0x40022000
 8002cb4:	45670123 	.word	0x45670123

08002cb8 <HAL_FLASH_Lock>:
  SET_BIT(FLASH->CR, FLASH_CR_LOCK);
 8002cb8:	4a03      	ldr	r2, [pc, #12]	@ (8002cc8 <HAL_FLASH_Lock+0x10>)
 8002cba:	6913      	ldr	r3, [r2, #16]
 8002cbc:	f043 0380 	orr.w	r3, r3, #128	@ 0x80
 8002cc0:	6113      	str	r3, [r2, #16]
}
 8002cc2:	2000      	movs	r0, #0
 8002cc4:	4770      	bx	lr
 8002cc6:	bf00      	nop
 8002cc8:	40022000 	.word	0x40022000

08002ccc <HAL_FLASH_OB_Unlock>:
  if (HAL_IS_BIT_CLR(FLASH->CR, FLASH_CR_OPTWRE))
 8002ccc:	4b07      	ldr	r3, [pc, #28]	@ (8002cec <HAL_FLASH_OB_Unlock+0x20>)
 8002cce:	691b      	ldr	r3, [r3, #16]
 8002cd0:	f413 7f00 	tst.w	r3, #512	@ 0x200
 8002cd4:	d107      	bne.n	8002ce6 <HAL_FLASH_OB_Unlock+0x1a>
    WRITE_REG(FLASH->OPTKEYR, FLASH_OPTKEY1);
 8002cd6:	4b05      	ldr	r3, [pc, #20]	@ (8002cec <HAL_FLASH_OB_Unlock+0x20>)
 8002cd8:	4a05      	ldr	r2, [pc, #20]	@ (8002cf0 <HAL_FLASH_OB_Unlock+0x24>)
 8002cda:	609a      	str	r2, [r3, #8]
    WRITE_REG(FLASH->OPTKEYR, FLASH_OPTKEY2);
 8002cdc:	f102 3288 	add.w	r2, r2, #2290649224	@ 0x88888888
 8002ce0:	609a      	str	r2, [r3, #8]
  return HAL_OK;  
 8002ce2:	2000      	movs	r0, #0
 8002ce4:	4770      	bx	lr
    return HAL_ERROR;
 8002ce6:	2001      	movs	r0, #1
}
 8002ce8:	4770      	bx	lr
 8002cea:	bf00      	nop
 8002cec:	40022000 	.word	0x40022000
 8002cf0:	45670123 	.word	0x45670123

08002cf4 <HAL_FLASH_OB_Lock>:
  CLEAR_BIT(FLASH->CR, FLASH_CR_OPTWRE);
 8002cf4:	4a03      	ldr	r2, [pc, #12]	@ (8002d04 <HAL_FLASH_OB_Lock+0x10>)
 8002cf6:	6913      	ldr	r3, [r2, #16]
 8002cf8:	f423 7300 	bic.w	r3, r3, #512	@ 0x200
 8002cfc:	6113      	str	r3, [r2, #16]
}
 8002cfe:	2000      	movs	r0, #0
 8002d00:	4770      	bx	lr
 8002d02:	bf00      	nop
 8002d04:	40022000 	.word	0x40022000

08002d08 <FLASH_WaitForLastOperation>:
{
 8002d08:	b538      	push	{r3, r4, r5, lr}
 8002d0a:	4604      	mov	r4, r0
  uint32_t tickstart = HAL_GetTick();
 8002d0c:	f7ff fd34 	bl	8002778 <HAL_GetTick>
 8002d10:	4605      	mov	r5, r0
  while(__HAL_FLASH_GET_FLAG(FLASH_FLAG_BSY)) 
 8002d12:	4b16      	ldr	r3, [pc, #88]	@ (8002d6c <FLASH_WaitForLastOperation+0x64>)
 8002d14:	68db      	ldr	r3, [r3, #12]
 8002d16:	f013 0f01 	tst.w	r3, #1
 8002d1a:	d00a      	beq.n	8002d32 <FLASH_WaitForLastOperation+0x2a>
    if (Timeout != HAL_MAX_DELAY)
 8002d1c:	f1b4 3fff 	cmp.w	r4, #4294967295
 8002d20:	d0f7      	beq.n	8002d12 <FLASH_WaitForLastOperation+0xa>
      if((Timeout == 0U) || ((HAL_GetTick()-tickstart) > Timeout))
 8002d22:	b124      	cbz	r4, 8002d2e <FLASH_WaitForLastOperation+0x26>
 8002d24:	f7ff fd28 	bl	8002778 <HAL_GetTick>
 8002d28:	1b40      	subs	r0, r0, r5
 8002d2a:	42a0      	cmp	r0, r4
 8002d2c:	d9f1      	bls.n	8002d12 <FLASH_WaitForLastOperation+0xa>
        return HAL_TIMEOUT;
 8002d2e:	2003      	movs	r0, #3
 8002d30:	e01b      	b.n	8002d6a <FLASH_WaitForLastOperation+0x62>
  if (__HAL_FLASH_GET_FLAG(FLASH_FLAG_EOP))
 8002d32:	4b0e      	ldr	r3, [pc, #56]	@ (8002d6c <FLASH_WaitForLastOperation+0x64>)
 8002d34:	68db      	ldr	r3, [r3, #12]
 8002d36:	f013 0f20 	tst.w	r3, #32
 8002d3a:	d002      	beq.n	8002d42 <FLASH_WaitForLastOperation+0x3a>
    __HAL_FLASH_CLEAR_FLAG(FLASH_FLAG_EOP);
 8002d3c:	4b0b      	ldr	r3, [pc, #44]	@ (8002d6c <FLASH_WaitForLastOperation+0x64>)
 8002d3e:	2220      	movs	r2, #32
 8002d40:	60da      	str	r2, [r3, #12]
  if(__HAL_FLASH_GET_FLAG(FLASH_FLAG_WRPERR)  || 
 8002d42:	4b0a      	ldr	r3, [pc, #40]	@ (8002d6c <FLASH_WaitForLastOperation+0x64>)
 8002d44:	68db      	ldr	r3, [r3, #12]
 8002d46:	f013 0f10 	tst.w	r3, #16
 8002d4a:	d10b      	bne.n	8002d64 <FLASH_WaitForLastOperation+0x5c>
     __HAL_FLASH_GET_FLAG(FLASH_FLAG_OPTVERR) || 
 8002d4c:	4b07      	ldr	r3, [pc, #28]	@ (8002d6c <FLASH_WaitForLastOperation+0x64>)
 8002d4e:	69db      	ldr	r3, [r3, #28]
  if(__HAL_FLASH_GET_FLAG(FLASH_FLAG_WRPERR)  || 
 8002d50:	f013 0f01 	tst.w	r3, #1
 8002d54:	d106      	bne.n	8002d64 <FLASH_WaitForLastOperation+0x5c>
     __HAL_FLASH_GET_FLAG(FLASH_FLAG_PGERR))
 8002d56:	4b05      	ldr	r3, [pc, #20]	@ (8002d6c <FLASH_WaitForLastOperation+0x64>)
 8002d58:	68db      	ldr	r3, [r3, #12]
     __HAL_FLASH_GET_FLAG(FLASH_FLAG_OPTVERR) || 
 8002d5a:	f013 0f04 	tst.w	r3, #4
 8002d5e:	d101      	bne.n	8002d64 <FLASH_WaitForLastOperation+0x5c>
  return HAL_OK;
 8002d60:	2000      	movs	r0, #0
 8002d62:	e002      	b.n	8002d6a <FLASH_WaitForLastOperation+0x62>
    FLASH_SetErrorCode();
 8002d64:	f7ff ff56 	bl	8002c14 <FLASH_SetErrorCode>
    return HAL_ERROR;
 8002d68:	2001      	movs	r0, #1
}
 8002d6a:	bd38      	pop	{r3, r4, r5, pc}
 8002d6c:	40022000 	.word	0x40022000

08002d70 <HAL_FLASH_Program>:
{
 8002d70:	e92d 43f8 	stmdb	sp!, {r3, r4, r5, r6, r7, r8, r9, lr}
 8002d74:	461e      	mov	r6, r3
  __HAL_LOCK(&pFlash);
 8002d76:	4b24      	ldr	r3, [pc, #144]	@ (8002e08 <HAL_FLASH_Program+0x98>)
 8002d78:	7e1b      	ldrb	r3, [r3, #24]
 8002d7a:	2b01      	cmp	r3, #1
 8002d7c:	d041      	beq.n	8002e02 <HAL_FLASH_Program+0x92>
 8002d7e:	4604      	mov	r4, r0
 8002d80:	460f      	mov	r7, r1
 8002d82:	4690      	mov	r8, r2
 8002d84:	4b20      	ldr	r3, [pc, #128]	@ (8002e08 <HAL_FLASH_Program+0x98>)
 8002d86:	2201      	movs	r2, #1
 8002d88:	761a      	strb	r2, [r3, #24]
    status = FLASH_WaitForLastOperation(FLASH_TIMEOUT_VALUE);
 8002d8a:	f24c 3050 	movw	r0, #50000	@ 0xc350
 8002d8e:	f7ff ffbb 	bl	8002d08 <FLASH_WaitForLastOperation>
  if(status == HAL_OK)
 8002d92:	4603      	mov	r3, r0
 8002d94:	bb78      	cbnz	r0, 8002df6 <HAL_FLASH_Program+0x86>
    if(TypeProgram == FLASH_TYPEPROGRAM_HALFWORD)
 8002d96:	2c01      	cmp	r4, #1
 8002d98:	d008      	beq.n	8002dac <HAL_FLASH_Program+0x3c>
    else if(TypeProgram == FLASH_TYPEPROGRAM_WORD)
 8002d9a:	2c02      	cmp	r4, #2
 8002d9c:	d003      	beq.n	8002da6 <HAL_FLASH_Program+0x36>
      nbiterations = 4U;
 8002d9e:	f04f 0904 	mov.w	r9, #4
    for (index = 0U; index < nbiterations; index++)
 8002da2:	461c      	mov	r4, r3
 8002da4:	e007      	b.n	8002db6 <HAL_FLASH_Program+0x46>
      nbiterations = 2U;
 8002da6:	f04f 0902 	mov.w	r9, #2
 8002daa:	e7fa      	b.n	8002da2 <HAL_FLASH_Program+0x32>
      nbiterations = 1U;
 8002dac:	f04f 0901 	mov.w	r9, #1
 8002db0:	e7f7      	b.n	8002da2 <HAL_FLASH_Program+0x32>
    for (index = 0U; index < nbiterations; index++)
 8002db2:	3401      	adds	r4, #1
 8002db4:	b2e4      	uxtb	r4, r4
 8002db6:	454c      	cmp	r4, r9
 8002db8:	d21d      	bcs.n	8002df6 <HAL_FLASH_Program+0x86>
      FLASH_Program_HalfWord((Address + (2U*index)), (uint16_t)(Data >> (16U*index)));
 8002dba:	0121      	lsls	r1, r4, #4
 8002dbc:	f1c1 0220 	rsb	r2, r1, #32
 8002dc0:	f1a1 0320 	sub.w	r3, r1, #32
 8002dc4:	fa28 f101 	lsr.w	r1, r8, r1
 8002dc8:	fa06 f202 	lsl.w	r2, r6, r2
 8002dcc:	4311      	orrs	r1, r2
 8002dce:	fa26 f303 	lsr.w	r3, r6, r3
 8002dd2:	4319      	orrs	r1, r3
 8002dd4:	b289      	uxth	r1, r1
 8002dd6:	eb07 0044 	add.w	r0, r7, r4, lsl #1
 8002dda:	f7ff ff0d 	bl	8002bf8 <FLASH_Program_HalfWord>
        status = FLASH_WaitForLastOperation(FLASH_TIMEOUT_VALUE);
 8002dde:	f24c 3050 	movw	r0, #50000	@ 0xc350
 8002de2:	f7ff ff91 	bl	8002d08 <FLASH_WaitForLastOperation>
        CLEAR_BIT(FLASH->CR, FLASH_CR_PG);
 8002de6:	4b09      	ldr	r3, [pc, #36]	@ (8002e0c <HAL_FLASH_Program+0x9c>)
 8002de8:	691d      	ldr	r5, [r3, #16]
 8002dea:	f025 0501 	bic.w	r5, r5, #1
 8002dee:	611d      	str	r5, [r3, #16]
      if (status != HAL_OK)
 8002df0:	4603      	mov	r3, r0
 8002df2:	2800      	cmp	r0, #0
 8002df4:	d0dd      	beq.n	8002db2 <HAL_FLASH_Program+0x42>
  __HAL_UNLOCK(&pFlash);
 8002df6:	4a04      	ldr	r2, [pc, #16]	@ (8002e08 <HAL_FLASH_Program+0x98>)
 8002df8:	2100      	movs	r1, #0
 8002dfa:	7611      	strb	r1, [r2, #24]
}
 8002dfc:	4618      	mov	r0, r3
 8002dfe:	e8bd 83f8 	ldmia.w	sp!, {r3, r4, r5, r6, r7, r8, r9, pc}
  __HAL_LOCK(&pFlash);
 8002e02:	2302      	movs	r3, #2
 8002e04:	e7fa      	b.n	8002dfc <HAL_FLASH_Program+0x8c>
 8002e06:	bf00      	nop
 8002e08:	20004020 	.word	0x20004020
 8002e0c:	40022000 	.word	0x40022000

08002e10 <FLASH_MassErase>:
{
  /* Check the parameters */
  assert_param(IS_FLASH_BANK(Banks));

  /* Clean the error context */
  pFlash.ErrorCode = HAL_FLASH_ERROR_NONE;
 8002e10:	4b06      	ldr	r3, [pc, #24]	@ (8002e2c <FLASH_MassErase+0x1c>)
 8002e12:	2200      	movs	r2, #0
 8002e14:	61da      	str	r2, [r3, #28]
#if !defined(FLASH_BANK2_END)
  /* Prevent unused argument(s) compilation warning */
  UNUSED(Banks);
#endif /* FLASH_BANK2_END */  
    /* Only bank1 will be erased*/
    SET_BIT(FLASH->CR, FLASH_CR_MER);
 8002e16:	4b06      	ldr	r3, [pc, #24]	@ (8002e30 <FLASH_MassErase+0x20>)
 8002e18:	691a      	ldr	r2, [r3, #16]
 8002e1a:	f042 0204 	orr.w	r2, r2, #4
 8002e1e:	611a      	str	r2, [r3, #16]
    SET_BIT(FLASH->CR, FLASH_CR_STRT);
 8002e20:	691a      	ldr	r2, [r3, #16]
 8002e22:	f042 0240 	orr.w	r2, r2, #64	@ 0x40
 8002e26:	611a      	str	r2, [r3, #16]
#if defined(FLASH_BANK2_END)
  }
#endif /* FLASH_BANK2_END */
}
 8002e28:	4770      	bx	lr
 8002e2a:	bf00      	nop
 8002e2c:	20004020 	.word	0x20004020
 8002e30:	40022000 	.word	0x40022000

08002e34 <FLASH_PageErase>:
  * @retval None
  */
void FLASH_PageErase(uint32_t PageAddress)
{
  /* Clean the error context */
  pFlash.ErrorCode = HAL_FLASH_ERROR_NONE;
 8002e34:	4b06      	ldr	r3, [pc, #24]	@ (8002e50 <FLASH_PageErase+0x1c>)
 8002e36:	2200      	movs	r2, #0
 8002e38:	61da      	str	r2, [r3, #28]
  }
  else
  {
#endif /* FLASH_BANK2_END */
    /* Proceed to erase the page */
    SET_BIT(FLASH->CR, FLASH_CR_PER);
 8002e3a:	4b06      	ldr	r3, [pc, #24]	@ (8002e54 <FLASH_PageErase+0x20>)
 8002e3c:	691a      	ldr	r2, [r3, #16]
 8002e3e:	f042 0202 	orr.w	r2, r2, #2
 8002e42:	611a      	str	r2, [r3, #16]
    WRITE_REG(FLASH->AR, PageAddress);
 8002e44:	6158      	str	r0, [r3, #20]
    SET_BIT(FLASH->CR, FLASH_CR_STRT);
 8002e46:	691a      	ldr	r2, [r3, #16]
 8002e48:	f042 0240 	orr.w	r2, r2, #64	@ 0x40
 8002e4c:	611a      	str	r2, [r3, #16]
#if defined(FLASH_BANK2_END)
  }
#endif /* FLASH_BANK2_END */
}
 8002e4e:	4770      	bx	lr
 8002e50:	20004020 	.word	0x20004020
 8002e54:	40022000 	.word	0x40022000

08002e58 <HAL_FLASHEx_Erase>:
  __HAL_LOCK(&pFlash);
 8002e58:	4b26      	ldr	r3, [pc, #152]	@ (8002ef4 <HAL_FLASHEx_Erase+0x9c>)
 8002e5a:	7e1b      	ldrb	r3, [r3, #24]
 8002e5c:	2b01      	cmp	r3, #1
 8002e5e:	d046      	beq.n	8002eee <HAL_FLASHEx_Erase+0x96>
{
 8002e60:	b570      	push	{r4, r5, r6, lr}
 8002e62:	4605      	mov	r5, r0
 8002e64:	460e      	mov	r6, r1
  __HAL_LOCK(&pFlash);
 8002e66:	4b23      	ldr	r3, [pc, #140]	@ (8002ef4 <HAL_FLASHEx_Erase+0x9c>)
 8002e68:	2201      	movs	r2, #1
 8002e6a:	761a      	strb	r2, [r3, #24]
  if (pEraseInit->TypeErase == FLASH_TYPEERASE_MASSERASE)
 8002e6c:	6803      	ldr	r3, [r0, #0]
 8002e6e:	2b02      	cmp	r3, #2
 8002e70:	d020      	beq.n	8002eb4 <HAL_FLASHEx_Erase+0x5c>
      if (FLASH_WaitForLastOperation((uint32_t)FLASH_TIMEOUT_VALUE) == HAL_OK)
 8002e72:	f24c 3050 	movw	r0, #50000	@ 0xc350
 8002e76:	f7ff ff47 	bl	8002d08 <FLASH_WaitForLastOperation>
 8002e7a:	bb90      	cbnz	r0, 8002ee2 <HAL_FLASHEx_Erase+0x8a>
        *PageError = 0xFFFFFFFFU;
 8002e7c:	f04f 33ff 	mov.w	r3, #4294967295
 8002e80:	6033      	str	r3, [r6, #0]
        for(address = pEraseInit->PageAddress;
 8002e82:	68ac      	ldr	r4, [r5, #8]
  HAL_StatusTypeDef status = HAL_ERROR;
 8002e84:	2101      	movs	r1, #1
            address < ((pEraseInit->NbPages * FLASH_PAGE_SIZE) + pEraseInit->PageAddress);
 8002e86:	68ea      	ldr	r2, [r5, #12]
 8002e88:	68ab      	ldr	r3, [r5, #8]
 8002e8a:	eb03 2382 	add.w	r3, r3, r2, lsl #10
 8002e8e:	42a3      	cmp	r3, r4
 8002e90:	d928      	bls.n	8002ee4 <HAL_FLASHEx_Erase+0x8c>
          FLASH_PageErase(address);
 8002e92:	4620      	mov	r0, r4
 8002e94:	f7ff ffce 	bl	8002e34 <FLASH_PageErase>
          status = FLASH_WaitForLastOperation((uint32_t)FLASH_TIMEOUT_VALUE);
 8002e98:	f24c 3050 	movw	r0, #50000	@ 0xc350
 8002e9c:	f7ff ff34 	bl	8002d08 <FLASH_WaitForLastOperation>
          CLEAR_BIT(FLASH->CR, FLASH_CR_PER);
 8002ea0:	4a15      	ldr	r2, [pc, #84]	@ (8002ef8 <HAL_FLASHEx_Erase+0xa0>)
 8002ea2:	6913      	ldr	r3, [r2, #16]
 8002ea4:	f023 0302 	bic.w	r3, r3, #2
 8002ea8:	6113      	str	r3, [r2, #16]
          if (status != HAL_OK)
 8002eaa:	4601      	mov	r1, r0
 8002eac:	b9b8      	cbnz	r0, 8002ede <HAL_FLASHEx_Erase+0x86>
            address += FLASH_PAGE_SIZE)
 8002eae:	f504 6480 	add.w	r4, r4, #1024	@ 0x400
 8002eb2:	e7e8      	b.n	8002e86 <HAL_FLASHEx_Erase+0x2e>
      if (FLASH_WaitForLastOperation((uint32_t)FLASH_TIMEOUT_VALUE) == HAL_OK)
 8002eb4:	f24c 3050 	movw	r0, #50000	@ 0xc350
 8002eb8:	f7ff ff26 	bl	8002d08 <FLASH_WaitForLastOperation>
 8002ebc:	b108      	cbz	r0, 8002ec2 <HAL_FLASHEx_Erase+0x6a>
  HAL_StatusTypeDef status = HAL_ERROR;
 8002ebe:	2101      	movs	r1, #1
 8002ec0:	e010      	b.n	8002ee4 <HAL_FLASHEx_Erase+0x8c>
        FLASH_MassErase(FLASH_BANK_1);
 8002ec2:	2001      	movs	r0, #1
 8002ec4:	f7ff ffa4 	bl	8002e10 <FLASH_MassErase>
        status = FLASH_WaitForLastOperation((uint32_t)FLASH_TIMEOUT_VALUE);
 8002ec8:	f24c 3050 	movw	r0, #50000	@ 0xc350
 8002ecc:	f7ff ff1c 	bl	8002d08 <FLASH_WaitForLastOperation>
 8002ed0:	4601      	mov	r1, r0
        CLEAR_BIT(FLASH->CR, FLASH_CR_MER);
 8002ed2:	4a09      	ldr	r2, [pc, #36]	@ (8002ef8 <HAL_FLASHEx_Erase+0xa0>)
 8002ed4:	6913      	ldr	r3, [r2, #16]
 8002ed6:	f023 0304 	bic.w	r3, r3, #4
 8002eda:	6113      	str	r3, [r2, #16]
 8002edc:	e002      	b.n	8002ee4 <HAL_FLASHEx_Erase+0x8c>
            *PageError = address;
 8002ede:	6034      	str	r4, [r6, #0]
            break;
 8002ee0:	e000      	b.n	8002ee4 <HAL_FLASHEx_Erase+0x8c>
  HAL_StatusTypeDef status = HAL_ERROR;
 8002ee2:	2101      	movs	r1, #1
  __HAL_UNLOCK(&pFlash);
 8002ee4:	4b03      	ldr	r3, [pc, #12]	@ (8002ef4 <HAL_FLASHEx_Erase+0x9c>)
 8002ee6:	2200      	movs	r2, #0
 8002ee8:	761a      	strb	r2, [r3, #24]
}
 8002eea:	4608      	mov	r0, r1
 8002eec:	bd70      	pop	{r4, r5, r6, pc}
  __HAL_LOCK(&pFlash);
 8002eee:	2102      	movs	r1, #2
}
 8002ef0:	4608      	mov	r0, r1
 8002ef2:	4770      	bx	lr
 8002ef4:	20004020 	.word	0x20004020
 8002ef8:	40022000 	.word	0x40022000

08002efc <HAL_GPIO_Init>:
  * @param  GPIO_Init: pointer to a GPIO_InitTypeDef structure that contains
  *         the configuration information for the specified GPIO peripheral.
  * @retval None
  */
void HAL_GPIO_Init(GPIO_TypeDef  *GPIOx, GPIO_InitTypeDef *GPIO_Init)
{
 8002efc:	b570      	push	{r4, r5, r6, lr}
 8002efe:	b082      	sub	sp, #8
  uint32_t position = 0x00u;
  uint32_t ioposition;
  uint32_t iocurrent;
  uint32_t temp;
  uint32_t config = 0x00u;
 8002f00:	2400      	movs	r4, #0
  uint32_t position = 0x00u;
 8002f02:	46a4      	mov	ip, r4
  assert_param(IS_GPIO_ALL_INSTANCE(GPIOx));
  assert_param(IS_GPIO_PIN(GPIO_Init->Pin));
  assert_param(IS_GPIO_MODE(GPIO_Init->Mode));

  /* Configure the port pins */
  while (((GPIO_Init->Pin) >> position) != 0x00u)
 8002f04:	e0a2      	b.n	800304c <HAL_GPIO_Init+0x150>
    {
      /* Check the Alternate function parameters */
      assert_param(IS_GPIO_AF_INSTANCE(GPIOx));

      /* Based on the required mode, filling config variable with MODEy[1:0] and CNFy[3:2] corresponding bits */
      switch (GPIO_Init->Mode)
 8002f06:	4d7e      	ldr	r5, [pc, #504]	@ (8003100 <HAL_GPIO_Init+0x204>)
 8002f08:	42ab      	cmp	r3, r5
 8002f0a:	d010      	beq.n	8002f2e <HAL_GPIO_Init+0x32>
 8002f0c:	d907      	bls.n	8002f1e <HAL_GPIO_Init+0x22>
 8002f0e:	4d7d      	ldr	r5, [pc, #500]	@ (8003104 <HAL_GPIO_Init+0x208>)
 8002f10:	42ab      	cmp	r3, r5
 8002f12:	d00c      	beq.n	8002f2e <HAL_GPIO_Init+0x32>
 8002f14:	f505 3580 	add.w	r5, r5, #65536	@ 0x10000
 8002f18:	42ab      	cmp	r3, r5
 8002f1a:	d008      	beq.n	8002f2e <HAL_GPIO_Init+0x32>
 8002f1c:	e013      	b.n	8002f46 <HAL_GPIO_Init+0x4a>
 8002f1e:	f5a5 1580 	sub.w	r5, r5, #1048576	@ 0x100000
 8002f22:	42ab      	cmp	r3, r5
 8002f24:	d003      	beq.n	8002f2e <HAL_GPIO_Init+0x32>
 8002f26:	f505 2570 	add.w	r5, r5, #983040	@ 0xf0000
 8002f2a:	42ab      	cmp	r3, r5
 8002f2c:	d107      	bne.n	8002f3e <HAL_GPIO_Init+0x42>
        case GPIO_MODE_EVT_RISING:
        case GPIO_MODE_EVT_FALLING:
        case GPIO_MODE_EVT_RISING_FALLING:
          /* Check the GPIO pull parameter */
          assert_param(IS_GPIO_PULL(GPIO_Init->Pull));
          if (GPIO_Init->Pull == GPIO_NOPULL)
 8002f2e:	688b      	ldr	r3, [r1, #8]
 8002f30:	2b00      	cmp	r3, #0
 8002f32:	d055      	beq.n	8002fe0 <HAL_GPIO_Init+0xe4>
          {
            config = GPIO_CR_MODE_INPUT + GPIO_CR_CNF_INPUT_FLOATING;
          }
          else if (GPIO_Init->Pull == GPIO_PULLUP)
 8002f34:	2b01      	cmp	r3, #1
 8002f36:	d04e      	beq.n	8002fd6 <HAL_GPIO_Init+0xda>
          else /* GPIO_PULLDOWN */
          {
            config = GPIO_CR_MODE_INPUT + GPIO_CR_CNF_INPUT_PU_PD;

            /* Reset the corresponding ODR bit */
            GPIOx->BRR = ioposition;
 8002f38:	6142      	str	r2, [r0, #20]
            config = GPIO_CR_MODE_INPUT + GPIO_CR_CNF_INPUT_PU_PD;
 8002f3a:	2408      	movs	r4, #8
 8002f3c:	e003      	b.n	8002f46 <HAL_GPIO_Init+0x4a>
      switch (GPIO_Init->Mode)
 8002f3e:	f5a5 1580 	sub.w	r5, r5, #1048576	@ 0x100000
 8002f42:	42ab      	cmp	r3, r5
 8002f44:	d0f3      	beq.n	8002f2e <HAL_GPIO_Init+0x32>
          break;
      }

      /* Check if the current bit belongs to first half or last half of the pin count number
       in order to address CRH or CRL register*/
      configregister = (iocurrent < GPIO_PIN_8) ? &GPIOx->CRL     : &GPIOx->CRH;
 8002f46:	f1be 0fff 	cmp.w	lr, #255	@ 0xff
 8002f4a:	d84b      	bhi.n	8002fe4 <HAL_GPIO_Init+0xe8>
 8002f4c:	4606      	mov	r6, r0
      registeroffset = (iocurrent < GPIO_PIN_8) ? (position << 2u) : ((position - 8u) << 2u);
 8002f4e:	ea4f 028c 	mov.w	r2, ip, lsl #2

      /* Apply the new configuration of the pin to the register */
      MODIFY_REG((*configregister), ((GPIO_CRL_MODE0 | GPIO_CRL_CNF0) << registeroffset), (config << registeroffset));
 8002f52:	6833      	ldr	r3, [r6, #0]
 8002f54:	250f      	movs	r5, #15
 8002f56:	4095      	lsls	r5, r2
 8002f58:	ea23 0305 	bic.w	r3, r3, r5
 8002f5c:	fa04 f202 	lsl.w	r2, r4, r2
 8002f60:	4313      	orrs	r3, r2
 8002f62:	6033      	str	r3, [r6, #0]

      /*--------------------- EXTI Mode Configuration ------------------------*/
      /* Configure the External Interrupt or event for the current IO */
      if ((GPIO_Init->Mode & EXTI_MODE) == EXTI_MODE)
 8002f64:	684b      	ldr	r3, [r1, #4]
 8002f66:	f013 5f80 	tst.w	r3, #268435456	@ 0x10000000
 8002f6a:	d06d      	beq.n	8003048 <HAL_GPIO_Init+0x14c>
      {
        /* Enable AFIO Clock */
        __HAL_RCC_AFIO_CLK_ENABLE();
 8002f6c:	4b66      	ldr	r3, [pc, #408]	@ (8003108 <HAL_GPIO_Init+0x20c>)
 8002f6e:	699a      	ldr	r2, [r3, #24]
 8002f70:	f042 0201 	orr.w	r2, r2, #1
 8002f74:	619a      	str	r2, [r3, #24]
 8002f76:	699b      	ldr	r3, [r3, #24]
 8002f78:	f003 0301 	and.w	r3, r3, #1
 8002f7c:	9301      	str	r3, [sp, #4]
 8002f7e:	9b01      	ldr	r3, [sp, #4]
        temp = AFIO->EXTICR[position >> 2u];
 8002f80:	ea4f 029c 	mov.w	r2, ip, lsr #2
 8002f84:	1c95      	adds	r5, r2, #2
 8002f86:	4b61      	ldr	r3, [pc, #388]	@ (800310c <HAL_GPIO_Init+0x210>)
 8002f88:	f853 6025 	ldr.w	r6, [r3, r5, lsl #2]
        CLEAR_BIT(temp, (0x0Fu) << (4u * (position & 0x03u)));
 8002f8c:	f00c 0503 	and.w	r5, ip, #3
 8002f90:	00ad      	lsls	r5, r5, #2
 8002f92:	230f      	movs	r3, #15
 8002f94:	40ab      	lsls	r3, r5
 8002f96:	ea26 0603 	bic.w	r6, r6, r3
        SET_BIT(temp, (GPIO_GET_INDEX(GPIOx)) << (4u * (position & 0x03u)));
 8002f9a:	4b5d      	ldr	r3, [pc, #372]	@ (8003110 <HAL_GPIO_Init+0x214>)
 8002f9c:	4298      	cmp	r0, r3
 8002f9e:	d028      	beq.n	8002ff2 <HAL_GPIO_Init+0xf6>
 8002fa0:	f503 6380 	add.w	r3, r3, #1024	@ 0x400
 8002fa4:	4298      	cmp	r0, r3
 8002fa6:	f000 808d 	beq.w	80030c4 <HAL_GPIO_Init+0x1c8>
 8002faa:	f503 6380 	add.w	r3, r3, #1024	@ 0x400
 8002fae:	4298      	cmp	r0, r3
 8002fb0:	f000 808a 	beq.w	80030c8 <HAL_GPIO_Init+0x1cc>
 8002fb4:	f503 6380 	add.w	r3, r3, #1024	@ 0x400
 8002fb8:	4298      	cmp	r0, r3
 8002fba:	d018      	beq.n	8002fee <HAL_GPIO_Init+0xf2>
 8002fbc:	2304      	movs	r3, #4
 8002fbe:	e019      	b.n	8002ff4 <HAL_GPIO_Init+0xf8>
          config = GPIO_Init->Speed + GPIO_CR_CNF_GP_OUTPUT_PP;
 8002fc0:	68cc      	ldr	r4, [r1, #12]
          break;
 8002fc2:	e7c0      	b.n	8002f46 <HAL_GPIO_Init+0x4a>
          config = GPIO_Init->Speed + GPIO_CR_CNF_GP_OUTPUT_OD;
 8002fc4:	68cc      	ldr	r4, [r1, #12]
 8002fc6:	3404      	adds	r4, #4
          break;
 8002fc8:	e7bd      	b.n	8002f46 <HAL_GPIO_Init+0x4a>
          config = GPIO_Init->Speed + GPIO_CR_CNF_AF_OUTPUT_PP;
 8002fca:	68cc      	ldr	r4, [r1, #12]
 8002fcc:	3408      	adds	r4, #8
          break;
 8002fce:	e7ba      	b.n	8002f46 <HAL_GPIO_Init+0x4a>
          config = GPIO_Init->Speed + GPIO_CR_CNF_AF_OUTPUT_OD;
 8002fd0:	68cc      	ldr	r4, [r1, #12]
 8002fd2:	340c      	adds	r4, #12
          break;
 8002fd4:	e7b7      	b.n	8002f46 <HAL_GPIO_Init+0x4a>
            GPIOx->BSRR = ioposition;
 8002fd6:	6102      	str	r2, [r0, #16]
            config = GPIO_CR_MODE_INPUT + GPIO_CR_CNF_INPUT_PU_PD;
 8002fd8:	2408      	movs	r4, #8
 8002fda:	e7b4      	b.n	8002f46 <HAL_GPIO_Init+0x4a>
          config = GPIO_CR_MODE_INPUT + GPIO_CR_CNF_ANALOG;
 8002fdc:	2400      	movs	r4, #0
 8002fde:	e7b2      	b.n	8002f46 <HAL_GPIO_Init+0x4a>
            config = GPIO_CR_MODE_INPUT + GPIO_CR_CNF_INPUT_FLOATING;
 8002fe0:	2404      	movs	r4, #4
 8002fe2:	e7b0      	b.n	8002f46 <HAL_GPIO_Init+0x4a>
      configregister = (iocurrent < GPIO_PIN_8) ? &GPIOx->CRL     : &GPIOx->CRH;
 8002fe4:	1d06      	adds	r6, r0, #4
      registeroffset = (iocurrent < GPIO_PIN_8) ? (position << 2u) : ((position - 8u) << 2u);
 8002fe6:	f1ac 0208 	sub.w	r2, ip, #8
 8002fea:	0092      	lsls	r2, r2, #2
 8002fec:	e7b1      	b.n	8002f52 <HAL_GPIO_Init+0x56>
        SET_BIT(temp, (GPIO_GET_INDEX(GPIOx)) << (4u * (position & 0x03u)));
 8002fee:	2303      	movs	r3, #3
 8002ff0:	e000      	b.n	8002ff4 <HAL_GPIO_Init+0xf8>
 8002ff2:	2300      	movs	r3, #0
 8002ff4:	40ab      	lsls	r3, r5
 8002ff6:	4333      	orrs	r3, r6
        AFIO->EXTICR[position >> 2u] = temp;
 8002ff8:	3202      	adds	r2, #2
 8002ffa:	4d44      	ldr	r5, [pc, #272]	@ (800310c <HAL_GPIO_Init+0x210>)
 8002ffc:	f845 3022 	str.w	r3, [r5, r2, lsl #2]


        /* Enable or disable the rising trigger */
        if ((GPIO_Init->Mode & RISING_EDGE) == RISING_EDGE)
 8003000:	684b      	ldr	r3, [r1, #4]
 8003002:	f413 1f80 	tst.w	r3, #1048576	@ 0x100000
 8003006:	d061      	beq.n	80030cc <HAL_GPIO_Init+0x1d0>
        {
          SET_BIT(EXTI->RTSR, iocurrent);
 8003008:	4a42      	ldr	r2, [pc, #264]	@ (8003114 <HAL_GPIO_Init+0x218>)
 800300a:	6893      	ldr	r3, [r2, #8]
 800300c:	ea43 030e 	orr.w	r3, r3, lr
 8003010:	6093      	str	r3, [r2, #8]
        {
          CLEAR_BIT(EXTI->RTSR, iocurrent);
        }

        /* Enable or disable the falling trigger */
        if ((GPIO_Init->Mode & FALLING_EDGE) == FALLING_EDGE)
 8003012:	684b      	ldr	r3, [r1, #4]
 8003014:	f413 1f00 	tst.w	r3, #2097152	@ 0x200000
 8003018:	d05e      	beq.n	80030d8 <HAL_GPIO_Init+0x1dc>
        {
          SET_BIT(EXTI->FTSR, iocurrent);
 800301a:	4a3e      	ldr	r2, [pc, #248]	@ (8003114 <HAL_GPIO_Init+0x218>)
 800301c:	68d3      	ldr	r3, [r2, #12]
 800301e:	ea43 030e 	orr.w	r3, r3, lr
 8003022:	60d3      	str	r3, [r2, #12]
        {
          CLEAR_BIT(EXTI->FTSR, iocurrent);
        }

        /* Configure the event mask */
        if ((GPIO_Init->Mode & GPIO_MODE_EVT) == GPIO_MODE_EVT)
 8003024:	684b      	ldr	r3, [r1, #4]
 8003026:	f413 3f00 	tst.w	r3, #131072	@ 0x20000
 800302a:	d05b      	beq.n	80030e4 <HAL_GPIO_Init+0x1e8>
        {
          SET_BIT(EXTI->EMR, iocurrent);
 800302c:	4a39      	ldr	r2, [pc, #228]	@ (8003114 <HAL_GPIO_Init+0x218>)
 800302e:	6853      	ldr	r3, [r2, #4]
 8003030:	ea43 030e 	orr.w	r3, r3, lr
 8003034:	6053      	str	r3, [r2, #4]
        {
          CLEAR_BIT(EXTI->EMR, iocurrent);
        }

        /* Configure the interrupt mask */
        if ((GPIO_Init->Mode & GPIO_MODE_IT) == GPIO_MODE_IT)
 8003036:	684b      	ldr	r3, [r1, #4]
 8003038:	f413 3f80 	tst.w	r3, #65536	@ 0x10000
 800303c:	d058      	beq.n	80030f0 <HAL_GPIO_Init+0x1f4>
        {
          SET_BIT(EXTI->IMR, iocurrent);
 800303e:	4a35      	ldr	r2, [pc, #212]	@ (8003114 <HAL_GPIO_Init+0x218>)
 8003040:	6813      	ldr	r3, [r2, #0]
 8003042:	ea43 030e 	orr.w	r3, r3, lr
 8003046:	6013      	str	r3, [r2, #0]
          CLEAR_BIT(EXTI->IMR, iocurrent);
        }
      }
    }

	position++;
 8003048:	f10c 0c01 	add.w	ip, ip, #1
  while (((GPIO_Init->Pin) >> position) != 0x00u)
 800304c:	680b      	ldr	r3, [r1, #0]
 800304e:	fa33 f20c 	lsrs.w	r2, r3, ip
 8003052:	d053      	beq.n	80030fc <HAL_GPIO_Init+0x200>
    ioposition = (0x01uL << position);
 8003054:	2201      	movs	r2, #1
 8003056:	fa02 f20c 	lsl.w	r2, r2, ip
    iocurrent = (uint32_t)(GPIO_Init->Pin) & ioposition;
 800305a:	ea03 0e02 	and.w	lr, r3, r2
    if (iocurrent == ioposition)
 800305e:	ea32 0303 	bics.w	r3, r2, r3
 8003062:	d1f1      	bne.n	8003048 <HAL_GPIO_Init+0x14c>
      switch (GPIO_Init->Mode)
 8003064:	684b      	ldr	r3, [r1, #4]
 8003066:	2b12      	cmp	r3, #18
 8003068:	f63f af4d 	bhi.w	8002f06 <HAL_GPIO_Init+0xa>
 800306c:	2b12      	cmp	r3, #18
 800306e:	f63f af6a 	bhi.w	8002f46 <HAL_GPIO_Init+0x4a>
 8003072:	a501      	add	r5, pc, #4	@ (adr r5, 8003078 <HAL_GPIO_Init+0x17c>)
 8003074:	f855 f023 	ldr.w	pc, [r5, r3, lsl #2]
 8003078:	08002f2f 	.word	0x08002f2f
 800307c:	08002fc1 	.word	0x08002fc1
 8003080:	08002fcb 	.word	0x08002fcb
 8003084:	08002fdd 	.word	0x08002fdd
 8003088:	08002f47 	.word	0x08002f47
 800308c:	08002f47 	.word	0x08002f47
 8003090:	08002f47 	.word	0x08002f47
 8003094:	08002f47 	.word	0x08002f47
 8003098:	08002f47 	.word	0x08002f47
 800309c:	08002f47 	.word	0x08002f47
 80030a0:	08002f47 	.word	0x08002f47
 80030a4:	08002f47 	.word	0x08002f47
 80030a8:	08002f47 	.word	0x08002f47
 80030ac:	08002f47 	.word	0x08002f47
 80030b0:	08002f47 	.word	0x08002f47
 80030b4:	08002f47 	.word	0x08002f47
 80030b8:	08002f47 	.word	0x08002f47
 80030bc:	08002fc5 	.word	0x08002fc5
 80030c0:	08002fd1 	.word	0x08002fd1
        SET_BIT(temp, (GPIO_GET_INDEX(GPIOx)) << (4u * (position & 0x03u)));
 80030c4:	2301      	movs	r3, #1
 80030c6:	e795      	b.n	8002ff4 <HAL_GPIO_Init+0xf8>
 80030c8:	2302      	movs	r3, #2
 80030ca:	e793      	b.n	8002ff4 <HAL_GPIO_Init+0xf8>
          CLEAR_BIT(EXTI->RTSR, iocurrent);
 80030cc:	4a11      	ldr	r2, [pc, #68]	@ (8003114 <HAL_GPIO_Init+0x218>)
 80030ce:	6893      	ldr	r3, [r2, #8]
 80030d0:	ea23 030e 	bic.w	r3, r3, lr
 80030d4:	6093      	str	r3, [r2, #8]
 80030d6:	e79c      	b.n	8003012 <HAL_GPIO_Init+0x116>
          CLEAR_BIT(EXTI->FTSR, iocurrent);
 80030d8:	4a0e      	ldr	r2, [pc, #56]	@ (8003114 <HAL_GPIO_Init+0x218>)
 80030da:	68d3      	ldr	r3, [r2, #12]
 80030dc:	ea23 030e 	bic.w	r3, r3, lr
 80030e0:	60d3      	str	r3, [r2, #12]
 80030e2:	e79f      	b.n	8003024 <HAL_GPIO_Init+0x128>
          CLEAR_BIT(EXTI->EMR, iocurrent);
 80030e4:	4a0b      	ldr	r2, [pc, #44]	@ (8003114 <HAL_GPIO_Init+0x218>)
 80030e6:	6853      	ldr	r3, [r2, #4]
 80030e8:	ea23 030e 	bic.w	r3, r3, lr
 80030ec:	6053      	str	r3, [r2, #4]
 80030ee:	e7a2      	b.n	8003036 <HAL_GPIO_Init+0x13a>
          CLEAR_BIT(EXTI->IMR, iocurrent);
 80030f0:	4a08      	ldr	r2, [pc, #32]	@ (8003114 <HAL_GPIO_Init+0x218>)
 80030f2:	6813      	ldr	r3, [r2, #0]
 80030f4:	ea23 030e 	bic.w	r3, r3, lr
 80030f8:	6013      	str	r3, [r2, #0]
 80030fa:	e7a5      	b.n	8003048 <HAL_GPIO_Init+0x14c>
  }
}
 80030fc:	b002      	add	sp, #8
 80030fe:	bd70      	pop	{r4, r5, r6, pc}
 8003100:	10220000 	.word	0x10220000
 8003104:	10310000 	.word	0x10310000
 8003108:	40021000 	.word	0x40021000
 800310c:	40010000 	.word	0x40010000
 8003110:	40010800 	.word	0x40010800
 8003114:	40010400 	.word	0x40010400

08003118 <HAL_GPIO_WritePin>:
{
  /* Check the parameters */
  assert_param(IS_GPIO_PIN(GPIO_Pin));
  assert_param(IS_GPIO_PIN_ACTION(PinState));

  if (PinState != GPIO_PIN_RESET)
 8003118:	b10a      	cbz	r2, 800311e <HAL_GPIO_WritePin+0x6>
  {
    GPIOx->BSRR = GPIO_Pin;
 800311a:	6101      	str	r1, [r0, #16]
 800311c:	4770      	bx	lr
  }
  else
  {
    GPIOx->BSRR = (uint32_t)GPIO_Pin << 16u;
 800311e:	0409      	lsls	r1, r1, #16
 8003120:	6101      	str	r1, [r0, #16]
  }
}
 8003122:	4770      	bx	lr

08003124 <HAL_GPIO_TogglePin>:

  /* Check the parameters */
  assert_param(IS_GPIO_PIN(GPIO_Pin));

  /* get current Output Data Register value */
  odr = GPIOx->ODR;
 8003124:	68c3      	ldr	r3, [r0, #12]

  /* Set selected pins that were at low level, and reset ones that were high */
  GPIOx->BSRR = ((odr & GPIO_Pin) << GPIO_NUMBER) | (~odr & GPIO_Pin);
 8003126:	ea01 0203 	and.w	r2, r1, r3
 800312a:	ea21 0103 	bic.w	r1, r1, r3
 800312e:	ea41 4102 	orr.w	r1, r1, r2, lsl #16
 8003132:	6101      	str	r1, [r0, #16]
}
 8003134:	4770      	bx	lr
	...

08003138 <HAL_MspInit>:
/* USER CODE END 0 */
/**
  * Initializes the Global MSP.
  */
void HAL_MspInit(void)
{
 8003138:	b082      	sub	sp, #8
  /* USER CODE BEGIN MspInit 0 */

  /* USER CODE END MspInit 0 */

  __HAL_RCC_AFIO_CLK_ENABLE();
 800313a:	4b0a      	ldr	r3, [pc, #40]	@ (8003164 <HAL_MspInit+0x2c>)
 800313c:	699a      	ldr	r2, [r3, #24]
 800313e:	f042 0201 	orr.w	r2, r2, #1
 8003142:	619a      	str	r2, [r3, #24]
 8003144:	699a      	ldr	r2, [r3, #24]
 8003146:	f002 0201 	and.w	r2, r2, #1
 800314a:	9200      	str	r2, [sp, #0]
 800314c:	9a00      	ldr	r2, [sp, #0]
  __HAL_RCC_PWR_CLK_ENABLE();
 800314e:	69da      	ldr	r2, [r3, #28]
 8003150:	f042 5280 	orr.w	r2, r2, #268435456	@ 0x10000000
 8003154:	61da      	str	r2, [r3, #28]
 8003156:	69db      	ldr	r3, [r3, #28]
 8003158:	f003 5380 	and.w	r3, r3, #268435456	@ 0x10000000
 800315c:	9301      	str	r3, [sp, #4]
 800315e:	9b01      	ldr	r3, [sp, #4]
  /* System interrupt init*/

  /* USER CODE BEGIN MspInit 1 */

  /* USER CODE END MspInit 1 */
}
 8003160:	b002      	add	sp, #8
 8003162:	4770      	bx	lr
 8003164:	40021000 	.word	0x40021000

08003168 <HAL_UART_MspInit>:
* This function configures the hardware resources used in this example
* @param huart: UART handle pointer
* @retval None
*/
void HAL_UART_MspInit(UART_HandleTypeDef* huart)
{
 8003168:	b530      	push	{r4, r5, lr}
 800316a:	b087      	sub	sp, #28
  GPIO_InitTypeDef GPIO_InitStruct = {0};
 800316c:	2300      	movs	r3, #0
 800316e:	9302      	str	r3, [sp, #8]
 8003170:	9303      	str	r3, [sp, #12]
 8003172:	9304      	str	r3, [sp, #16]
 8003174:	9305      	str	r3, [sp, #20]
  if(huart->Instance==USART2)
 8003176:	6802      	ldr	r2, [r0, #0]
 8003178:	4b1b      	ldr	r3, [pc, #108]	@ (80031e8 <HAL_UART_MspInit+0x80>)
 800317a:	429a      	cmp	r2, r3
 800317c:	d001      	beq.n	8003182 <HAL_UART_MspInit+0x1a>
  /* USER CODE BEGIN USART2_MspInit 1 */

  /* USER CODE END USART2_MspInit 1 */
  }

}
 800317e:	b007      	add	sp, #28
 8003180:	bd30      	pop	{r4, r5, pc}
    __HAL_RCC_USART2_CLK_ENABLE();
 8003182:	f503 33e6 	add.w	r3, r3, #117760	@ 0x1cc00
 8003186:	69da      	ldr	r2, [r3, #28]
 8003188:	f442 3200 	orr.w	r2, r2, #131072	@ 0x20000
 800318c:	61da      	str	r2, [r3, #28]
 800318e:	69da      	ldr	r2, [r3, #28]
 8003190:	f402 3200 	and.w	r2, r2, #131072	@ 0x20000
 8003194:	9200      	str	r2, [sp, #0]
 8003196:	9a00      	ldr	r2, [sp, #0]
    __HAL_RCC_GPIOA_CLK_ENABLE();
 8003198:	699a      	ldr	r2, [r3, #24]
 800319a:	f042 0204 	orr.w	r2, r2, #4
 800319e:	619a      	str	r2, [r3, #24]
 80031a0:	699b      	ldr	r3, [r3, #24]
 80031a2:	f003 0304 	and.w	r3, r3, #4
 80031a6:	9301      	str	r3, [sp, #4]
 80031a8:	9b01      	ldr	r3, [sp, #4]
    GPIO_InitStruct.Pin = GPIO_PIN_2;
 80031aa:	2304      	movs	r3, #4
 80031ac:	9302      	str	r3, [sp, #8]
    GPIO_InitStruct.Mode = GPIO_MODE_AF_PP;
 80031ae:	2302      	movs	r3, #2
 80031b0:	9303      	str	r3, [sp, #12]
    GPIO_InitStruct.Speed = GPIO_SPEED_FREQ_HIGH;
 80031b2:	2303      	movs	r3, #3
 80031b4:	9305      	str	r3, [sp, #20]
    HAL_GPIO_Init(GPIOA, &GPIO_InitStruct);
 80031b6:	4d0d      	ldr	r5, [pc, #52]	@ (80031ec <HAL_UART_MspInit+0x84>)
 80031b8:	a902      	add	r1, sp, #8
 80031ba:	4628      	mov	r0, r5
 80031bc:	f7ff fe9e 	bl	8002efc <HAL_GPIO_Init>
    GPIO_InitStruct.Pin = GPIO_PIN_3;
 80031c0:	2308      	movs	r3, #8
 80031c2:	9302      	str	r3, [sp, #8]
    GPIO_InitStruct.Mode = GPIO_MODE_INPUT;
 80031c4:	2400      	movs	r4, #0
 80031c6:	9403      	str	r4, [sp, #12]
    GPIO_InitStruct.Pull = GPIO_NOPULL;
 80031c8:	9404      	str	r4, [sp, #16]
    HAL_GPIO_Init(GPIOA, &GPIO_InitStruct);
 80031ca:	eb0d 0103 	add.w	r1, sp, r3
 80031ce:	4628      	mov	r0, r5
 80031d0:	f7ff fe94 	bl	8002efc <HAL_GPIO_Init>
    HAL_NVIC_SetPriority(USART2_IRQn, 0, 0);
 80031d4:	4622      	mov	r2, r4
 80031d6:	4621      	mov	r1, r4
 80031d8:	2026      	movs	r0, #38	@ 0x26
 80031da:	f7ff fb19 	bl	8002810 <HAL_NVIC_SetPriority>
    HAL_NVIC_EnableIRQ(USART2_IRQn);
 80031de:	2026      	movs	r0, #38	@ 0x26
 80031e0:	f7ff fb26 	bl	8002830 <HAL_NVIC_EnableIRQ>
}
 80031e4:	e7cb      	b.n	800317e <HAL_UART_MspInit+0x16>
 80031e6:	bf00      	nop
 80031e8:	40004400 	.word	0x40004400
 80031ec:	40010800 	.word	0x40010800

080031f0 <RCC_Delay>:
  * @brief  This function provides delay (in milliseconds) based on CPU cycles method.
  * @param  mdelay: specifies the delay time length, in milliseconds.
  * @retval None
  */
static void RCC_Delay(uint32_t mdelay)
{
 80031f0:	b082      	sub	sp, #8
  __IO uint32_t Delay = mdelay * (SystemCoreClock / 8U / 1000U);
 80031f2:	4b08      	ldr	r3, [pc, #32]	@ (8003214 <RCC_Delay+0x24>)
 80031f4:	681b      	ldr	r3, [r3, #0]
 80031f6:	4a08      	ldr	r2, [pc, #32]	@ (8003218 <RCC_Delay+0x28>)
 80031f8:	fba2 2303 	umull	r2, r3, r2, r3
 80031fc:	0a5b      	lsrs	r3, r3, #9
 80031fe:	fb00 f303 	mul.w	r3, r0, r3
 8003202:	9301      	str	r3, [sp, #4]
  do
  {
    __NOP();
 8003204:	bf00      	nop
  }
  while (Delay --);
 8003206:	9b01      	ldr	r3, [sp, #4]
 8003208:	1e5a      	subs	r2, r3, #1
 800320a:	9201      	str	r2, [sp, #4]
 800320c:	2b00      	cmp	r3, #0
 800320e:	d1f9      	bne.n	8003204 <RCC_Delay+0x14>
}
 8003210:	b002      	add	sp, #8
 8003212:	4770      	bx	lr
 8003214:	20000010 	.word	0x20000010
 8003218:	10624dd3 	.word	0x10624dd3

0800321c <HAL_RCC_OscConfig>:
  if (RCC_OscInitStruct == NULL)
 800321c:	2800      	cmp	r0, #0
 800321e:	f000 81f1 	beq.w	8003604 <HAL_RCC_OscConfig+0x3e8>
{
 8003222:	b570      	push	{r4, r5, r6, lr}
 8003224:	b082      	sub	sp, #8
 8003226:	4604      	mov	r4, r0
  if (((RCC_OscInitStruct->OscillatorType) & RCC_OSCILLATORTYPE_HSE) == RCC_OSCILLATORTYPE_HSE)
 8003228:	6803      	ldr	r3, [r0, #0]
 800322a:	f013 0f01 	tst.w	r3, #1
 800322e:	d02c      	beq.n	800328a <HAL_RCC_OscConfig+0x6e>
    if ((__HAL_RCC_GET_SYSCLK_SOURCE() == RCC_SYSCLKSOURCE_STATUS_HSE)
 8003230:	4b99      	ldr	r3, [pc, #612]	@ (8003498 <HAL_RCC_OscConfig+0x27c>)
 8003232:	685b      	ldr	r3, [r3, #4]
 8003234:	f003 030c 	and.w	r3, r3, #12
 8003238:	2b04      	cmp	r3, #4
 800323a:	d01d      	beq.n	8003278 <HAL_RCC_OscConfig+0x5c>
        || ((__HAL_RCC_GET_SYSCLK_SOURCE() == RCC_SYSCLKSOURCE_STATUS_PLLCLK) && (__HAL_RCC_GET_PLL_OSCSOURCE() == RCC_PLLSOURCE_HSE)))
 800323c:	4b96      	ldr	r3, [pc, #600]	@ (8003498 <HAL_RCC_OscConfig+0x27c>)
 800323e:	685b      	ldr	r3, [r3, #4]
 8003240:	f003 030c 	and.w	r3, r3, #12
 8003244:	2b08      	cmp	r3, #8
 8003246:	d012      	beq.n	800326e <HAL_RCC_OscConfig+0x52>
      __HAL_RCC_HSE_CONFIG(RCC_OscInitStruct->HSEState);
 8003248:	6863      	ldr	r3, [r4, #4]
 800324a:	f5b3 3f80 	cmp.w	r3, #65536	@ 0x10000
 800324e:	d041      	beq.n	80032d4 <HAL_RCC_OscConfig+0xb8>
 8003250:	2b00      	cmp	r3, #0
 8003252:	d155      	bne.n	8003300 <HAL_RCC_OscConfig+0xe4>
 8003254:	f103 4380 	add.w	r3, r3, #1073741824	@ 0x40000000
 8003258:	f503 3304 	add.w	r3, r3, #135168	@ 0x21000
 800325c:	681a      	ldr	r2, [r3, #0]
 800325e:	f422 3280 	bic.w	r2, r2, #65536	@ 0x10000
 8003262:	601a      	str	r2, [r3, #0]
 8003264:	681a      	ldr	r2, [r3, #0]
 8003266:	f422 2280 	bic.w	r2, r2, #262144	@ 0x40000
 800326a:	601a      	str	r2, [r3, #0]
 800326c:	e037      	b.n	80032de <HAL_RCC_OscConfig+0xc2>
        || ((__HAL_RCC_GET_SYSCLK_SOURCE() == RCC_SYSCLKSOURCE_STATUS_PLLCLK) && (__HAL_RCC_GET_PLL_OSCSOURCE() == RCC_PLLSOURCE_HSE)))
 800326e:	4b8a      	ldr	r3, [pc, #552]	@ (8003498 <HAL_RCC_OscConfig+0x27c>)
 8003270:	685b      	ldr	r3, [r3, #4]
 8003272:	f413 3f80 	tst.w	r3, #65536	@ 0x10000
 8003276:	d0e7      	beq.n	8003248 <HAL_RCC_OscConfig+0x2c>
      if ((__HAL_RCC_GET_FLAG(RCC_FLAG_HSERDY) != RESET) && (RCC_OscInitStruct->HSEState == RCC_HSE_OFF))
 8003278:	4b87      	ldr	r3, [pc, #540]	@ (8003498 <HAL_RCC_OscConfig+0x27c>)
 800327a:	681b      	ldr	r3, [r3, #0]
 800327c:	f413 3f00 	tst.w	r3, #131072	@ 0x20000
 8003280:	d003      	beq.n	800328a <HAL_RCC_OscConfig+0x6e>
 8003282:	6863      	ldr	r3, [r4, #4]
 8003284:	2b00      	cmp	r3, #0
 8003286:	f000 81bf 	beq.w	8003608 <HAL_RCC_OscConfig+0x3ec>
  if (((RCC_OscInitStruct->OscillatorType) & RCC_OSCILLATORTYPE_HSI) == RCC_OSCILLATORTYPE_HSI)
 800328a:	6823      	ldr	r3, [r4, #0]
 800328c:	f013 0f02 	tst.w	r3, #2
 8003290:	d075      	beq.n	800337e <HAL_RCC_OscConfig+0x162>
    if ((__HAL_RCC_GET_SYSCLK_SOURCE() == RCC_SYSCLKSOURCE_STATUS_HSI)
 8003292:	4b81      	ldr	r3, [pc, #516]	@ (8003498 <HAL_RCC_OscConfig+0x27c>)
 8003294:	685b      	ldr	r3, [r3, #4]
 8003296:	f013 0f0c 	tst.w	r3, #12
 800329a:	d05f      	beq.n	800335c <HAL_RCC_OscConfig+0x140>
        || ((__HAL_RCC_GET_SYSCLK_SOURCE() == RCC_SYSCLKSOURCE_STATUS_PLLCLK) && (__HAL_RCC_GET_PLL_OSCSOURCE() == RCC_PLLSOURCE_HSI_DIV2)))
 800329c:	4b7e      	ldr	r3, [pc, #504]	@ (8003498 <HAL_RCC_OscConfig+0x27c>)
 800329e:	685b      	ldr	r3, [r3, #4]
 80032a0:	f003 030c 	and.w	r3, r3, #12
 80032a4:	2b08      	cmp	r3, #8
 80032a6:	d054      	beq.n	8003352 <HAL_RCC_OscConfig+0x136>
      if (RCC_OscInitStruct->HSIState != RCC_HSI_OFF)
 80032a8:	6923      	ldr	r3, [r4, #16]
 80032aa:	2b00      	cmp	r3, #0
 80032ac:	f000 808a 	beq.w	80033c4 <HAL_RCC_OscConfig+0x1a8>
        __HAL_RCC_HSI_ENABLE();
 80032b0:	4b7a      	ldr	r3, [pc, #488]	@ (800349c <HAL_RCC_OscConfig+0x280>)
 80032b2:	2201      	movs	r2, #1
 80032b4:	601a      	str	r2, [r3, #0]
        tickstart = HAL_GetTick();
 80032b6:	f7ff fa5f 	bl	8002778 <HAL_GetTick>
 80032ba:	4605      	mov	r5, r0
        while (__HAL_RCC_GET_FLAG(RCC_FLAG_HSIRDY) == RESET)
 80032bc:	4b76      	ldr	r3, [pc, #472]	@ (8003498 <HAL_RCC_OscConfig+0x27c>)
 80032be:	681b      	ldr	r3, [r3, #0]
 80032c0:	f013 0f02 	tst.w	r3, #2
 80032c4:	d175      	bne.n	80033b2 <HAL_RCC_OscConfig+0x196>
          if ((HAL_GetTick() - tickstart) > HSI_TIMEOUT_VALUE)
 80032c6:	f7ff fa57 	bl	8002778 <HAL_GetTick>
 80032ca:	1b40      	subs	r0, r0, r5
 80032cc:	2802      	cmp	r0, #2
 80032ce:	d9f5      	bls.n	80032bc <HAL_RCC_OscConfig+0xa0>
            return HAL_TIMEOUT;
 80032d0:	2003      	movs	r0, #3
 80032d2:	e19e      	b.n	8003612 <HAL_RCC_OscConfig+0x3f6>
      __HAL_RCC_HSE_CONFIG(RCC_OscInitStruct->HSEState);
 80032d4:	4a70      	ldr	r2, [pc, #448]	@ (8003498 <HAL_RCC_OscConfig+0x27c>)
 80032d6:	6813      	ldr	r3, [r2, #0]
 80032d8:	f443 3380 	orr.w	r3, r3, #65536	@ 0x10000
 80032dc:	6013      	str	r3, [r2, #0]
      if (RCC_OscInitStruct->HSEState != RCC_HSE_OFF)
 80032de:	6863      	ldr	r3, [r4, #4]
 80032e0:	b343      	cbz	r3, 8003334 <HAL_RCC_OscConfig+0x118>
        tickstart = HAL_GetTick();
 80032e2:	f7ff fa49 	bl	8002778 <HAL_GetTick>
 80032e6:	4605      	mov	r5, r0
        while (__HAL_RCC_GET_FLAG(RCC_FLAG_HSERDY) == RESET)
 80032e8:	4b6b      	ldr	r3, [pc, #428]	@ (8003498 <HAL_RCC_OscConfig+0x27c>)
 80032ea:	681b      	ldr	r3, [r3, #0]
 80032ec:	f413 3f00 	tst.w	r3, #131072	@ 0x20000
 80032f0:	d1cb      	bne.n	800328a <HAL_RCC_OscConfig+0x6e>
          if ((HAL_GetTick() - tickstart) > HSE_TIMEOUT_VALUE)
 80032f2:	f7ff fa41 	bl	8002778 <HAL_GetTick>
 80032f6:	1b40      	subs	r0, r0, r5
 80032f8:	2864      	cmp	r0, #100	@ 0x64
 80032fa:	d9f5      	bls.n	80032e8 <HAL_RCC_OscConfig+0xcc>
            return HAL_TIMEOUT;
 80032fc:	2003      	movs	r0, #3
 80032fe:	e188      	b.n	8003612 <HAL_RCC_OscConfig+0x3f6>
      __HAL_RCC_HSE_CONFIG(RCC_OscInitStruct->HSEState);
 8003300:	f5b3 2fa0 	cmp.w	r3, #327680	@ 0x50000
 8003304:	d009      	beq.n	800331a <HAL_RCC_OscConfig+0xfe>
 8003306:	4b64      	ldr	r3, [pc, #400]	@ (8003498 <HAL_RCC_OscConfig+0x27c>)
 8003308:	681a      	ldr	r2, [r3, #0]
 800330a:	f422 3280 	bic.w	r2, r2, #65536	@ 0x10000
 800330e:	601a      	str	r2, [r3, #0]
 8003310:	681a      	ldr	r2, [r3, #0]
 8003312:	f422 2280 	bic.w	r2, r2, #262144	@ 0x40000
 8003316:	601a      	str	r2, [r3, #0]
 8003318:	e7e1      	b.n	80032de <HAL_RCC_OscConfig+0xc2>
 800331a:	f103 4380 	add.w	r3, r3, #1073741824	@ 0x40000000
 800331e:	f5a3 333c 	sub.w	r3, r3, #192512	@ 0x2f000
 8003322:	681a      	ldr	r2, [r3, #0]
 8003324:	f442 2280 	orr.w	r2, r2, #262144	@ 0x40000
 8003328:	601a      	str	r2, [r3, #0]
 800332a:	681a      	ldr	r2, [r3, #0]
 800332c:	f442 3280 	orr.w	r2, r2, #65536	@ 0x10000
 8003330:	601a      	str	r2, [r3, #0]
 8003332:	e7d4      	b.n	80032de <HAL_RCC_OscConfig+0xc2>
        tickstart = HAL_GetTick();
 8003334:	f7ff fa20 	bl	8002778 <HAL_GetTick>
 8003338:	4605      	mov	r5, r0
        while (__HAL_RCC_GET_FLAG(RCC_FLAG_HSERDY) != RESET)
 800333a:	4b57      	ldr	r3, [pc, #348]	@ (8003498 <HAL_RCC_OscConfig+0x27c>)
 800333c:	681b      	ldr	r3, [r3, #0]
 800333e:	f413 3f00 	tst.w	r3, #131072	@ 0x20000
 8003342:	d0a2      	beq.n	800328a <HAL_RCC_OscConfig+0x6e>
          if ((HAL_GetTick() - tickstart) > HSE_TIMEOUT_VALUE)
 8003344:	f7ff fa18 	bl	8002778 <HAL_GetTick>
 8003348:	1b40      	subs	r0, r0, r5
 800334a:	2864      	cmp	r0, #100	@ 0x64
 800334c:	d9f5      	bls.n	800333a <HAL_RCC_OscConfig+0x11e>
            return HAL_TIMEOUT;
 800334e:	2003      	movs	r0, #3
 8003350:	e15f      	b.n	8003612 <HAL_RCC_OscConfig+0x3f6>
        || ((__HAL_RCC_GET_SYSCLK_SOURCE() == RCC_SYSCLKSOURCE_STATUS_PLLCLK) && (__HAL_RCC_GET_PLL_OSCSOURCE() == RCC_PLLSOURCE_HSI_DIV2)))
 8003352:	4b51      	ldr	r3, [pc, #324]	@ (8003498 <HAL_RCC_OscConfig+0x27c>)
 8003354:	685b      	ldr	r3, [r3, #4]
 8003356:	f413 3f80 	tst.w	r3, #65536	@ 0x10000
 800335a:	d1a5      	bne.n	80032a8 <HAL_RCC_OscConfig+0x8c>
      if ((__HAL_RCC_GET_FLAG(RCC_FLAG_HSIRDY) != RESET) && (RCC_OscInitStruct->HSIState != RCC_HSI_ON))
 800335c:	4b4e      	ldr	r3, [pc, #312]	@ (8003498 <HAL_RCC_OscConfig+0x27c>)
 800335e:	681b      	ldr	r3, [r3, #0]
 8003360:	f013 0f02 	tst.w	r3, #2
 8003364:	d003      	beq.n	800336e <HAL_RCC_OscConfig+0x152>
 8003366:	6923      	ldr	r3, [r4, #16]
 8003368:	2b01      	cmp	r3, #1
 800336a:	f040 814f 	bne.w	800360c <HAL_RCC_OscConfig+0x3f0>
        __HAL_RCC_HSI_CALIBRATIONVALUE_ADJUST(RCC_OscInitStruct->HSICalibrationValue);
 800336e:	4a4a      	ldr	r2, [pc, #296]	@ (8003498 <HAL_RCC_OscConfig+0x27c>)
 8003370:	6813      	ldr	r3, [r2, #0]
 8003372:	f023 03f8 	bic.w	r3, r3, #248	@ 0xf8
 8003376:	6961      	ldr	r1, [r4, #20]
 8003378:	ea43 03c1 	orr.w	r3, r3, r1, lsl #3
 800337c:	6013      	str	r3, [r2, #0]
  if (((RCC_OscInitStruct->OscillatorType) & RCC_OSCILLATORTYPE_LSI) == RCC_OSCILLATORTYPE_LSI)
 800337e:	6823      	ldr	r3, [r4, #0]
 8003380:	f013 0f08 	tst.w	r3, #8
 8003384:	d033      	beq.n	80033ee <HAL_RCC_OscConfig+0x1d2>
    if (RCC_OscInitStruct->LSIState != RCC_LSI_OFF)
 8003386:	69a3      	ldr	r3, [r4, #24]
 8003388:	2b00      	cmp	r3, #0
 800338a:	d05c      	beq.n	8003446 <HAL_RCC_OscConfig+0x22a>
      __HAL_RCC_LSI_ENABLE();
 800338c:	4b43      	ldr	r3, [pc, #268]	@ (800349c <HAL_RCC_OscConfig+0x280>)
 800338e:	2201      	movs	r2, #1
 8003390:	f8c3 2480 	str.w	r2, [r3, #1152]	@ 0x480
      tickstart = HAL_GetTick();
 8003394:	f7ff f9f0 	bl	8002778 <HAL_GetTick>
 8003398:	4605      	mov	r5, r0
      while (__HAL_RCC_GET_FLAG(RCC_FLAG_LSIRDY) == RESET)
 800339a:	4b3f      	ldr	r3, [pc, #252]	@ (8003498 <HAL_RCC_OscConfig+0x27c>)
 800339c:	6a5b      	ldr	r3, [r3, #36]	@ 0x24
 800339e:	f013 0f02 	tst.w	r3, #2
 80033a2:	d121      	bne.n	80033e8 <HAL_RCC_OscConfig+0x1cc>
        if ((HAL_GetTick() - tickstart) > LSI_TIMEOUT_VALUE)
 80033a4:	f7ff f9e8 	bl	8002778 <HAL_GetTick>
 80033a8:	1b40      	subs	r0, r0, r5
 80033aa:	2802      	cmp	r0, #2
 80033ac:	d9f5      	bls.n	800339a <HAL_RCC_OscConfig+0x17e>
          return HAL_TIMEOUT;
 80033ae:	2003      	movs	r0, #3
 80033b0:	e12f      	b.n	8003612 <HAL_RCC_OscConfig+0x3f6>
        __HAL_RCC_HSI_CALIBRATIONVALUE_ADJUST(RCC_OscInitStruct->HSICalibrationValue);
 80033b2:	4a39      	ldr	r2, [pc, #228]	@ (8003498 <HAL_RCC_OscConfig+0x27c>)
 80033b4:	6813      	ldr	r3, [r2, #0]
 80033b6:	f023 03f8 	bic.w	r3, r3, #248	@ 0xf8
 80033ba:	6961      	ldr	r1, [r4, #20]
 80033bc:	ea43 03c1 	orr.w	r3, r3, r1, lsl #3
 80033c0:	6013      	str	r3, [r2, #0]
 80033c2:	e7dc      	b.n	800337e <HAL_RCC_OscConfig+0x162>
        __HAL_RCC_HSI_DISABLE();
 80033c4:	4b35      	ldr	r3, [pc, #212]	@ (800349c <HAL_RCC_OscConfig+0x280>)
 80033c6:	2200      	movs	r2, #0
 80033c8:	601a      	str	r2, [r3, #0]
        tickstart = HAL_GetTick();
 80033ca:	f7ff f9d5 	bl	8002778 <HAL_GetTick>
 80033ce:	4605      	mov	r5, r0
        while (__HAL_RCC_GET_FLAG(RCC_FLAG_HSIRDY) != RESET)
 80033d0:	4b31      	ldr	r3, [pc, #196]	@ (8003498 <HAL_RCC_OscConfig+0x27c>)
 80033d2:	681b      	ldr	r3, [r3, #0]
 80033d4:	f013 0f02 	tst.w	r3, #2
 80033d8:	d0d1      	beq.n	800337e <HAL_RCC_OscConfig+0x162>
          if ((HAL_GetTick() - tickstart) > HSI_TIMEOUT_VALUE)
 80033da:	f7ff f9cd 	bl	8002778 <HAL_GetTick>
 80033de:	1b40      	subs	r0, r0, r5
 80033e0:	2802      	cmp	r0, #2
 80033e2:	d9f5      	bls.n	80033d0 <HAL_RCC_OscConfig+0x1b4>
            return HAL_TIMEOUT;
 80033e4:	2003      	movs	r0, #3
 80033e6:	e114      	b.n	8003612 <HAL_RCC_OscConfig+0x3f6>
      RCC_Delay(1);
 80033e8:	2001      	movs	r0, #1
 80033ea:	f7ff ff01 	bl	80031f0 <RCC_Delay>
  if (((RCC_OscInitStruct->OscillatorType) & RCC_OSCILLATORTYPE_LSE) == RCC_OSCILLATORTYPE_LSE)
 80033ee:	6823      	ldr	r3, [r4, #0]
 80033f0:	f013 0f04 	tst.w	r3, #4
 80033f4:	f000 8096 	beq.w	8003524 <HAL_RCC_OscConfig+0x308>
    if (__HAL_RCC_PWR_IS_CLK_DISABLED())
 80033f8:	4b27      	ldr	r3, [pc, #156]	@ (8003498 <HAL_RCC_OscConfig+0x27c>)
 80033fa:	69db      	ldr	r3, [r3, #28]
 80033fc:	f013 5f80 	tst.w	r3, #268435456	@ 0x10000000
 8003400:	d134      	bne.n	800346c <HAL_RCC_OscConfig+0x250>
      __HAL_RCC_PWR_CLK_ENABLE();
 8003402:	4b25      	ldr	r3, [pc, #148]	@ (8003498 <HAL_RCC_OscConfig+0x27c>)
 8003404:	69da      	ldr	r2, [r3, #28]
 8003406:	f042 5280 	orr.w	r2, r2, #268435456	@ 0x10000000
 800340a:	61da      	str	r2, [r3, #28]
 800340c:	69db      	ldr	r3, [r3, #28]
 800340e:	f003 5380 	and.w	r3, r3, #268435456	@ 0x10000000
 8003412:	9301      	str	r3, [sp, #4]
 8003414:	9b01      	ldr	r3, [sp, #4]
      pwrclkchanged = SET;
 8003416:	2501      	movs	r5, #1
    if (HAL_IS_BIT_CLR(PWR->CR, PWR_CR_DBP))
 8003418:	4b21      	ldr	r3, [pc, #132]	@ (80034a0 <HAL_RCC_OscConfig+0x284>)
 800341a:	681b      	ldr	r3, [r3, #0]
 800341c:	f413 7f80 	tst.w	r3, #256	@ 0x100
 8003420:	d026      	beq.n	8003470 <HAL_RCC_OscConfig+0x254>
    __HAL_RCC_LSE_CONFIG(RCC_OscInitStruct->LSEState);
 8003422:	68e3      	ldr	r3, [r4, #12]
 8003424:	2b01      	cmp	r3, #1
 8003426:	d03d      	beq.n	80034a4 <HAL_RCC_OscConfig+0x288>
 8003428:	2b00      	cmp	r3, #0
 800342a:	d153      	bne.n	80034d4 <HAL_RCC_OscConfig+0x2b8>
 800342c:	f103 4380 	add.w	r3, r3, #1073741824	@ 0x40000000
 8003430:	f503 3304 	add.w	r3, r3, #135168	@ 0x21000
 8003434:	6a1a      	ldr	r2, [r3, #32]
 8003436:	f022 0201 	bic.w	r2, r2, #1
 800343a:	621a      	str	r2, [r3, #32]
 800343c:	6a1a      	ldr	r2, [r3, #32]
 800343e:	f022 0204 	bic.w	r2, r2, #4
 8003442:	621a      	str	r2, [r3, #32]
 8003444:	e033      	b.n	80034ae <HAL_RCC_OscConfig+0x292>
      __HAL_RCC_LSI_DISABLE();
 8003446:	4b15      	ldr	r3, [pc, #84]	@ (800349c <HAL_RCC_OscConfig+0x280>)
 8003448:	2200      	movs	r2, #0
 800344a:	f8c3 2480 	str.w	r2, [r3, #1152]	@ 0x480
      tickstart = HAL_GetTick();
 800344e:	f7ff f993 	bl	8002778 <HAL_GetTick>
 8003452:	4605      	mov	r5, r0
      while (__HAL_RCC_GET_FLAG(RCC_FLAG_LSIRDY) != RESET)
 8003454:	4b10      	ldr	r3, [pc, #64]	@ (8003498 <HAL_RCC_OscConfig+0x27c>)
 8003456:	6a5b      	ldr	r3, [r3, #36]	@ 0x24
 8003458:	f013 0f02 	tst.w	r3, #2
 800345c:	d0c7      	beq.n	80033ee <HAL_RCC_OscConfig+0x1d2>
        if ((HAL_GetTick() - tickstart) > LSI_TIMEOUT_VALUE)
 800345e:	f7ff f98b 	bl	8002778 <HAL_GetTick>
 8003462:	1b40      	subs	r0, r0, r5
 8003464:	2802      	cmp	r0, #2
 8003466:	d9f5      	bls.n	8003454 <HAL_RCC_OscConfig+0x238>
          return HAL_TIMEOUT;
 8003468:	2003      	movs	r0, #3
 800346a:	e0d2      	b.n	8003612 <HAL_RCC_OscConfig+0x3f6>
    FlagStatus       pwrclkchanged = RESET;
 800346c:	2500      	movs	r5, #0
 800346e:	e7d3      	b.n	8003418 <HAL_RCC_OscConfig+0x1fc>
      SET_BIT(PWR->CR, PWR_CR_DBP);
 8003470:	4a0b      	ldr	r2, [pc, #44]	@ (80034a0 <HAL_RCC_OscConfig+0x284>)
 8003472:	6813      	ldr	r3, [r2, #0]
 8003474:	f443 7380 	orr.w	r3, r3, #256	@ 0x100
 8003478:	6013      	str	r3, [r2, #0]
      tickstart = HAL_GetTick();
 800347a:	f7ff f97d 	bl	8002778 <HAL_GetTick>
 800347e:	4606      	mov	r6, r0
      while (HAL_IS_BIT_CLR(PWR->CR, PWR_CR_DBP))
 8003480:	4b07      	ldr	r3, [pc, #28]	@ (80034a0 <HAL_RCC_OscConfig+0x284>)
 8003482:	681b      	ldr	r3, [r3, #0]
 8003484:	f413 7f80 	tst.w	r3, #256	@ 0x100
 8003488:	d1cb      	bne.n	8003422 <HAL_RCC_OscConfig+0x206>
        if ((HAL_GetTick() - tickstart) > RCC_DBP_TIMEOUT_VALUE)
 800348a:	f7ff f975 	bl	8002778 <HAL_GetTick>
 800348e:	1b80      	subs	r0, r0, r6
 8003490:	2864      	cmp	r0, #100	@ 0x64
 8003492:	d9f5      	bls.n	8003480 <HAL_RCC_OscConfig+0x264>
          return HAL_TIMEOUT;
 8003494:	2003      	movs	r0, #3
 8003496:	e0bc      	b.n	8003612 <HAL_RCC_OscConfig+0x3f6>
 8003498:	40021000 	.word	0x40021000
 800349c:	42420000 	.word	0x42420000
 80034a0:	40007000 	.word	0x40007000
    __HAL_RCC_LSE_CONFIG(RCC_OscInitStruct->LSEState);
 80034a4:	4a5f      	ldr	r2, [pc, #380]	@ (8003624 <HAL_RCC_OscConfig+0x408>)
 80034a6:	6a13      	ldr	r3, [r2, #32]
 80034a8:	f043 0301 	orr.w	r3, r3, #1
 80034ac:	6213      	str	r3, [r2, #32]
    if (RCC_OscInitStruct->LSEState != RCC_LSE_OFF)
 80034ae:	68e3      	ldr	r3, [r4, #12]
 80034b0:	b333      	cbz	r3, 8003500 <HAL_RCC_OscConfig+0x2e4>
      tickstart = HAL_GetTick();
 80034b2:	f7ff f961 	bl	8002778 <HAL_GetTick>
 80034b6:	4606      	mov	r6, r0
      while (__HAL_RCC_GET_FLAG(RCC_FLAG_LSERDY) == RESET)
 80034b8:	4b5a      	ldr	r3, [pc, #360]	@ (8003624 <HAL_RCC_OscConfig+0x408>)
 80034ba:	6a1b      	ldr	r3, [r3, #32]
 80034bc:	f013 0f02 	tst.w	r3, #2
 80034c0:	d12f      	bne.n	8003522 <HAL_RCC_OscConfig+0x306>
        if ((HAL_GetTick() - tickstart) > RCC_LSE_TIMEOUT_VALUE)
 80034c2:	f7ff f959 	bl	8002778 <HAL_GetTick>
 80034c6:	1b80      	subs	r0, r0, r6
 80034c8:	f241 3388 	movw	r3, #5000	@ 0x1388
 80034cc:	4298      	cmp	r0, r3
 80034ce:	d9f3      	bls.n	80034b8 <HAL_RCC_OscConfig+0x29c>
          return HAL_TIMEOUT;
 80034d0:	2003      	movs	r0, #3
 80034d2:	e09e      	b.n	8003612 <HAL_RCC_OscConfig+0x3f6>
    __HAL_RCC_LSE_CONFIG(RCC_OscInitStruct->LSEState);
 80034d4:	2b05      	cmp	r3, #5
 80034d6:	d009      	beq.n	80034ec <HAL_RCC_OscConfig+0x2d0>
 80034d8:	4b52      	ldr	r3, [pc, #328]	@ (8003624 <HAL_RCC_OscConfig+0x408>)
 80034da:	6a1a      	ldr	r2, [r3, #32]
 80034dc:	f022 0201 	bic.w	r2, r2, #1
 80034e0:	621a      	str	r2, [r3, #32]
 80034e2:	6a1a      	ldr	r2, [r3, #32]
 80034e4:	f022 0204 	bic.w	r2, r2, #4
 80034e8:	621a      	str	r2, [r3, #32]
 80034ea:	e7e0      	b.n	80034ae <HAL_RCC_OscConfig+0x292>
 80034ec:	4b4d      	ldr	r3, [pc, #308]	@ (8003624 <HAL_RCC_OscConfig+0x408>)
 80034ee:	6a1a      	ldr	r2, [r3, #32]
 80034f0:	f042 0204 	orr.w	r2, r2, #4
 80034f4:	621a      	str	r2, [r3, #32]
 80034f6:	6a1a      	ldr	r2, [r3, #32]
 80034f8:	f042 0201 	orr.w	r2, r2, #1
 80034fc:	621a      	str	r2, [r3, #32]
 80034fe:	e7d6      	b.n	80034ae <HAL_RCC_OscConfig+0x292>
      tickstart = HAL_GetTick();
 8003500:	f7ff f93a 	bl	8002778 <HAL_GetTick>
 8003504:	4606      	mov	r6, r0
      while (__HAL_RCC_GET_FLAG(RCC_FLAG_LSERDY) != RESET)
 8003506:	4b47      	ldr	r3, [pc, #284]	@ (8003624 <HAL_RCC_OscConfig+0x408>)
 8003508:	6a1b      	ldr	r3, [r3, #32]
 800350a:	f013 0f02 	tst.w	r3, #2
 800350e:	d008      	beq.n	8003522 <HAL_RCC_OscConfig+0x306>
        if ((HAL_GetTick() - tickstart) > RCC_LSE_TIMEOUT_VALUE)
 8003510:	f7ff f932 	bl	8002778 <HAL_GetTick>
 8003514:	1b80      	subs	r0, r0, r6
 8003516:	f241 3388 	movw	r3, #5000	@ 0x1388
 800351a:	4298      	cmp	r0, r3
 800351c:	d9f3      	bls.n	8003506 <HAL_RCC_OscConfig+0x2ea>
          return HAL_TIMEOUT;
 800351e:	2003      	movs	r0, #3
 8003520:	e077      	b.n	8003612 <HAL_RCC_OscConfig+0x3f6>
    if (pwrclkchanged == SET)
 8003522:	b9e5      	cbnz	r5, 800355e <HAL_RCC_OscConfig+0x342>
  if ((RCC_OscInitStruct->PLL.PLLState) != RCC_PLL_NONE)
 8003524:	69e3      	ldr	r3, [r4, #28]
 8003526:	2b00      	cmp	r3, #0
 8003528:	d072      	beq.n	8003610 <HAL_RCC_OscConfig+0x3f4>
    if (__HAL_RCC_GET_SYSCLK_SOURCE() != RCC_SYSCLKSOURCE_STATUS_PLLCLK)
 800352a:	4a3e      	ldr	r2, [pc, #248]	@ (8003624 <HAL_RCC_OscConfig+0x408>)
 800352c:	6852      	ldr	r2, [r2, #4]
 800352e:	f002 020c 	and.w	r2, r2, #12
 8003532:	2a08      	cmp	r2, #8
 8003534:	d056      	beq.n	80035e4 <HAL_RCC_OscConfig+0x3c8>
      if ((RCC_OscInitStruct->PLL.PLLState) == RCC_PLL_ON)
 8003536:	2b02      	cmp	r3, #2
 8003538:	d017      	beq.n	800356a <HAL_RCC_OscConfig+0x34e>
        __HAL_RCC_PLL_DISABLE();
 800353a:	4b3b      	ldr	r3, [pc, #236]	@ (8003628 <HAL_RCC_OscConfig+0x40c>)
 800353c:	2200      	movs	r2, #0
 800353e:	661a      	str	r2, [r3, #96]	@ 0x60
        tickstart = HAL_GetTick();
 8003540:	f7ff f91a 	bl	8002778 <HAL_GetTick>
 8003544:	4604      	mov	r4, r0
        while (__HAL_RCC_GET_FLAG(RCC_FLAG_PLLRDY)  != RESET)
 8003546:	4b37      	ldr	r3, [pc, #220]	@ (8003624 <HAL_RCC_OscConfig+0x408>)
 8003548:	681b      	ldr	r3, [r3, #0]
 800354a:	f013 7f00 	tst.w	r3, #33554432	@ 0x2000000
 800354e:	d047      	beq.n	80035e0 <HAL_RCC_OscConfig+0x3c4>
          if ((HAL_GetTick() - tickstart) > PLL_TIMEOUT_VALUE)
 8003550:	f7ff f912 	bl	8002778 <HAL_GetTick>
 8003554:	1b00      	subs	r0, r0, r4
 8003556:	2802      	cmp	r0, #2
 8003558:	d9f5      	bls.n	8003546 <HAL_RCC_OscConfig+0x32a>
            return HAL_TIMEOUT;
 800355a:	2003      	movs	r0, #3
 800355c:	e059      	b.n	8003612 <HAL_RCC_OscConfig+0x3f6>
      __HAL_RCC_PWR_CLK_DISABLE();
 800355e:	4a31      	ldr	r2, [pc, #196]	@ (8003624 <HAL_RCC_OscConfig+0x408>)
 8003560:	69d3      	ldr	r3, [r2, #28]
 8003562:	f023 5380 	bic.w	r3, r3, #268435456	@ 0x10000000
 8003566:	61d3      	str	r3, [r2, #28]
 8003568:	e7dc      	b.n	8003524 <HAL_RCC_OscConfig+0x308>
        __HAL_RCC_PLL_DISABLE();
 800356a:	4b2f      	ldr	r3, [pc, #188]	@ (8003628 <HAL_RCC_OscConfig+0x40c>)
 800356c:	2200      	movs	r2, #0
 800356e:	661a      	str	r2, [r3, #96]	@ 0x60
        tickstart = HAL_GetTick();
 8003570:	f7ff f902 	bl	8002778 <HAL_GetTick>
 8003574:	4605      	mov	r5, r0
        while (__HAL_RCC_GET_FLAG(RCC_FLAG_PLLRDY)  != RESET)
 8003576:	4b2b      	ldr	r3, [pc, #172]	@ (8003624 <HAL_RCC_OscConfig+0x408>)
 8003578:	681b      	ldr	r3, [r3, #0]
 800357a:	f013 7f00 	tst.w	r3, #33554432	@ 0x2000000
 800357e:	d006      	beq.n	800358e <HAL_RCC_OscConfig+0x372>
          if ((HAL_GetTick() - tickstart) > PLL_TIMEOUT_VALUE)
 8003580:	f7ff f8fa 	bl	8002778 <HAL_GetTick>
 8003584:	1b40      	subs	r0, r0, r5
 8003586:	2802      	cmp	r0, #2
 8003588:	d9f5      	bls.n	8003576 <HAL_RCC_OscConfig+0x35a>
            return HAL_TIMEOUT;
 800358a:	2003      	movs	r0, #3
 800358c:	e041      	b.n	8003612 <HAL_RCC_OscConfig+0x3f6>
        if (RCC_OscInitStruct->PLL.PLLSource == RCC_PLLSOURCE_HSE)
 800358e:	6a23      	ldr	r3, [r4, #32]
 8003590:	f5b3 3f80 	cmp.w	r3, #65536	@ 0x10000
 8003594:	d01a      	beq.n	80035cc <HAL_RCC_OscConfig+0x3b0>
        __HAL_RCC_PLL_CONFIG(RCC_OscInitStruct->PLL.PLLSource,
 8003596:	4923      	ldr	r1, [pc, #140]	@ (8003624 <HAL_RCC_OscConfig+0x408>)
 8003598:	684b      	ldr	r3, [r1, #4]
 800359a:	f423 1374 	bic.w	r3, r3, #3997696	@ 0x3d0000
 800359e:	6a22      	ldr	r2, [r4, #32]
 80035a0:	6a60      	ldr	r0, [r4, #36]	@ 0x24
 80035a2:	4302      	orrs	r2, r0
 80035a4:	4313      	orrs	r3, r2
 80035a6:	604b      	str	r3, [r1, #4]
        __HAL_RCC_PLL_ENABLE();
 80035a8:	4b1f      	ldr	r3, [pc, #124]	@ (8003628 <HAL_RCC_OscConfig+0x40c>)
 80035aa:	2201      	movs	r2, #1
 80035ac:	661a      	str	r2, [r3, #96]	@ 0x60
        tickstart = HAL_GetTick();
 80035ae:	f7ff f8e3 	bl	8002778 <HAL_GetTick>
 80035b2:	4604      	mov	r4, r0
        while (__HAL_RCC_GET_FLAG(RCC_FLAG_PLLRDY)  == RESET)
 80035b4:	4b1b      	ldr	r3, [pc, #108]	@ (8003624 <HAL_RCC_OscConfig+0x408>)
 80035b6:	681b      	ldr	r3, [r3, #0]
 80035b8:	f013 7f00 	tst.w	r3, #33554432	@ 0x2000000
 80035bc:	d10e      	bne.n	80035dc <HAL_RCC_OscConfig+0x3c0>
          if ((HAL_GetTick() - tickstart) > PLL_TIMEOUT_VALUE)
 80035be:	f7ff f8db 	bl	8002778 <HAL_GetTick>
 80035c2:	1b00      	subs	r0, r0, r4
 80035c4:	2802      	cmp	r0, #2
 80035c6:	d9f5      	bls.n	80035b4 <HAL_RCC_OscConfig+0x398>
            return HAL_TIMEOUT;
 80035c8:	2003      	movs	r0, #3
 80035ca:	e022      	b.n	8003612 <HAL_RCC_OscConfig+0x3f6>
          __HAL_RCC_HSE_PREDIV_CONFIG(RCC_OscInitStruct->HSEPredivValue);
 80035cc:	4a15      	ldr	r2, [pc, #84]	@ (8003624 <HAL_RCC_OscConfig+0x408>)
 80035ce:	6853      	ldr	r3, [r2, #4]
 80035d0:	f423 3300 	bic.w	r3, r3, #131072	@ 0x20000
 80035d4:	68a1      	ldr	r1, [r4, #8]
 80035d6:	430b      	orrs	r3, r1
 80035d8:	6053      	str	r3, [r2, #4]
 80035da:	e7dc      	b.n	8003596 <HAL_RCC_OscConfig+0x37a>
  return HAL_OK;
 80035dc:	2000      	movs	r0, #0
 80035de:	e018      	b.n	8003612 <HAL_RCC_OscConfig+0x3f6>
 80035e0:	2000      	movs	r0, #0
 80035e2:	e016      	b.n	8003612 <HAL_RCC_OscConfig+0x3f6>
      if ((RCC_OscInitStruct->PLL.PLLState) == RCC_PLL_OFF)
 80035e4:	2b01      	cmp	r3, #1
 80035e6:	d016      	beq.n	8003616 <HAL_RCC_OscConfig+0x3fa>
        pll_config = RCC->CFGR;
 80035e8:	4b0e      	ldr	r3, [pc, #56]	@ (8003624 <HAL_RCC_OscConfig+0x408>)
 80035ea:	685b      	ldr	r3, [r3, #4]
        if ((READ_BIT(pll_config, RCC_CFGR_PLLSRC) != RCC_OscInitStruct->PLL.PLLSource) ||
 80035ec:	f403 3180 	and.w	r1, r3, #65536	@ 0x10000
 80035f0:	6a22      	ldr	r2, [r4, #32]
 80035f2:	4291      	cmp	r1, r2
 80035f4:	d111      	bne.n	800361a <HAL_RCC_OscConfig+0x3fe>
            (READ_BIT(pll_config, RCC_CFGR_PLLMULL) != RCC_OscInitStruct->PLL.PLLMUL))
 80035f6:	f403 1370 	and.w	r3, r3, #3932160	@ 0x3c0000
 80035fa:	6a62      	ldr	r2, [r4, #36]	@ 0x24
        if ((READ_BIT(pll_config, RCC_CFGR_PLLSRC) != RCC_OscInitStruct->PLL.PLLSource) ||
 80035fc:	4293      	cmp	r3, r2
 80035fe:	d10e      	bne.n	800361e <HAL_RCC_OscConfig+0x402>
  return HAL_OK;
 8003600:	2000      	movs	r0, #0
 8003602:	e006      	b.n	8003612 <HAL_RCC_OscConfig+0x3f6>
    return HAL_ERROR;
 8003604:	2001      	movs	r0, #1
}
 8003606:	4770      	bx	lr
        return HAL_ERROR;
 8003608:	2001      	movs	r0, #1
 800360a:	e002      	b.n	8003612 <HAL_RCC_OscConfig+0x3f6>
        return HAL_ERROR;
 800360c:	2001      	movs	r0, #1
 800360e:	e000      	b.n	8003612 <HAL_RCC_OscConfig+0x3f6>
  return HAL_OK;
 8003610:	2000      	movs	r0, #0
}
 8003612:	b002      	add	sp, #8
 8003614:	bd70      	pop	{r4, r5, r6, pc}
        return HAL_ERROR;
 8003616:	2001      	movs	r0, #1
 8003618:	e7fb      	b.n	8003612 <HAL_RCC_OscConfig+0x3f6>
          return HAL_ERROR;
 800361a:	2001      	movs	r0, #1
 800361c:	e7f9      	b.n	8003612 <HAL_RCC_OscConfig+0x3f6>
 800361e:	2001      	movs	r0, #1
 8003620:	e7f7      	b.n	8003612 <HAL_RCC_OscConfig+0x3f6>
 8003622:	bf00      	nop
 8003624:	40021000 	.word	0x40021000
 8003628:	42420000 	.word	0x42420000

0800362c <HAL_RCC_GetSysClockFreq>:
  tmpreg = RCC->CFGR;
 800362c:	4b0f      	ldr	r3, [pc, #60]	@ (800366c <HAL_RCC_GetSysClockFreq+0x40>)
 800362e:	685b      	ldr	r3, [r3, #4]
  switch (tmpreg & RCC_CFGR_SWS)
 8003630:	f003 020c 	and.w	r2, r3, #12
 8003634:	2a08      	cmp	r2, #8
 8003636:	d001      	beq.n	800363c <HAL_RCC_GetSysClockFreq+0x10>
      sysclockfreq = HSE_VALUE;
 8003638:	480d      	ldr	r0, [pc, #52]	@ (8003670 <HAL_RCC_GetSysClockFreq+0x44>)
}
 800363a:	4770      	bx	lr
      pllmul = aPLLMULFactorTable[(uint32_t)(tmpreg & RCC_CFGR_PLLMULL) >> RCC_CFGR_PLLMULL_Pos];
 800363c:	f3c3 4283 	ubfx	r2, r3, #18, #4
 8003640:	490c      	ldr	r1, [pc, #48]	@ (8003674 <HAL_RCC_GetSysClockFreq+0x48>)
 8003642:	5c88      	ldrb	r0, [r1, r2]
      if ((tmpreg & RCC_CFGR_PLLSRC) != RCC_PLLSOURCE_HSI_DIV2)
 8003644:	f413 3f80 	tst.w	r3, #65536	@ 0x10000
 8003648:	d00b      	beq.n	8003662 <HAL_RCC_GetSysClockFreq+0x36>
        prediv = aPredivFactorTable[(uint32_t)(RCC->CFGR & RCC_CFGR_PLLXTPRE) >> RCC_CFGR_PLLXTPRE_Pos];
 800364a:	4b08      	ldr	r3, [pc, #32]	@ (800366c <HAL_RCC_GetSysClockFreq+0x40>)
 800364c:	685b      	ldr	r3, [r3, #4]
 800364e:	f3c3 4340 	ubfx	r3, r3, #17, #1
 8003652:	4a09      	ldr	r2, [pc, #36]	@ (8003678 <HAL_RCC_GetSysClockFreq+0x4c>)
 8003654:	5cd3      	ldrb	r3, [r2, r3]
        pllclk = (uint32_t)((HSE_VALUE  * pllmul) / prediv);
 8003656:	4a06      	ldr	r2, [pc, #24]	@ (8003670 <HAL_RCC_GetSysClockFreq+0x44>)
 8003658:	fb02 f000 	mul.w	r0, r2, r0
 800365c:	fbb0 f0f3 	udiv	r0, r0, r3
 8003660:	4770      	bx	lr
        pllclk = (uint32_t)((HSI_VALUE >> 1) * pllmul);
 8003662:	4b06      	ldr	r3, [pc, #24]	@ (800367c <HAL_RCC_GetSysClockFreq+0x50>)
 8003664:	fb03 f000 	mul.w	r0, r3, r0
 8003668:	4770      	bx	lr
 800366a:	bf00      	nop
 800366c:	40021000 	.word	0x40021000
 8003670:	007a1200 	.word	0x007a1200
 8003674:	08005710 	.word	0x08005710
 8003678:	0800570c 	.word	0x0800570c
 800367c:	003d0900 	.word	0x003d0900

08003680 <HAL_RCC_ClockConfig>:
  if (RCC_ClkInitStruct == NULL)
 8003680:	2800      	cmp	r0, #0
 8003682:	f000 80a0 	beq.w	80037c6 <HAL_RCC_ClockConfig+0x146>
{
 8003686:	b570      	push	{r4, r5, r6, lr}
 8003688:	460d      	mov	r5, r1
 800368a:	4604      	mov	r4, r0
  if (FLatency > __HAL_FLASH_GET_LATENCY())
 800368c:	4b52      	ldr	r3, [pc, #328]	@ (80037d8 <HAL_RCC_ClockConfig+0x158>)
 800368e:	681b      	ldr	r3, [r3, #0]
 8003690:	f003 0307 	and.w	r3, r3, #7
 8003694:	428b      	cmp	r3, r1
 8003696:	d20b      	bcs.n	80036b0 <HAL_RCC_ClockConfig+0x30>
    __HAL_FLASH_SET_LATENCY(FLatency);
 8003698:	4a4f      	ldr	r2, [pc, #316]	@ (80037d8 <HAL_RCC_ClockConfig+0x158>)
 800369a:	6813      	ldr	r3, [r2, #0]
 800369c:	f023 0307 	bic.w	r3, r3, #7
 80036a0:	430b      	orrs	r3, r1
 80036a2:	6013      	str	r3, [r2, #0]
    if (__HAL_FLASH_GET_LATENCY() != FLatency)
 80036a4:	6813      	ldr	r3, [r2, #0]
 80036a6:	f003 0307 	and.w	r3, r3, #7
 80036aa:	428b      	cmp	r3, r1
 80036ac:	f040 808d 	bne.w	80037ca <HAL_RCC_ClockConfig+0x14a>
if (((RCC_ClkInitStruct->ClockType) & RCC_CLOCKTYPE_HCLK) == RCC_CLOCKTYPE_HCLK)
 80036b0:	6823      	ldr	r3, [r4, #0]
 80036b2:	f013 0f02 	tst.w	r3, #2
 80036b6:	d017      	beq.n	80036e8 <HAL_RCC_ClockConfig+0x68>
    if (((RCC_ClkInitStruct->ClockType) & RCC_CLOCKTYPE_PCLK1) == RCC_CLOCKTYPE_PCLK1)
 80036b8:	f013 0f04 	tst.w	r3, #4
 80036bc:	d004      	beq.n	80036c8 <HAL_RCC_ClockConfig+0x48>
      MODIFY_REG(RCC->CFGR, RCC_CFGR_PPRE1, RCC_HCLK_DIV16);
 80036be:	4a47      	ldr	r2, [pc, #284]	@ (80037dc <HAL_RCC_ClockConfig+0x15c>)
 80036c0:	6853      	ldr	r3, [r2, #4]
 80036c2:	f443 63e0 	orr.w	r3, r3, #1792	@ 0x700
 80036c6:	6053      	str	r3, [r2, #4]
    if (((RCC_ClkInitStruct->ClockType) & RCC_CLOCKTYPE_PCLK2) == RCC_CLOCKTYPE_PCLK2)
 80036c8:	6823      	ldr	r3, [r4, #0]
 80036ca:	f013 0f08 	tst.w	r3, #8
 80036ce:	d004      	beq.n	80036da <HAL_RCC_ClockConfig+0x5a>
      MODIFY_REG(RCC->CFGR, RCC_CFGR_PPRE2, (RCC_HCLK_DIV16 << 3));
 80036d0:	4a42      	ldr	r2, [pc, #264]	@ (80037dc <HAL_RCC_ClockConfig+0x15c>)
 80036d2:	6853      	ldr	r3, [r2, #4]
 80036d4:	f443 5360 	orr.w	r3, r3, #14336	@ 0x3800
 80036d8:	6053      	str	r3, [r2, #4]
    MODIFY_REG(RCC->CFGR, RCC_CFGR_HPRE, RCC_ClkInitStruct->AHBCLKDivider);
 80036da:	4a40      	ldr	r2, [pc, #256]	@ (80037dc <HAL_RCC_ClockConfig+0x15c>)
 80036dc:	6853      	ldr	r3, [r2, #4]
 80036de:	f023 03f0 	bic.w	r3, r3, #240	@ 0xf0
 80036e2:	68a1      	ldr	r1, [r4, #8]
 80036e4:	430b      	orrs	r3, r1
 80036e6:	6053      	str	r3, [r2, #4]
  if (((RCC_ClkInitStruct->ClockType) & RCC_CLOCKTYPE_SYSCLK) == RCC_CLOCKTYPE_SYSCLK)
 80036e8:	6823      	ldr	r3, [r4, #0]
 80036ea:	f013 0f01 	tst.w	r3, #1
 80036ee:	d031      	beq.n	8003754 <HAL_RCC_ClockConfig+0xd4>
    if (RCC_ClkInitStruct->SYSCLKSource == RCC_SYSCLKSOURCE_HSE)
 80036f0:	6863      	ldr	r3, [r4, #4]
 80036f2:	2b01      	cmp	r3, #1
 80036f4:	d020      	beq.n	8003738 <HAL_RCC_ClockConfig+0xb8>
    else if (RCC_ClkInitStruct->SYSCLKSource == RCC_SYSCLKSOURCE_PLLCLK)
 80036f6:	2b02      	cmp	r3, #2
 80036f8:	d025      	beq.n	8003746 <HAL_RCC_ClockConfig+0xc6>
      if (__HAL_RCC_GET_FLAG(RCC_FLAG_HSIRDY) == RESET)
 80036fa:	4a38      	ldr	r2, [pc, #224]	@ (80037dc <HAL_RCC_ClockConfig+0x15c>)
 80036fc:	6812      	ldr	r2, [r2, #0]
 80036fe:	f012 0f02 	tst.w	r2, #2
 8003702:	d064      	beq.n	80037ce <HAL_RCC_ClockConfig+0x14e>
    __HAL_RCC_SYSCLK_CONFIG(RCC_ClkInitStruct->SYSCLKSource);
 8003704:	4935      	ldr	r1, [pc, #212]	@ (80037dc <HAL_RCC_ClockConfig+0x15c>)
 8003706:	684a      	ldr	r2, [r1, #4]
 8003708:	f022 0203 	bic.w	r2, r2, #3
 800370c:	4313      	orrs	r3, r2
 800370e:	604b      	str	r3, [r1, #4]
    tickstart = HAL_GetTick();
 8003710:	f7ff f832 	bl	8002778 <HAL_GetTick>
 8003714:	4606      	mov	r6, r0
    while (__HAL_RCC_GET_SYSCLK_SOURCE() != (RCC_ClkInitStruct->SYSCLKSource << RCC_CFGR_SWS_Pos))
 8003716:	4b31      	ldr	r3, [pc, #196]	@ (80037dc <HAL_RCC_ClockConfig+0x15c>)
 8003718:	685b      	ldr	r3, [r3, #4]
 800371a:	f003 030c 	and.w	r3, r3, #12
 800371e:	6862      	ldr	r2, [r4, #4]
 8003720:	ebb3 0f82 	cmp.w	r3, r2, lsl #2
 8003724:	d016      	beq.n	8003754 <HAL_RCC_ClockConfig+0xd4>
      if ((HAL_GetTick() - tickstart) > CLOCKSWITCH_TIMEOUT_VALUE)
 8003726:	f7ff f827 	bl	8002778 <HAL_GetTick>
 800372a:	1b80      	subs	r0, r0, r6
 800372c:	f241 3388 	movw	r3, #5000	@ 0x1388
 8003730:	4298      	cmp	r0, r3
 8003732:	d9f0      	bls.n	8003716 <HAL_RCC_ClockConfig+0x96>
        return HAL_TIMEOUT;
 8003734:	2003      	movs	r0, #3
 8003736:	e045      	b.n	80037c4 <HAL_RCC_ClockConfig+0x144>
      if (__HAL_RCC_GET_FLAG(RCC_FLAG_HSERDY) == RESET)
 8003738:	4a28      	ldr	r2, [pc, #160]	@ (80037dc <HAL_RCC_ClockConfig+0x15c>)
 800373a:	6812      	ldr	r2, [r2, #0]
 800373c:	f412 3f00 	tst.w	r2, #131072	@ 0x20000
 8003740:	d1e0      	bne.n	8003704 <HAL_RCC_ClockConfig+0x84>
        return HAL_ERROR;
 8003742:	2001      	movs	r0, #1
 8003744:	e03e      	b.n	80037c4 <HAL_RCC_ClockConfig+0x144>
      if (__HAL_RCC_GET_FLAG(RCC_FLAG_PLLRDY) == RESET)
 8003746:	4a25      	ldr	r2, [pc, #148]	@ (80037dc <HAL_RCC_ClockConfig+0x15c>)
 8003748:	6812      	ldr	r2, [r2, #0]
 800374a:	f012 7f00 	tst.w	r2, #33554432	@ 0x2000000
 800374e:	d1d9      	bne.n	8003704 <HAL_RCC_ClockConfig+0x84>
        return HAL_ERROR;
 8003750:	2001      	movs	r0, #1
 8003752:	e037      	b.n	80037c4 <HAL_RCC_ClockConfig+0x144>
  if (FLatency < __HAL_FLASH_GET_LATENCY())
 8003754:	4b20      	ldr	r3, [pc, #128]	@ (80037d8 <HAL_RCC_ClockConfig+0x158>)
 8003756:	681b      	ldr	r3, [r3, #0]
 8003758:	f003 0307 	and.w	r3, r3, #7
 800375c:	42ab      	cmp	r3, r5
 800375e:	d90a      	bls.n	8003776 <HAL_RCC_ClockConfig+0xf6>
    __HAL_FLASH_SET_LATENCY(FLatency);
 8003760:	4a1d      	ldr	r2, [pc, #116]	@ (80037d8 <HAL_RCC_ClockConfig+0x158>)
 8003762:	6813      	ldr	r3, [r2, #0]
 8003764:	f023 0307 	bic.w	r3, r3, #7
 8003768:	432b      	orrs	r3, r5
 800376a:	6013      	str	r3, [r2, #0]
    if (__HAL_FLASH_GET_LATENCY() != FLatency)
 800376c:	6813      	ldr	r3, [r2, #0]
 800376e:	f003 0307 	and.w	r3, r3, #7
 8003772:	42ab      	cmp	r3, r5
 8003774:	d12d      	bne.n	80037d2 <HAL_RCC_ClockConfig+0x152>
if (((RCC_ClkInitStruct->ClockType) & RCC_CLOCKTYPE_PCLK1) == RCC_CLOCKTYPE_PCLK1)
 8003776:	6823      	ldr	r3, [r4, #0]
 8003778:	f013 0f04 	tst.w	r3, #4
 800377c:	d006      	beq.n	800378c <HAL_RCC_ClockConfig+0x10c>
    MODIFY_REG(RCC->CFGR, RCC_CFGR_PPRE1, RCC_ClkInitStruct->APB1CLKDivider);
 800377e:	4a17      	ldr	r2, [pc, #92]	@ (80037dc <HAL_RCC_ClockConfig+0x15c>)
 8003780:	6853      	ldr	r3, [r2, #4]
 8003782:	f423 63e0 	bic.w	r3, r3, #1792	@ 0x700
 8003786:	68e1      	ldr	r1, [r4, #12]
 8003788:	430b      	orrs	r3, r1
 800378a:	6053      	str	r3, [r2, #4]
  if (((RCC_ClkInitStruct->ClockType) & RCC_CLOCKTYPE_PCLK2) == RCC_CLOCKTYPE_PCLK2)
 800378c:	6823      	ldr	r3, [r4, #0]
 800378e:	f013 0f08 	tst.w	r3, #8
 8003792:	d007      	beq.n	80037a4 <HAL_RCC_ClockConfig+0x124>
    MODIFY_REG(RCC->CFGR, RCC_CFGR_PPRE2, ((RCC_ClkInitStruct->APB2CLKDivider) << 3));
 8003794:	4a11      	ldr	r2, [pc, #68]	@ (80037dc <HAL_RCC_ClockConfig+0x15c>)
 8003796:	6853      	ldr	r3, [r2, #4]
 8003798:	f423 5360 	bic.w	r3, r3, #14336	@ 0x3800
 800379c:	6921      	ldr	r1, [r4, #16]
 800379e:	ea43 03c1 	orr.w	r3, r3, r1, lsl #3
 80037a2:	6053      	str	r3, [r2, #4]
  SystemCoreClock = HAL_RCC_GetSysClockFreq() >> AHBPrescTable[(RCC->CFGR & RCC_CFGR_HPRE) >> RCC_CFGR_HPRE_Pos];
 80037a4:	f7ff ff42 	bl	800362c <HAL_RCC_GetSysClockFreq>
 80037a8:	4b0c      	ldr	r3, [pc, #48]	@ (80037dc <HAL_RCC_ClockConfig+0x15c>)
 80037aa:	685b      	ldr	r3, [r3, #4]
 80037ac:	f3c3 1303 	ubfx	r3, r3, #4, #4
 80037b0:	4a0b      	ldr	r2, [pc, #44]	@ (80037e0 <HAL_RCC_ClockConfig+0x160>)
 80037b2:	5cd3      	ldrb	r3, [r2, r3]
 80037b4:	40d8      	lsrs	r0, r3
 80037b6:	4b0b      	ldr	r3, [pc, #44]	@ (80037e4 <HAL_RCC_ClockConfig+0x164>)
 80037b8:	6018      	str	r0, [r3, #0]
  HAL_InitTick(uwTickPrio);
 80037ba:	4b0b      	ldr	r3, [pc, #44]	@ (80037e8 <HAL_RCC_ClockConfig+0x168>)
 80037bc:	6818      	ldr	r0, [r3, #0]
 80037be:	f7fe ff97 	bl	80026f0 <HAL_InitTick>
  return HAL_OK;
 80037c2:	2000      	movs	r0, #0
}
 80037c4:	bd70      	pop	{r4, r5, r6, pc}
    return HAL_ERROR;
 80037c6:	2001      	movs	r0, #1
}
 80037c8:	4770      	bx	lr
    return HAL_ERROR;
 80037ca:	2001      	movs	r0, #1
 80037cc:	e7fa      	b.n	80037c4 <HAL_RCC_ClockConfig+0x144>
        return HAL_ERROR;
 80037ce:	2001      	movs	r0, #1
 80037d0:	e7f8      	b.n	80037c4 <HAL_RCC_ClockConfig+0x144>
    return HAL_ERROR;
 80037d2:	2001      	movs	r0, #1
 80037d4:	e7f6      	b.n	80037c4 <HAL_RCC_ClockConfig+0x144>
 80037d6:	bf00      	nop
 80037d8:	40022000 	.word	0x40022000
 80037dc:	40021000 	.word	0x40021000
 80037e0:	08005728 	.word	0x08005728
 80037e4:	20000010 	.word	0x20000010
 80037e8:	2000000c 	.word	0x2000000c

080037ec <HAL_RCC_GetHCLKFreq>:
}
 80037ec:	4b01      	ldr	r3, [pc, #4]	@ (80037f4 <HAL_RCC_GetHCLKFreq+0x8>)
 80037ee:	6818      	ldr	r0, [r3, #0]
 80037f0:	4770      	bx	lr
 80037f2:	bf00      	nop
 80037f4:	20000010 	.word	0x20000010

080037f8 <HAL_RCC_GetPCLK1Freq>:
{
 80037f8:	b508      	push	{r3, lr}
  return (HAL_RCC_GetHCLKFreq() >> APBPrescTable[(RCC->CFGR & RCC_CFGR_PPRE1) >> RCC_CFGR_PPRE1_Pos]);
 80037fa:	f7ff fff7 	bl	80037ec <HAL_RCC_GetHCLKFreq>
 80037fe:	4b04      	ldr	r3, [pc, #16]	@ (8003810 <HAL_RCC_GetPCLK1Freq+0x18>)
 8003800:	685b      	ldr	r3, [r3, #4]
 8003802:	f3c3 2302 	ubfx	r3, r3, #8, #3
 8003806:	4a03      	ldr	r2, [pc, #12]	@ (8003814 <HAL_RCC_GetPCLK1Freq+0x1c>)
 8003808:	5cd3      	ldrb	r3, [r2, r3]
}
 800380a:	40d8      	lsrs	r0, r3
 800380c:	bd08      	pop	{r3, pc}
 800380e:	bf00      	nop
 8003810:	40021000 	.word	0x40021000
 8003814:	08005720 	.word	0x08005720

08003818 <HAL_RCC_GetPCLK2Freq>:
{
 8003818:	b508      	push	{r3, lr}
  return (HAL_RCC_GetHCLKFreq() >> APBPrescTable[(RCC->CFGR & RCC_CFGR_PPRE2) >> RCC_CFGR_PPRE2_Pos]);
 800381a:	f7ff ffe7 	bl	80037ec <HAL_RCC_GetHCLKFreq>
 800381e:	4b04      	ldr	r3, [pc, #16]	@ (8003830 <HAL_RCC_GetPCLK2Freq+0x18>)
 8003820:	685b      	ldr	r3, [r3, #4]
 8003822:	f3c3 23c2 	ubfx	r3, r3, #11, #3
 8003826:	4a03      	ldr	r2, [pc, #12]	@ (8003834 <HAL_RCC_GetPCLK2Freq+0x1c>)
 8003828:	5cd3      	ldrb	r3, [r2, r3]
}
 800382a:	40d8      	lsrs	r0, r3
 800382c:	bd08      	pop	{r3, pc}
 800382e:	bf00      	nop
 8003830:	40021000 	.word	0x40021000
 8003834:	08005720 	.word	0x08005720

08003838 <TIM_OC1_SetConfig>:
  * @param  TIMx to select the TIM peripheral
  * @param  OC_Config The output configuration structure
  * @retval None
  */
static void TIM_OC1_SetConfig(TIM_TypeDef *TIMx, const TIM_OC_InitTypeDef *OC_Config)
{
 8003838:	b430      	push	{r4, r5}
  uint32_t tmpccmrx;
  uint32_t tmpccer;
  uint32_t tmpcr2;

  /* Get the TIMx CCER register value */
  tmpccer = TIMx->CCER;
 800383a:	6a02      	ldr	r2, [r0, #32]

  /* Disable the Channel 1: Reset the CC1E Bit */
  TIMx->CCER &= ~TIM_CCER_CC1E;
 800383c:	6a03      	ldr	r3, [r0, #32]
 800383e:	f023 0301 	bic.w	r3, r3, #1
 8003842:	6203      	str	r3, [r0, #32]

  /* Get the TIMx CR2 register value */
  tmpcr2 =  TIMx->CR2;
 8003844:	6845      	ldr	r5, [r0, #4]

  /* Get the TIMx CCMR1 register value */
  tmpccmrx = TIMx->CCMR1;
 8003846:	6983      	ldr	r3, [r0, #24]

  /* Reset the Output Compare Mode Bits */
  tmpccmrx &= ~TIM_CCMR1_OC1M;
  tmpccmrx &= ~TIM_CCMR1_CC1S;
 8003848:	f023 0373 	bic.w	r3, r3, #115	@ 0x73
  /* Select the Output Compare Mode */
  tmpccmrx |= OC_Config->OCMode;
 800384c:	680c      	ldr	r4, [r1, #0]
 800384e:	431c      	orrs	r4, r3

  /* Reset the Output Polarity level */
  tmpccer &= ~TIM_CCER_CC1P;
 8003850:	f022 0202 	bic.w	r2, r2, #2
  /* Set the Output Compare Polarity */
  tmpccer |= OC_Config->OCPolarity;
 8003854:	688b      	ldr	r3, [r1, #8]
 8003856:	4313      	orrs	r3, r2

  if (IS_TIM_CCXN_INSTANCE(TIMx, TIM_CHANNEL_1))
 8003858:	4a0b      	ldr	r2, [pc, #44]	@ (8003888 <TIM_OC1_SetConfig+0x50>)
 800385a:	4290      	cmp	r0, r2
 800385c:	d006      	beq.n	800386c <TIM_OC1_SetConfig+0x34>
    /* Set the Output N Idle state */
    tmpcr2 |= OC_Config->OCNIdleState;
  }

  /* Write to TIMx CR2 */
  TIMx->CR2 = tmpcr2;
 800385e:	6045      	str	r5, [r0, #4]

  /* Write to TIMx CCMR1 */
  TIMx->CCMR1 = tmpccmrx;
 8003860:	6184      	str	r4, [r0, #24]

  /* Set the Capture Compare Register value */
  TIMx->CCR1 = OC_Config->Pulse;
 8003862:	684a      	ldr	r2, [r1, #4]
 8003864:	6342      	str	r2, [r0, #52]	@ 0x34

  /* Write to TIMx CCER */
  TIMx->CCER = tmpccer;
 8003866:	6203      	str	r3, [r0, #32]
}
 8003868:	bc30      	pop	{r4, r5}
 800386a:	4770      	bx	lr
    tmpccer &= ~TIM_CCER_CC1NP;
 800386c:	f023 0308 	bic.w	r3, r3, #8
    tmpccer |= OC_Config->OCNPolarity;
 8003870:	68ca      	ldr	r2, [r1, #12]
 8003872:	431a      	orrs	r2, r3
    tmpccer &= ~TIM_CCER_CC1NE;
 8003874:	f022 0304 	bic.w	r3, r2, #4
    tmpcr2 &= ~TIM_CR2_OIS1N;
 8003878:	f425 7540 	bic.w	r5, r5, #768	@ 0x300
    tmpcr2 |= OC_Config->OCIdleState;
 800387c:	694a      	ldr	r2, [r1, #20]
 800387e:	432a      	orrs	r2, r5
    tmpcr2 |= OC_Config->OCNIdleState;
 8003880:	698d      	ldr	r5, [r1, #24]
 8003882:	4315      	orrs	r5, r2
 8003884:	e7eb      	b.n	800385e <TIM_OC1_SetConfig+0x26>
 8003886:	bf00      	nop
 8003888:	40012c00 	.word	0x40012c00

0800388c <TIM_OC3_SetConfig>:
  * @param  TIMx to select the TIM peripheral
  * @param  OC_Config The output configuration structure
  * @retval None
  */
static void TIM_OC3_SetConfig(TIM_TypeDef *TIMx, const TIM_OC_InitTypeDef *OC_Config)
{
 800388c:	b430      	push	{r4, r5}
  uint32_t tmpccmrx;
  uint32_t tmpccer;
  uint32_t tmpcr2;

  /* Get the TIMx CCER register value */
  tmpccer = TIMx->CCER;
 800388e:	6a03      	ldr	r3, [r0, #32]

  /* Disable the Channel 3: Reset the CC2E Bit */
  TIMx->CCER &= ~TIM_CCER_CC3E;
 8003890:	6a02      	ldr	r2, [r0, #32]
 8003892:	f422 7280 	bic.w	r2, r2, #256	@ 0x100
 8003896:	6202      	str	r2, [r0, #32]

  /* Get the TIMx CR2 register value */
  tmpcr2 =  TIMx->CR2;
 8003898:	6844      	ldr	r4, [r0, #4]

  /* Get the TIMx CCMR2 register value */
  tmpccmrx = TIMx->CCMR2;
 800389a:	69c2      	ldr	r2, [r0, #28]

  /* Reset the Output Compare mode and Capture/Compare selection Bits */
  tmpccmrx &= ~TIM_CCMR2_OC3M;
  tmpccmrx &= ~TIM_CCMR2_CC3S;
 800389c:	f022 0273 	bic.w	r2, r2, #115	@ 0x73
  /* Select the Output Compare Mode */
  tmpccmrx |= OC_Config->OCMode;
 80038a0:	680d      	ldr	r5, [r1, #0]
 80038a2:	4315      	orrs	r5, r2

  /* Reset the Output Polarity level */
  tmpccer &= ~TIM_CCER_CC3P;
 80038a4:	f423 7300 	bic.w	r3, r3, #512	@ 0x200
  /* Set the Output Compare Polarity */
  tmpccer |= (OC_Config->OCPolarity << 8U);
 80038a8:	688a      	ldr	r2, [r1, #8]
 80038aa:	ea43 2302 	orr.w	r3, r3, r2, lsl #8

  if (IS_TIM_CCXN_INSTANCE(TIMx, TIM_CHANNEL_3))
 80038ae:	4a0d      	ldr	r2, [pc, #52]	@ (80038e4 <TIM_OC3_SetConfig+0x58>)
 80038b0:	4290      	cmp	r0, r2
 80038b2:	d006      	beq.n	80038c2 <TIM_OC3_SetConfig+0x36>
    /* Set the Output N Idle state */
    tmpcr2 |= (OC_Config->OCNIdleState << 4U);
  }

  /* Write to TIMx CR2 */
  TIMx->CR2 = tmpcr2;
 80038b4:	6044      	str	r4, [r0, #4]

  /* Write to TIMx CCMR2 */
  TIMx->CCMR2 = tmpccmrx;
 80038b6:	61c5      	str	r5, [r0, #28]

  /* Set the Capture Compare Register value */
  TIMx->CCR3 = OC_Config->Pulse;
 80038b8:	684a      	ldr	r2, [r1, #4]
 80038ba:	63c2      	str	r2, [r0, #60]	@ 0x3c

  /* Write to TIMx CCER */
  TIMx->CCER = tmpccer;
 80038bc:	6203      	str	r3, [r0, #32]
}
 80038be:	bc30      	pop	{r4, r5}
 80038c0:	4770      	bx	lr
    tmpccer &= ~TIM_CCER_CC3NP;
 80038c2:	f423 6300 	bic.w	r3, r3, #2048	@ 0x800
    tmpccer |= (OC_Config->OCNPolarity << 8U);
 80038c6:	68ca      	ldr	r2, [r1, #12]
 80038c8:	ea43 2302 	orr.w	r3, r3, r2, lsl #8
    tmpccer &= ~TIM_CCER_CC3NE;
 80038cc:	f423 6380 	bic.w	r3, r3, #1024	@ 0x400
    tmpcr2 &= ~TIM_CR2_OIS3N;
 80038d0:	f424 5440 	bic.w	r4, r4, #12288	@ 0x3000
    tmpcr2 |= (OC_Config->OCIdleState << 4U);
 80038d4:	694a      	ldr	r2, [r1, #20]
 80038d6:	ea44 1402 	orr.w	r4, r4, r2, lsl #4
    tmpcr2 |= (OC_Config->OCNIdleState << 4U);
 80038da:	698a      	ldr	r2, [r1, #24]
 80038dc:	ea44 1402 	orr.w	r4, r4, r2, lsl #4
 80038e0:	e7e8      	b.n	80038b4 <TIM_OC3_SetConfig+0x28>
 80038e2:	bf00      	nop
 80038e4:	40012c00 	.word	0x40012c00

080038e8 <TIM_OC4_SetConfig>:
  * @param  TIMx to select the TIM peripheral
  * @param  OC_Config The output configuration structure
  * @retval None
  */
static void TIM_OC4_SetConfig(TIM_TypeDef *TIMx, const TIM_OC_InitTypeDef *OC_Config)
{
 80038e8:	b430      	push	{r4, r5}
  uint32_t tmpccmrx;
  uint32_t tmpccer;
  uint32_t tmpcr2;

  /* Get the TIMx CCER register value */
  tmpccer = TIMx->CCER;
 80038ea:	6a03      	ldr	r3, [r0, #32]

  /* Disable the Channel 4: Reset the CC4E Bit */
  TIMx->CCER &= ~TIM_CCER_CC4E;
 80038ec:	6a02      	ldr	r2, [r0, #32]
 80038ee:	f422 5280 	bic.w	r2, r2, #4096	@ 0x1000
 80038f2:	6202      	str	r2, [r0, #32]

  /* Get the TIMx CR2 register value */
  tmpcr2 =  TIMx->CR2;
 80038f4:	6844      	ldr	r4, [r0, #4]

  /* Get the TIMx CCMR2 register value */
  tmpccmrx = TIMx->CCMR2;
 80038f6:	69c2      	ldr	r2, [r0, #28]

  /* Reset the Output Compare mode and Capture/Compare selection Bits */
  tmpccmrx &= ~TIM_CCMR2_OC4M;
  tmpccmrx &= ~TIM_CCMR2_CC4S;
 80038f8:	f422 42e6 	bic.w	r2, r2, #29440	@ 0x7300

  /* Select the Output Compare Mode */
  tmpccmrx |= (OC_Config->OCMode << 8U);
 80038fc:	680d      	ldr	r5, [r1, #0]
 80038fe:	ea42 2205 	orr.w	r2, r2, r5, lsl #8

  /* Reset the Output Polarity level */
  tmpccer &= ~TIM_CCER_CC4P;
 8003902:	f423 5300 	bic.w	r3, r3, #8192	@ 0x2000
  /* Set the Output Compare Polarity */
  tmpccer |= (OC_Config->OCPolarity << 12U);
 8003906:	688d      	ldr	r5, [r1, #8]
 8003908:	ea43 3305 	orr.w	r3, r3, r5, lsl #12

  if (IS_TIM_BREAK_INSTANCE(TIMx))
 800390c:	4d07      	ldr	r5, [pc, #28]	@ (800392c <TIM_OC4_SetConfig+0x44>)
 800390e:	42a8      	cmp	r0, r5
 8003910:	d006      	beq.n	8003920 <TIM_OC4_SetConfig+0x38>
    /* Set the Output Idle state */
    tmpcr2 |= (OC_Config->OCIdleState << 6U);
  }

  /* Write to TIMx CR2 */
  TIMx->CR2 = tmpcr2;
 8003912:	6044      	str	r4, [r0, #4]

  /* Write to TIMx CCMR2 */
  TIMx->CCMR2 = tmpccmrx;
 8003914:	61c2      	str	r2, [r0, #28]

  /* Set the Capture Compare Register value */
  TIMx->CCR4 = OC_Config->Pulse;
 8003916:	684a      	ldr	r2, [r1, #4]
 8003918:	6402      	str	r2, [r0, #64]	@ 0x40

  /* Write to TIMx CCER */
  TIMx->CCER = tmpccer;
 800391a:	6203      	str	r3, [r0, #32]
}
 800391c:	bc30      	pop	{r4, r5}
 800391e:	4770      	bx	lr
    tmpcr2 &= ~TIM_CR2_OIS4;
 8003920:	f424 4480 	bic.w	r4, r4, #16384	@ 0x4000
    tmpcr2 |= (OC_Config->OCIdleState << 6U);
 8003924:	694d      	ldr	r5, [r1, #20]
 8003926:	ea44 1485 	orr.w	r4, r4, r5, lsl #6
 800392a:	e7f2      	b.n	8003912 <TIM_OC4_SetConfig+0x2a>
 800392c:	40012c00 	.word	0x40012c00

08003930 <HAL_TIM_Base_Start>:
  if (htim->State != HAL_TIM_STATE_READY)
 8003930:	f890 303d 	ldrb.w	r3, [r0, #61]	@ 0x3d
 8003934:	b2db      	uxtb	r3, r3
 8003936:	2b01      	cmp	r3, #1
 8003938:	d122      	bne.n	8003980 <HAL_TIM_Base_Start+0x50>
  htim->State = HAL_TIM_STATE_BUSY;
 800393a:	2302      	movs	r3, #2
 800393c:	f880 303d 	strb.w	r3, [r0, #61]	@ 0x3d
  if (IS_TIM_SLAVE_INSTANCE(htim->Instance))
 8003940:	6803      	ldr	r3, [r0, #0]
 8003942:	4a11      	ldr	r2, [pc, #68]	@ (8003988 <HAL_TIM_Base_Start+0x58>)
 8003944:	4293      	cmp	r3, r2
 8003946:	d010      	beq.n	800396a <HAL_TIM_Base_Start+0x3a>
 8003948:	f1b3 4f80 	cmp.w	r3, #1073741824	@ 0x40000000
 800394c:	d00d      	beq.n	800396a <HAL_TIM_Base_Start+0x3a>
 800394e:	f5a2 3294 	sub.w	r2, r2, #75776	@ 0x12800
 8003952:	4293      	cmp	r3, r2
 8003954:	d009      	beq.n	800396a <HAL_TIM_Base_Start+0x3a>
 8003956:	f502 6280 	add.w	r2, r2, #1024	@ 0x400
 800395a:	4293      	cmp	r3, r2
 800395c:	d005      	beq.n	800396a <HAL_TIM_Base_Start+0x3a>
    __HAL_TIM_ENABLE(htim);
 800395e:	681a      	ldr	r2, [r3, #0]
 8003960:	f042 0201 	orr.w	r2, r2, #1
 8003964:	601a      	str	r2, [r3, #0]
  return HAL_OK;
 8003966:	2000      	movs	r0, #0
 8003968:	4770      	bx	lr
    tmpsmcr = htim->Instance->SMCR & TIM_SMCR_SMS;
 800396a:	689a      	ldr	r2, [r3, #8]
 800396c:	f002 0207 	and.w	r2, r2, #7
    if (!IS_TIM_SLAVEMODE_TRIGGER_ENABLED(tmpsmcr))
 8003970:	2a06      	cmp	r2, #6
 8003972:	d007      	beq.n	8003984 <HAL_TIM_Base_Start+0x54>
      __HAL_TIM_ENABLE(htim);
 8003974:	681a      	ldr	r2, [r3, #0]
 8003976:	f042 0201 	orr.w	r2, r2, #1
 800397a:	601a      	str	r2, [r3, #0]
  return HAL_OK;
 800397c:	2000      	movs	r0, #0
 800397e:	4770      	bx	lr
    return HAL_ERROR;
 8003980:	2001      	movs	r0, #1
 8003982:	4770      	bx	lr
  return HAL_OK;
 8003984:	2000      	movs	r0, #0
}
 8003986:	4770      	bx	lr
 8003988:	40012c00 	.word	0x40012c00

0800398c <HAL_TIM_PWM_MspInit>:
}
 800398c:	4770      	bx	lr

0800398e <HAL_TIM_OC_DelayElapsedCallback>:
}
 800398e:	4770      	bx	lr

08003990 <HAL_TIM_IC_CaptureCallback>:
}
 8003990:	4770      	bx	lr

08003992 <HAL_TIM_PWM_PulseFinishedCallback>:
}
 8003992:	4770      	bx	lr

08003994 <HAL_TIM_TriggerCallback>:
}
 8003994:	4770      	bx	lr

08003996 <HAL_TIM_IRQHandler>:
{
 8003996:	b570      	push	{r4, r5, r6, lr}
 8003998:	4604      	mov	r4, r0
  uint32_t itsource = htim->Instance->DIER;
 800399a:	6803      	ldr	r3, [r0, #0]
 800399c:	68de      	ldr	r6, [r3, #12]
  uint32_t itflag   = htim->Instance->SR;
 800399e:	691d      	ldr	r5, [r3, #16]
  if ((itflag & (TIM_FLAG_CC1)) == (TIM_FLAG_CC1))
 80039a0:	f015 0f02 	tst.w	r5, #2
 80039a4:	d010      	beq.n	80039c8 <HAL_TIM_IRQHandler+0x32>
    if ((itsource & (TIM_IT_CC1)) == (TIM_IT_CC1))
 80039a6:	f016 0f02 	tst.w	r6, #2
 80039aa:	d00d      	beq.n	80039c8 <HAL_TIM_IRQHandler+0x32>
        __HAL_TIM_CLEAR_FLAG(htim, TIM_FLAG_CC1);
 80039ac:	f06f 0202 	mvn.w	r2, #2
 80039b0:	611a      	str	r2, [r3, #16]
        htim->Channel = HAL_TIM_ACTIVE_CHANNEL_1;
 80039b2:	2301      	movs	r3, #1
 80039b4:	7703      	strb	r3, [r0, #28]
        if ((htim->Instance->CCMR1 & TIM_CCMR1_CC1S) != 0x00U)
 80039b6:	6803      	ldr	r3, [r0, #0]
 80039b8:	699b      	ldr	r3, [r3, #24]
 80039ba:	f013 0f03 	tst.w	r3, #3
 80039be:	d05e      	beq.n	8003a7e <HAL_TIM_IRQHandler+0xe8>
          HAL_TIM_IC_CaptureCallback(htim);
 80039c0:	f7ff ffe6 	bl	8003990 <HAL_TIM_IC_CaptureCallback>
        htim->Channel = HAL_TIM_ACTIVE_CHANNEL_CLEARED;
 80039c4:	2300      	movs	r3, #0
 80039c6:	7723      	strb	r3, [r4, #28]
  if ((itflag & (TIM_FLAG_CC2)) == (TIM_FLAG_CC2))
 80039c8:	f015 0f04 	tst.w	r5, #4
 80039cc:	d012      	beq.n	80039f4 <HAL_TIM_IRQHandler+0x5e>
    if ((itsource & (TIM_IT_CC2)) == (TIM_IT_CC2))
 80039ce:	f016 0f04 	tst.w	r6, #4
 80039d2:	d00f      	beq.n	80039f4 <HAL_TIM_IRQHandler+0x5e>
      __HAL_TIM_CLEAR_FLAG(htim, TIM_FLAG_CC2);
 80039d4:	6823      	ldr	r3, [r4, #0]
 80039d6:	f06f 0204 	mvn.w	r2, #4
 80039da:	611a      	str	r2, [r3, #16]
      htim->Channel = HAL_TIM_ACTIVE_CHANNEL_2;
 80039dc:	2302      	movs	r3, #2
 80039de:	7723      	strb	r3, [r4, #28]
      if ((htim->Instance->CCMR1 & TIM_CCMR1_CC2S) != 0x00U)
 80039e0:	6823      	ldr	r3, [r4, #0]
 80039e2:	699b      	ldr	r3, [r3, #24]
 80039e4:	f413 7f40 	tst.w	r3, #768	@ 0x300
 80039e8:	d04f      	beq.n	8003a8a <HAL_TIM_IRQHandler+0xf4>
        HAL_TIM_IC_CaptureCallback(htim);
 80039ea:	4620      	mov	r0, r4
 80039ec:	f7ff ffd0 	bl	8003990 <HAL_TIM_IC_CaptureCallback>
      htim->Channel = HAL_TIM_ACTIVE_CHANNEL_CLEARED;
 80039f0:	2300      	movs	r3, #0
 80039f2:	7723      	strb	r3, [r4, #28]
  if ((itflag & (TIM_FLAG_CC3)) == (TIM_FLAG_CC3))
 80039f4:	f015 0f08 	tst.w	r5, #8
 80039f8:	d012      	beq.n	8003a20 <HAL_TIM_IRQHandler+0x8a>
    if ((itsource & (TIM_IT_CC3)) == (TIM_IT_CC3))
 80039fa:	f016 0f08 	tst.w	r6, #8
 80039fe:	d00f      	beq.n	8003a20 <HAL_TIM_IRQHandler+0x8a>
      __HAL_TIM_CLEAR_FLAG(htim, TIM_FLAG_CC3);
 8003a00:	6823      	ldr	r3, [r4, #0]
 8003a02:	f06f 0208 	mvn.w	r2, #8
 8003a06:	611a      	str	r2, [r3, #16]
      htim->Channel = HAL_TIM_ACTIVE_CHANNEL_3;
 8003a08:	2304      	movs	r3, #4
 8003a0a:	7723      	strb	r3, [r4, #28]
      if ((htim->Instance->CCMR2 & TIM_CCMR2_CC3S) != 0x00U)
 8003a0c:	6823      	ldr	r3, [r4, #0]
 8003a0e:	69db      	ldr	r3, [r3, #28]
 8003a10:	f013 0f03 	tst.w	r3, #3
 8003a14:	d040      	beq.n	8003a98 <HAL_TIM_IRQHandler+0x102>
        HAL_TIM_IC_CaptureCallback(htim);
 8003a16:	4620      	mov	r0, r4
 8003a18:	f7ff ffba 	bl	8003990 <HAL_TIM_IC_CaptureCallback>
      htim->Channel = HAL_TIM_ACTIVE_CHANNEL_CLEARED;
 8003a1c:	2300      	movs	r3, #0
 8003a1e:	7723      	strb	r3, [r4, #28]
  if ((itflag & (TIM_FLAG_CC4)) == (TIM_FLAG_CC4))
 8003a20:	f015 0f10 	tst.w	r5, #16
 8003a24:	d012      	beq.n	8003a4c <HAL_TIM_IRQHandler+0xb6>
    if ((itsource & (TIM_IT_CC4)) == (TIM_IT_CC4))
 8003a26:	f016 0f10 	tst.w	r6, #16
 8003a2a:	d00f      	beq.n	8003a4c <HAL_TIM_IRQHandler+0xb6>
      __HAL_TIM_CLEAR_FLAG(htim, TIM_FLAG_CC4);
 8003a2c:	6823      	ldr	r3, [r4, #0]
 8003a2e:	f06f 0210 	mvn.w	r2, #16
 8003a32:	611a      	str	r2, [r3, #16]
      htim->Channel = HAL_TIM_ACTIVE_CHANNEL_4;
 8003a34:	2308      	movs	r3, #8
 8003a36:	7723      	strb	r3, [r4, #28]
      if ((htim->Instance->CCMR2 & TIM_CCMR2_CC4S) != 0x00U)
 8003a38:	6823      	ldr	r3, [r4, #0]
 8003a3a:	69db      	ldr	r3, [r3, #28]
 8003a3c:	f413 7f40 	tst.w	r3, #768	@ 0x300
 8003a40:	d031      	beq.n	8003aa6 <HAL_TIM_IRQHandler+0x110>
        HAL_TIM_IC_CaptureCallback(htim);
 8003a42:	4620      	mov	r0, r4
 8003a44:	f7ff ffa4 	bl	8003990 <HAL_TIM_IC_CaptureCallback>
      htim->Channel = HAL_TIM_ACTIVE_CHANNEL_CLEARED;
 8003a48:	2300      	movs	r3, #0
 8003a4a:	7723      	strb	r3, [r4, #28]
  if ((itflag & (TIM_FLAG_UPDATE)) == (TIM_FLAG_UPDATE))
 8003a4c:	f015 0f01 	tst.w	r5, #1
 8003a50:	d002      	beq.n	8003a58 <HAL_TIM_IRQHandler+0xc2>
    if ((itsource & (TIM_IT_UPDATE)) == (TIM_IT_UPDATE))
 8003a52:	f016 0f01 	tst.w	r6, #1
 8003a56:	d12d      	bne.n	8003ab4 <HAL_TIM_IRQHandler+0x11e>
  if ((itflag & (TIM_FLAG_BREAK)) == (TIM_FLAG_BREAK))
 8003a58:	f015 0f80 	tst.w	r5, #128	@ 0x80
 8003a5c:	d002      	beq.n	8003a64 <HAL_TIM_IRQHandler+0xce>
    if ((itsource & (TIM_IT_BREAK)) == (TIM_IT_BREAK))
 8003a5e:	f016 0f80 	tst.w	r6, #128	@ 0x80
 8003a62:	d12f      	bne.n	8003ac4 <HAL_TIM_IRQHandler+0x12e>
  if ((itflag & (TIM_FLAG_TRIGGER)) == (TIM_FLAG_TRIGGER))
 8003a64:	f015 0f40 	tst.w	r5, #64	@ 0x40
 8003a68:	d002      	beq.n	8003a70 <HAL_TIM_IRQHandler+0xda>
    if ((itsource & (TIM_IT_TRIGGER)) == (TIM_IT_TRIGGER))
 8003a6a:	f016 0f40 	tst.w	r6, #64	@ 0x40
 8003a6e:	d131      	bne.n	8003ad4 <HAL_TIM_IRQHandler+0x13e>
  if ((itflag & (TIM_FLAG_COM)) == (TIM_FLAG_COM))
 8003a70:	f015 0f20 	tst.w	r5, #32
 8003a74:	d002      	beq.n	8003a7c <HAL_TIM_IRQHandler+0xe6>
    if ((itsource & (TIM_IT_COM)) == (TIM_IT_COM))
 8003a76:	f016 0f20 	tst.w	r6, #32
 8003a7a:	d133      	bne.n	8003ae4 <HAL_TIM_IRQHandler+0x14e>
}
 8003a7c:	bd70      	pop	{r4, r5, r6, pc}
          HAL_TIM_OC_DelayElapsedCallback(htim);
 8003a7e:	f7ff ff86 	bl	800398e <HAL_TIM_OC_DelayElapsedCallback>
          HAL_TIM_PWM_PulseFinishedCallback(htim);
 8003a82:	4620      	mov	r0, r4
 8003a84:	f7ff ff85 	bl	8003992 <HAL_TIM_PWM_PulseFinishedCallback>
 8003a88:	e79c      	b.n	80039c4 <HAL_TIM_IRQHandler+0x2e>
        HAL_TIM_OC_DelayElapsedCallback(htim);
 8003a8a:	4620      	mov	r0, r4
 8003a8c:	f7ff ff7f 	bl	800398e <HAL_TIM_OC_DelayElapsedCallback>
        HAL_TIM_PWM_PulseFinishedCallback(htim);
 8003a90:	4620      	mov	r0, r4
 8003a92:	f7ff ff7e 	bl	8003992 <HAL_TIM_PWM_PulseFinishedCallback>
 8003a96:	e7ab      	b.n	80039f0 <HAL_TIM_IRQHandler+0x5a>
        HAL_TIM_OC_DelayElapsedCallback(htim);
 8003a98:	4620      	mov	r0, r4
 8003a9a:	f7ff ff78 	bl	800398e <HAL_TIM_OC_DelayElapsedCallback>
        HAL_TIM_PWM_PulseFinishedCallback(htim);
 8003a9e:	4620      	mov	r0, r4
 8003aa0:	f7ff ff77 	bl	8003992 <HAL_TIM_PWM_PulseFinishedCallback>
 8003aa4:	e7ba      	b.n	8003a1c <HAL_TIM_IRQHandler+0x86>
        HAL_TIM_OC_DelayElapsedCallback(htim);
 8003aa6:	4620      	mov	r0, r4
 8003aa8:	f7ff ff71 	bl	800398e <HAL_TIM_OC_DelayElapsedCallback>
        HAL_TIM_PWM_PulseFinishedCallback(htim);
 8003aac:	4620      	mov	r0, r4
 8003aae:	f7ff ff70 	bl	8003992 <HAL_TIM_PWM_PulseFinishedCallback>
 8003ab2:	e7c9      	b.n	8003a48 <HAL_TIM_IRQHandler+0xb2>
      __HAL_TIM_CLEAR_FLAG(htim, TIM_FLAG_UPDATE);
 8003ab4:	6823      	ldr	r3, [r4, #0]
 8003ab6:	f06f 0201 	mvn.w	r2, #1
 8003aba:	611a      	str	r2, [r3, #16]
      HAL_TIM_PeriodElapsedCallback(htim);
 8003abc:	4620      	mov	r0, r4
 8003abe:	f7fe fa75 	bl	8001fac <HAL_TIM_PeriodElapsedCallback>
 8003ac2:	e7c9      	b.n	8003a58 <HAL_TIM_IRQHandler+0xc2>
      __HAL_TIM_CLEAR_FLAG(htim, TIM_FLAG_BREAK);
 8003ac4:	6823      	ldr	r3, [r4, #0]
 8003ac6:	f06f 0280 	mvn.w	r2, #128	@ 0x80
 8003aca:	611a      	str	r2, [r3, #16]
      HAL_TIMEx_BreakCallback(htim);
 8003acc:	4620      	mov	r0, r4
 8003ace:	f000 f99a 	bl	8003e06 <HAL_TIMEx_BreakCallback>
 8003ad2:	e7c7      	b.n	8003a64 <HAL_TIM_IRQHandler+0xce>
      __HAL_TIM_CLEAR_FLAG(htim, TIM_FLAG_TRIGGER);
 8003ad4:	6823      	ldr	r3, [r4, #0]
 8003ad6:	f06f 0240 	mvn.w	r2, #64	@ 0x40
 8003ada:	611a      	str	r2, [r3, #16]
      HAL_TIM_TriggerCallback(htim);
 8003adc:	4620      	mov	r0, r4
 8003ade:	f7ff ff59 	bl	8003994 <HAL_TIM_TriggerCallback>
 8003ae2:	e7c5      	b.n	8003a70 <HAL_TIM_IRQHandler+0xda>
      __HAL_TIM_CLEAR_FLAG(htim, TIM_FLAG_COM);
 8003ae4:	6823      	ldr	r3, [r4, #0]
 8003ae6:	f06f 0220 	mvn.w	r2, #32
 8003aea:	611a      	str	r2, [r3, #16]
      HAL_TIMEx_CommutCallback(htim);
 8003aec:	4620      	mov	r0, r4
 8003aee:	f000 f989 	bl	8003e04 <HAL_TIMEx_CommutCallback>
}
 8003af2:	e7c3      	b.n	8003a7c <HAL_TIM_IRQHandler+0xe6>

08003af4 <TIM_Base_SetConfig>:
  tmpcr1 = TIMx->CR1;
 8003af4:	6803      	ldr	r3, [r0, #0]
  if (IS_TIM_COUNTER_MODE_SELECT_INSTANCE(TIMx))
 8003af6:	4a1f      	ldr	r2, [pc, #124]	@ (8003b74 <TIM_Base_SetConfig+0x80>)
 8003af8:	4290      	cmp	r0, r2
 8003afa:	d00a      	beq.n	8003b12 <TIM_Base_SetConfig+0x1e>
 8003afc:	f1b0 4f80 	cmp.w	r0, #1073741824	@ 0x40000000
 8003b00:	d007      	beq.n	8003b12 <TIM_Base_SetConfig+0x1e>
 8003b02:	f5a2 3294 	sub.w	r2, r2, #75776	@ 0x12800
 8003b06:	4290      	cmp	r0, r2
 8003b08:	d003      	beq.n	8003b12 <TIM_Base_SetConfig+0x1e>
 8003b0a:	f502 6280 	add.w	r2, r2, #1024	@ 0x400
 8003b0e:	4290      	cmp	r0, r2
 8003b10:	d103      	bne.n	8003b1a <TIM_Base_SetConfig+0x26>
    tmpcr1 &= ~(TIM_CR1_DIR | TIM_CR1_CMS);
 8003b12:	f023 0370 	bic.w	r3, r3, #112	@ 0x70
    tmpcr1 |= Structure->CounterMode;
 8003b16:	684a      	ldr	r2, [r1, #4]
 8003b18:	4313      	orrs	r3, r2
  if (IS_TIM_CLOCK_DIVISION_INSTANCE(TIMx))
 8003b1a:	4a16      	ldr	r2, [pc, #88]	@ (8003b74 <TIM_Base_SetConfig+0x80>)
 8003b1c:	4290      	cmp	r0, r2
 8003b1e:	d00a      	beq.n	8003b36 <TIM_Base_SetConfig+0x42>
 8003b20:	f1b0 4f80 	cmp.w	r0, #1073741824	@ 0x40000000
 8003b24:	d007      	beq.n	8003b36 <TIM_Base_SetConfig+0x42>
 8003b26:	f5a2 3294 	sub.w	r2, r2, #75776	@ 0x12800
 8003b2a:	4290      	cmp	r0, r2
 8003b2c:	d003      	beq.n	8003b36 <TIM_Base_SetConfig+0x42>
 8003b2e:	f502 6280 	add.w	r2, r2, #1024	@ 0x400
 8003b32:	4290      	cmp	r0, r2
 8003b34:	d103      	bne.n	8003b3e <TIM_Base_SetConfig+0x4a>
    tmpcr1 &= ~TIM_CR1_CKD;
 8003b36:	f423 7340 	bic.w	r3, r3, #768	@ 0x300
    tmpcr1 |= (uint32_t)Structure->ClockDivision;
 8003b3a:	68ca      	ldr	r2, [r1, #12]
 8003b3c:	4313      	orrs	r3, r2
  MODIFY_REG(tmpcr1, TIM_CR1_ARPE, Structure->AutoReloadPreload);
 8003b3e:	f023 0380 	bic.w	r3, r3, #128	@ 0x80
 8003b42:	694a      	ldr	r2, [r1, #20]
 8003b44:	4313      	orrs	r3, r2
  TIMx->CR1 = tmpcr1;
 8003b46:	6003      	str	r3, [r0, #0]
  TIMx->ARR = (uint32_t)Structure->Period ;
 8003b48:	688b      	ldr	r3, [r1, #8]
 8003b4a:	62c3      	str	r3, [r0, #44]	@ 0x2c
  TIMx->PSC = Structure->Prescaler;
 8003b4c:	680b      	ldr	r3, [r1, #0]
 8003b4e:	6283      	str	r3, [r0, #40]	@ 0x28
  if (IS_TIM_REPETITION_COUNTER_INSTANCE(TIMx))
 8003b50:	4b08      	ldr	r3, [pc, #32]	@ (8003b74 <TIM_Base_SetConfig+0x80>)
 8003b52:	4298      	cmp	r0, r3
 8003b54:	d00a      	beq.n	8003b6c <TIM_Base_SetConfig+0x78>
  TIMx->EGR = TIM_EGR_UG;
 8003b56:	2301      	movs	r3, #1
 8003b58:	6143      	str	r3, [r0, #20]
  if (HAL_IS_BIT_SET(TIMx->SR, TIM_FLAG_UPDATE))
 8003b5a:	6903      	ldr	r3, [r0, #16]
 8003b5c:	f013 0f01 	tst.w	r3, #1
 8003b60:	d003      	beq.n	8003b6a <TIM_Base_SetConfig+0x76>
    CLEAR_BIT(TIMx->SR, TIM_FLAG_UPDATE);
 8003b62:	6903      	ldr	r3, [r0, #16]
 8003b64:	f023 0301 	bic.w	r3, r3, #1
 8003b68:	6103      	str	r3, [r0, #16]
}
 8003b6a:	4770      	bx	lr
    TIMx->RCR = Structure->RepetitionCounter;
 8003b6c:	690b      	ldr	r3, [r1, #16]
 8003b6e:	6303      	str	r3, [r0, #48]	@ 0x30
 8003b70:	e7f1      	b.n	8003b56 <TIM_Base_SetConfig+0x62>
 8003b72:	bf00      	nop
 8003b74:	40012c00 	.word	0x40012c00

08003b78 <HAL_TIM_PWM_Init>:
  if (htim == NULL)
 8003b78:	b340      	cbz	r0, 8003bcc <HAL_TIM_PWM_Init+0x54>
{
 8003b7a:	b510      	push	{r4, lr}
 8003b7c:	4604      	mov	r4, r0
  if (htim->State == HAL_TIM_STATE_RESET)
 8003b7e:	f890 303d 	ldrb.w	r3, [r0, #61]	@ 0x3d
 8003b82:	b1f3      	cbz	r3, 8003bc2 <HAL_TIM_PWM_Init+0x4a>
  htim->State = HAL_TIM_STATE_BUSY;
 8003b84:	2302      	movs	r3, #2
 8003b86:	f884 303d 	strb.w	r3, [r4, #61]	@ 0x3d
  TIM_Base_SetConfig(htim->Instance, &htim->Init);
 8003b8a:	4621      	mov	r1, r4
 8003b8c:	f851 0b04 	ldr.w	r0, [r1], #4
 8003b90:	f7ff ffb0 	bl	8003af4 <TIM_Base_SetConfig>
  htim->DMABurstState = HAL_DMA_BURST_STATE_READY;
 8003b94:	2301      	movs	r3, #1
 8003b96:	f884 3046 	strb.w	r3, [r4, #70]	@ 0x46
  TIM_CHANNEL_STATE_SET_ALL(htim, HAL_TIM_CHANNEL_STATE_READY);
 8003b9a:	f884 303e 	strb.w	r3, [r4, #62]	@ 0x3e
 8003b9e:	f884 303f 	strb.w	r3, [r4, #63]	@ 0x3f
 8003ba2:	f884 3040 	strb.w	r3, [r4, #64]	@ 0x40
 8003ba6:	f884 3041 	strb.w	r3, [r4, #65]	@ 0x41
  TIM_CHANNEL_N_STATE_SET_ALL(htim, HAL_TIM_CHANNEL_STATE_READY);
 8003baa:	f884 3042 	strb.w	r3, [r4, #66]	@ 0x42
 8003bae:	f884 3043 	strb.w	r3, [r4, #67]	@ 0x43
 8003bb2:	f884 3044 	strb.w	r3, [r4, #68]	@ 0x44
 8003bb6:	f884 3045 	strb.w	r3, [r4, #69]	@ 0x45
  htim->State = HAL_TIM_STATE_READY;
 8003bba:	f884 303d 	strb.w	r3, [r4, #61]	@ 0x3d
  return HAL_OK;
 8003bbe:	2000      	movs	r0, #0
}
 8003bc0:	bd10      	pop	{r4, pc}
    htim->Lock = HAL_UNLOCKED;
 8003bc2:	f880 303c 	strb.w	r3, [r0, #60]	@ 0x3c
    HAL_TIM_PWM_MspInit(htim);
 8003bc6:	f7ff fee1 	bl	800398c <HAL_TIM_PWM_MspInit>
 8003bca:	e7db      	b.n	8003b84 <HAL_TIM_PWM_Init+0xc>
    return HAL_ERROR;
 8003bcc:	2001      	movs	r0, #1
}
 8003bce:	4770      	bx	lr

08003bd0 <TIM_OC2_SetConfig>:
{
 8003bd0:	b430      	push	{r4, r5}
  tmpccer = TIMx->CCER;
 8003bd2:	6a03      	ldr	r3, [r0, #32]
  TIMx->CCER &= ~TIM_CCER_CC2E;
 8003bd4:	6a02      	ldr	r2, [r0, #32]
 8003bd6:	f022 0210 	bic.w	r2, r2, #16
 8003bda:	6202      	str	r2, [r0, #32]
  tmpcr2 =  TIMx->CR2;
 8003bdc:	6844      	ldr	r4, [r0, #4]
  tmpccmrx = TIMx->CCMR1;
 8003bde:	6982      	ldr	r2, [r0, #24]
  tmpccmrx &= ~TIM_CCMR1_CC2S;
 8003be0:	f422 42e6 	bic.w	r2, r2, #29440	@ 0x7300
  tmpccmrx |= (OC_Config->OCMode << 8U);
 8003be4:	680d      	ldr	r5, [r1, #0]
 8003be6:	ea42 2205 	orr.w	r2, r2, r5, lsl #8
  tmpccer &= ~TIM_CCER_CC2P;
 8003bea:	f023 0320 	bic.w	r3, r3, #32
  tmpccer |= (OC_Config->OCPolarity << 4U);
 8003bee:	688d      	ldr	r5, [r1, #8]
 8003bf0:	ea43 1305 	orr.w	r3, r3, r5, lsl #4
  if (IS_TIM_CCXN_INSTANCE(TIMx, TIM_CHANNEL_2))
 8003bf4:	4d0c      	ldr	r5, [pc, #48]	@ (8003c28 <TIM_OC2_SetConfig+0x58>)
 8003bf6:	42a8      	cmp	r0, r5
 8003bf8:	d006      	beq.n	8003c08 <TIM_OC2_SetConfig+0x38>
  TIMx->CR2 = tmpcr2;
 8003bfa:	6044      	str	r4, [r0, #4]
  TIMx->CCMR1 = tmpccmrx;
 8003bfc:	6182      	str	r2, [r0, #24]
  TIMx->CCR2 = OC_Config->Pulse;
 8003bfe:	684a      	ldr	r2, [r1, #4]
 8003c00:	6382      	str	r2, [r0, #56]	@ 0x38
  TIMx->CCER = tmpccer;
 8003c02:	6203      	str	r3, [r0, #32]
}
 8003c04:	bc30      	pop	{r4, r5}
 8003c06:	4770      	bx	lr
    tmpccer &= ~TIM_CCER_CC2NP;
 8003c08:	f023 0380 	bic.w	r3, r3, #128	@ 0x80
    tmpccer |= (OC_Config->OCNPolarity << 4U);
 8003c0c:	68cd      	ldr	r5, [r1, #12]
 8003c0e:	ea43 1305 	orr.w	r3, r3, r5, lsl #4
    tmpccer &= ~TIM_CCER_CC2NE;
 8003c12:	f023 0340 	bic.w	r3, r3, #64	@ 0x40
    tmpcr2 &= ~TIM_CR2_OIS2N;
 8003c16:	f424 6440 	bic.w	r4, r4, #3072	@ 0xc00
    tmpcr2 |= (OC_Config->OCIdleState << 2U);
 8003c1a:	694d      	ldr	r5, [r1, #20]
 8003c1c:	ea44 0485 	orr.w	r4, r4, r5, lsl #2
    tmpcr2 |= (OC_Config->OCNIdleState << 2U);
 8003c20:	698d      	ldr	r5, [r1, #24]
 8003c22:	ea44 0485 	orr.w	r4, r4, r5, lsl #2
 8003c26:	e7e8      	b.n	8003bfa <TIM_OC2_SetConfig+0x2a>
 8003c28:	40012c00 	.word	0x40012c00

08003c2c <HAL_TIM_PWM_ConfigChannel>:
{
 8003c2c:	b538      	push	{r3, r4, r5, lr}
  __HAL_LOCK(htim);
 8003c2e:	f890 303c 	ldrb.w	r3, [r0, #60]	@ 0x3c
 8003c32:	2b01      	cmp	r3, #1
 8003c34:	d066      	beq.n	8003d04 <HAL_TIM_PWM_ConfigChannel+0xd8>
 8003c36:	4604      	mov	r4, r0
 8003c38:	460d      	mov	r5, r1
 8003c3a:	2301      	movs	r3, #1
 8003c3c:	f880 303c 	strb.w	r3, [r0, #60]	@ 0x3c
  switch (Channel)
 8003c40:	2a0c      	cmp	r2, #12
 8003c42:	d85a      	bhi.n	8003cfa <HAL_TIM_PWM_ConfigChannel+0xce>
 8003c44:	e8df f002 	tbb	[pc, r2]
 8003c48:	59595907 	.word	0x59595907
 8003c4c:	5959591b 	.word	0x5959591b
 8003c50:	59595930 	.word	0x59595930
 8003c54:	44          	.byte	0x44
 8003c55:	00          	.byte	0x00
      TIM_OC1_SetConfig(htim->Instance, sConfig);
 8003c56:	6800      	ldr	r0, [r0, #0]
 8003c58:	f7ff fdee 	bl	8003838 <TIM_OC1_SetConfig>
      htim->Instance->CCMR1 |= TIM_CCMR1_OC1PE;
 8003c5c:	6822      	ldr	r2, [r4, #0]
 8003c5e:	6993      	ldr	r3, [r2, #24]
 8003c60:	f043 0308 	orr.w	r3, r3, #8
 8003c64:	6193      	str	r3, [r2, #24]
      htim->Instance->CCMR1 &= ~TIM_CCMR1_OC1FE;
 8003c66:	6822      	ldr	r2, [r4, #0]
 8003c68:	6993      	ldr	r3, [r2, #24]
 8003c6a:	f023 0304 	bic.w	r3, r3, #4
 8003c6e:	6193      	str	r3, [r2, #24]
      htim->Instance->CCMR1 |= sConfig->OCFastMode;
 8003c70:	6822      	ldr	r2, [r4, #0]
 8003c72:	6993      	ldr	r3, [r2, #24]
 8003c74:	6929      	ldr	r1, [r5, #16]
 8003c76:	430b      	orrs	r3, r1
 8003c78:	6193      	str	r3, [r2, #24]
  HAL_StatusTypeDef status = HAL_OK;
 8003c7a:	2000      	movs	r0, #0
      break;
 8003c7c:	e03e      	b.n	8003cfc <HAL_TIM_PWM_ConfigChannel+0xd0>
      TIM_OC2_SetConfig(htim->Instance, sConfig);
 8003c7e:	6800      	ldr	r0, [r0, #0]
 8003c80:	f7ff ffa6 	bl	8003bd0 <TIM_OC2_SetConfig>
      htim->Instance->CCMR1 |= TIM_CCMR1_OC2PE;
 8003c84:	6822      	ldr	r2, [r4, #0]
 8003c86:	6993      	ldr	r3, [r2, #24]
 8003c88:	f443 6300 	orr.w	r3, r3, #2048	@ 0x800
 8003c8c:	6193      	str	r3, [r2, #24]
      htim->Instance->CCMR1 &= ~TIM_CCMR1_OC2FE;
 8003c8e:	6822      	ldr	r2, [r4, #0]
 8003c90:	6993      	ldr	r3, [r2, #24]
 8003c92:	f423 6380 	bic.w	r3, r3, #1024	@ 0x400
 8003c96:	6193      	str	r3, [r2, #24]
      htim->Instance->CCMR1 |= sConfig->OCFastMode << 8U;
 8003c98:	6822      	ldr	r2, [r4, #0]
 8003c9a:	6993      	ldr	r3, [r2, #24]
 8003c9c:	6929      	ldr	r1, [r5, #16]
 8003c9e:	ea43 2301 	orr.w	r3, r3, r1, lsl #8
 8003ca2:	6193      	str	r3, [r2, #24]
  HAL_StatusTypeDef status = HAL_OK;
 8003ca4:	2000      	movs	r0, #0
      break;
 8003ca6:	e029      	b.n	8003cfc <HAL_TIM_PWM_ConfigChannel+0xd0>
      TIM_OC3_SetConfig(htim->Instance, sConfig);
 8003ca8:	6800      	ldr	r0, [r0, #0]
 8003caa:	f7ff fdef 	bl	800388c <TIM_OC3_SetConfig>
      htim->Instance->CCMR2 |= TIM_CCMR2_OC3PE;
 8003cae:	6822      	ldr	r2, [r4, #0]
 8003cb0:	69d3      	ldr	r3, [r2, #28]
 8003cb2:	f043 0308 	orr.w	r3, r3, #8
 8003cb6:	61d3      	str	r3, [r2, #28]
      htim->Instance->CCMR2 &= ~TIM_CCMR2_OC3FE;
 8003cb8:	6822      	ldr	r2, [r4, #0]
 8003cba:	69d3      	ldr	r3, [r2, #28]
 8003cbc:	f023 0304 	bic.w	r3, r3, #4
 8003cc0:	61d3      	str	r3, [r2, #28]
      htim->Instance->CCMR2 |= sConfig->OCFastMode;
 8003cc2:	6822      	ldr	r2, [r4, #0]
 8003cc4:	69d3      	ldr	r3, [r2, #28]
 8003cc6:	6929      	ldr	r1, [r5, #16]
 8003cc8:	430b      	orrs	r3, r1
 8003cca:	61d3      	str	r3, [r2, #28]
  HAL_StatusTypeDef status = HAL_OK;
 8003ccc:	2000      	movs	r0, #0
      break;
 8003cce:	e015      	b.n	8003cfc <HAL_TIM_PWM_ConfigChannel+0xd0>
      TIM_OC4_SetConfig(htim->Instance, sConfig);
 8003cd0:	6800      	ldr	r0, [r0, #0]
 8003cd2:	f7ff fe09 	bl	80038e8 <TIM_OC4_SetConfig>
      htim->Instance->CCMR2 |= TIM_CCMR2_OC4PE;
 8003cd6:	6822      	ldr	r2, [r4, #0]
 8003cd8:	69d3      	ldr	r3, [r2, #28]
 8003cda:	f443 6300 	orr.w	r3, r3, #2048	@ 0x800
 8003cde:	61d3      	str	r3, [r2, #28]
      htim->Instance->CCMR2 &= ~TIM_CCMR2_OC4FE;
 8003ce0:	6822      	ldr	r2, [r4, #0]
 8003ce2:	69d3      	ldr	r3, [r2, #28]
 8003ce4:	f423 6380 	bic.w	r3, r3, #1024	@ 0x400
 8003ce8:	61d3      	str	r3, [r2, #28]
      htim->Instance->CCMR2 |= sConfig->OCFastMode << 8U;
 8003cea:	6822      	ldr	r2, [r4, #0]
 8003cec:	69d3      	ldr	r3, [r2, #28]
 8003cee:	6929      	ldr	r1, [r5, #16]
 8003cf0:	ea43 2301 	orr.w	r3, r3, r1, lsl #8
 8003cf4:	61d3      	str	r3, [r2, #28]
  HAL_StatusTypeDef status = HAL_OK;
 8003cf6:	2000      	movs	r0, #0
      break;
 8003cf8:	e000      	b.n	8003cfc <HAL_TIM_PWM_ConfigChannel+0xd0>
  switch (Channel)
 8003cfa:	2001      	movs	r0, #1
  __HAL_UNLOCK(htim);
 8003cfc:	2300      	movs	r3, #0
 8003cfe:	f884 303c 	strb.w	r3, [r4, #60]	@ 0x3c
}
 8003d02:	bd38      	pop	{r3, r4, r5, pc}
  __HAL_LOCK(htim);
 8003d04:	2002      	movs	r0, #2
 8003d06:	e7fc      	b.n	8003d02 <HAL_TIM_PWM_ConfigChannel+0xd6>

08003d08 <TIM_CCxChannelCmd>:

  /* Check the parameters */
  assert_param(IS_TIM_CC1_INSTANCE(TIMx));
  assert_param(IS_TIM_CHANNELS(Channel));

  tmp = TIM_CCER_CC1E << (Channel & 0x1FU); /* 0x1FU = 31 bits max shift */
 8003d08:	f001 011f 	and.w	r1, r1, #31
 8003d0c:	f04f 0c01 	mov.w	ip, #1
 8003d10:	fa0c fc01 	lsl.w	ip, ip, r1

  /* Reset the CCxE Bit */
  TIMx->CCER &= ~tmp;
 8003d14:	6a03      	ldr	r3, [r0, #32]
 8003d16:	ea23 030c 	bic.w	r3, r3, ip
 8003d1a:	6203      	str	r3, [r0, #32]

  /* Set or reset the CCxE Bit */
  TIMx->CCER |= (uint32_t)(ChannelState << (Channel & 0x1FU)); /* 0x1FU = 31 bits max shift */
 8003d1c:	6a03      	ldr	r3, [r0, #32]
 8003d1e:	408a      	lsls	r2, r1
 8003d20:	4313      	orrs	r3, r2
 8003d22:	6203      	str	r3, [r0, #32]
}
 8003d24:	4770      	bx	lr
	...

08003d28 <HAL_TIM_PWM_Start>:
{
 8003d28:	b510      	push	{r4, lr}
 8003d2a:	4604      	mov	r4, r0
  if (TIM_CHANNEL_STATE_GET(htim, Channel) != HAL_TIM_CHANNEL_STATE_READY)
 8003d2c:	4608      	mov	r0, r1
 8003d2e:	bb51      	cbnz	r1, 8003d86 <HAL_TIM_PWM_Start+0x5e>
 8003d30:	f894 303e 	ldrb.w	r3, [r4, #62]	@ 0x3e
 8003d34:	b2db      	uxtb	r3, r3
 8003d36:	3b01      	subs	r3, #1
 8003d38:	bf18      	it	ne
 8003d3a:	2301      	movne	r3, #1
 8003d3c:	2b00      	cmp	r3, #0
 8003d3e:	d15b      	bne.n	8003df8 <HAL_TIM_PWM_Start+0xd0>
  TIM_CHANNEL_STATE_SET(htim, Channel, HAL_TIM_CHANNEL_STATE_BUSY);
 8003d40:	2800      	cmp	r0, #0
 8003d42:	d139      	bne.n	8003db8 <HAL_TIM_PWM_Start+0x90>
 8003d44:	2302      	movs	r3, #2
 8003d46:	f884 303e 	strb.w	r3, [r4, #62]	@ 0x3e
  TIM_CCxChannelCmd(htim->Instance, Channel, TIM_CCx_ENABLE);
 8003d4a:	2201      	movs	r2, #1
 8003d4c:	4601      	mov	r1, r0
 8003d4e:	6820      	ldr	r0, [r4, #0]
 8003d50:	f7ff ffda 	bl	8003d08 <TIM_CCxChannelCmd>
  if (IS_TIM_BREAK_INSTANCE(htim->Instance) != RESET)
 8003d54:	6823      	ldr	r3, [r4, #0]
 8003d56:	4a2a      	ldr	r2, [pc, #168]	@ (8003e00 <HAL_TIM_PWM_Start+0xd8>)
 8003d58:	4293      	cmp	r3, r2
 8003d5a:	d03d      	beq.n	8003dd8 <HAL_TIM_PWM_Start+0xb0>
  if (IS_TIM_SLAVE_INSTANCE(htim->Instance))
 8003d5c:	6823      	ldr	r3, [r4, #0]
 8003d5e:	4a28      	ldr	r2, [pc, #160]	@ (8003e00 <HAL_TIM_PWM_Start+0xd8>)
 8003d60:	4293      	cmp	r3, r2
 8003d62:	d03e      	beq.n	8003de2 <HAL_TIM_PWM_Start+0xba>
 8003d64:	f1b3 4f80 	cmp.w	r3, #1073741824	@ 0x40000000
 8003d68:	d03b      	beq.n	8003de2 <HAL_TIM_PWM_Start+0xba>
 8003d6a:	f5a2 3294 	sub.w	r2, r2, #75776	@ 0x12800
 8003d6e:	4293      	cmp	r3, r2
 8003d70:	d037      	beq.n	8003de2 <HAL_TIM_PWM_Start+0xba>
 8003d72:	f502 6280 	add.w	r2, r2, #1024	@ 0x400
 8003d76:	4293      	cmp	r3, r2
 8003d78:	d033      	beq.n	8003de2 <HAL_TIM_PWM_Start+0xba>
    __HAL_TIM_ENABLE(htim);
 8003d7a:	681a      	ldr	r2, [r3, #0]
 8003d7c:	f042 0201 	orr.w	r2, r2, #1
 8003d80:	601a      	str	r2, [r3, #0]
  return HAL_OK;
 8003d82:	2000      	movs	r0, #0
 8003d84:	e039      	b.n	8003dfa <HAL_TIM_PWM_Start+0xd2>
  if (TIM_CHANNEL_STATE_GET(htim, Channel) != HAL_TIM_CHANNEL_STATE_READY)
 8003d86:	2904      	cmp	r1, #4
 8003d88:	d008      	beq.n	8003d9c <HAL_TIM_PWM_Start+0x74>
 8003d8a:	2908      	cmp	r1, #8
 8003d8c:	d00d      	beq.n	8003daa <HAL_TIM_PWM_Start+0x82>
 8003d8e:	f894 3041 	ldrb.w	r3, [r4, #65]	@ 0x41
 8003d92:	b2db      	uxtb	r3, r3
 8003d94:	3b01      	subs	r3, #1
 8003d96:	bf18      	it	ne
 8003d98:	2301      	movne	r3, #1
 8003d9a:	e7cf      	b.n	8003d3c <HAL_TIM_PWM_Start+0x14>
 8003d9c:	f894 303f 	ldrb.w	r3, [r4, #63]	@ 0x3f
 8003da0:	b2db      	uxtb	r3, r3
 8003da2:	3b01      	subs	r3, #1
 8003da4:	bf18      	it	ne
 8003da6:	2301      	movne	r3, #1
 8003da8:	e7c8      	b.n	8003d3c <HAL_TIM_PWM_Start+0x14>
 8003daa:	f894 3040 	ldrb.w	r3, [r4, #64]	@ 0x40
 8003dae:	b2db      	uxtb	r3, r3
 8003db0:	3b01      	subs	r3, #1
 8003db2:	bf18      	it	ne
 8003db4:	2301      	movne	r3, #1
 8003db6:	e7c1      	b.n	8003d3c <HAL_TIM_PWM_Start+0x14>
  TIM_CHANNEL_STATE_SET(htim, Channel, HAL_TIM_CHANNEL_STATE_BUSY);
 8003db8:	2804      	cmp	r0, #4
 8003dba:	d005      	beq.n	8003dc8 <HAL_TIM_PWM_Start+0xa0>
 8003dbc:	2808      	cmp	r0, #8
 8003dbe:	d007      	beq.n	8003dd0 <HAL_TIM_PWM_Start+0xa8>
 8003dc0:	2302      	movs	r3, #2
 8003dc2:	f884 3041 	strb.w	r3, [r4, #65]	@ 0x41
 8003dc6:	e7c0      	b.n	8003d4a <HAL_TIM_PWM_Start+0x22>
 8003dc8:	2302      	movs	r3, #2
 8003dca:	f884 303f 	strb.w	r3, [r4, #63]	@ 0x3f
 8003dce:	e7bc      	b.n	8003d4a <HAL_TIM_PWM_Start+0x22>
 8003dd0:	2302      	movs	r3, #2
 8003dd2:	f884 3040 	strb.w	r3, [r4, #64]	@ 0x40
 8003dd6:	e7b8      	b.n	8003d4a <HAL_TIM_PWM_Start+0x22>
    __HAL_TIM_MOE_ENABLE(htim);
 8003dd8:	6c5a      	ldr	r2, [r3, #68]	@ 0x44
 8003dda:	f442 4200 	orr.w	r2, r2, #32768	@ 0x8000
 8003dde:	645a      	str	r2, [r3, #68]	@ 0x44
 8003de0:	e7bc      	b.n	8003d5c <HAL_TIM_PWM_Start+0x34>
    tmpsmcr = htim->Instance->SMCR & TIM_SMCR_SMS;
 8003de2:	689a      	ldr	r2, [r3, #8]
 8003de4:	f002 0207 	and.w	r2, r2, #7
    if (!IS_TIM_SLAVEMODE_TRIGGER_ENABLED(tmpsmcr))
 8003de8:	2a06      	cmp	r2, #6
 8003dea:	d007      	beq.n	8003dfc <HAL_TIM_PWM_Start+0xd4>
      __HAL_TIM_ENABLE(htim);
 8003dec:	681a      	ldr	r2, [r3, #0]
 8003dee:	f042 0201 	orr.w	r2, r2, #1
 8003df2:	601a      	str	r2, [r3, #0]
  return HAL_OK;
 8003df4:	2000      	movs	r0, #0
 8003df6:	e000      	b.n	8003dfa <HAL_TIM_PWM_Start+0xd2>
    return HAL_ERROR;
 8003df8:	2001      	movs	r0, #1
}
 8003dfa:	bd10      	pop	{r4, pc}
  return HAL_OK;
 8003dfc:	2000      	movs	r0, #0
 8003dfe:	e7fc      	b.n	8003dfa <HAL_TIM_PWM_Start+0xd2>
 8003e00:	40012c00 	.word	0x40012c00

08003e04 <HAL_TIMEx_CommutCallback>:
  UNUSED(htim);

  /* NOTE : This function should not be modified, when the callback is needed,
            the HAL_TIMEx_CommutCallback could be implemented in the user file
   */
}
 8003e04:	4770      	bx	lr

08003e06 <HAL_TIMEx_BreakCallback>:
  UNUSED(htim);

  /* NOTE : This function should not be modified, when the callback is needed,
            the HAL_TIMEx_BreakCallback could be implemented in the user file
   */
}
 8003e06:	4770      	bx	lr

08003e08 <UART_EndRxTransfer>:
  * @retval None
  */
static void UART_EndRxTransfer(UART_HandleTypeDef *huart)
{
  /* Disable RXNE, PE and ERR (Frame error, noise error, overrun error) interrupts */
  ATOMIC_CLEAR_BIT(huart->Instance->CR1, (USART_CR1_RXNEIE | USART_CR1_PEIE));
 8003e08:	6802      	ldr	r2, [r0, #0]
 */
__STATIC_FORCEINLINE uint32_t __LDREXW(volatile uint32_t *addr)
{
    uint32_t result;

   __ASM volatile ("ldrex %0, %1" : "=r" (result) : "Q" (*addr) );
 8003e0a:	f102 030c 	add.w	r3, r2, #12
 8003e0e:	e853 3f00 	ldrex	r3, [r3]
 8003e12:	f423 7390 	bic.w	r3, r3, #288	@ 0x120
 */
__STATIC_FORCEINLINE uint32_t __STREXW(uint32_t value, volatile uint32_t *addr)
{
   uint32_t result;

   __ASM volatile ("strex %0, %2, %1" : "=&r" (result), "=Q" (*addr) : "r" (value) );
 8003e16:	320c      	adds	r2, #12
 8003e18:	e842 3100 	strex	r1, r3, [r2]
 8003e1c:	2900      	cmp	r1, #0
 8003e1e:	d1f3      	bne.n	8003e08 <UART_EndRxTransfer>
  ATOMIC_CLEAR_BIT(huart->Instance->CR3, USART_CR3_EIE);
 8003e20:	6802      	ldr	r2, [r0, #0]
   __ASM volatile ("ldrex %0, %1" : "=r" (result) : "Q" (*addr) );
 8003e22:	f102 0314 	add.w	r3, r2, #20
 8003e26:	e853 3f00 	ldrex	r3, [r3]
 8003e2a:	f023 0301 	bic.w	r3, r3, #1
   __ASM volatile ("strex %0, %2, %1" : "=&r" (result), "=Q" (*addr) : "r" (value) );
 8003e2e:	3214      	adds	r2, #20
 8003e30:	e842 3100 	strex	r1, r3, [r2]
 8003e34:	2900      	cmp	r1, #0
 8003e36:	d1f3      	bne.n	8003e20 <UART_EndRxTransfer+0x18>

  /* In case of reception waiting for IDLE event, disable also the IDLE IE interrupt source */
  if (huart->ReceptionType == HAL_UART_RECEPTION_TOIDLE)
 8003e38:	6b03      	ldr	r3, [r0, #48]	@ 0x30
 8003e3a:	2b01      	cmp	r3, #1
 8003e3c:	d005      	beq.n	8003e4a <UART_EndRxTransfer+0x42>
  {
    ATOMIC_CLEAR_BIT(huart->Instance->CR1, USART_CR1_IDLEIE);
  }

  /* At end of Rx process, restore huart->RxState to Ready */
  huart->RxState = HAL_UART_STATE_READY;
 8003e3e:	2320      	movs	r3, #32
 8003e40:	f880 3042 	strb.w	r3, [r0, #66]	@ 0x42
  huart->ReceptionType = HAL_UART_RECEPTION_STANDARD;
 8003e44:	2300      	movs	r3, #0
 8003e46:	6303      	str	r3, [r0, #48]	@ 0x30
}
 8003e48:	4770      	bx	lr
    ATOMIC_CLEAR_BIT(huart->Instance->CR1, USART_CR1_IDLEIE);
 8003e4a:	6802      	ldr	r2, [r0, #0]
   __ASM volatile ("ldrex %0, %1" : "=r" (result) : "Q" (*addr) );
 8003e4c:	f102 030c 	add.w	r3, r2, #12
 8003e50:	e853 3f00 	ldrex	r3, [r3]
 8003e54:	f023 0310 	bic.w	r3, r3, #16
   __ASM volatile ("strex %0, %2, %1" : "=&r" (result), "=Q" (*addr) : "r" (value) );
 8003e58:	320c      	adds	r2, #12
 8003e5a:	e842 3100 	strex	r1, r3, [r2]
 8003e5e:	2900      	cmp	r1, #0
 8003e60:	d1f3      	bne.n	8003e4a <UART_EndRxTransfer+0x42>
 8003e62:	e7ec      	b.n	8003e3e <UART_EndRxTransfer+0x36>

08003e64 <UART_Transmit_IT>:
static HAL_StatusTypeDef UART_Transmit_IT(UART_HandleTypeDef *huart)
{
  const uint16_t *tmp;

  /* Check that a Tx process is ongoing */
  if (huart->gState == HAL_UART_STATE_BUSY_TX)
 8003e64:	f890 3041 	ldrb.w	r3, [r0, #65]	@ 0x41
 8003e68:	b2db      	uxtb	r3, r3
 8003e6a:	2b21      	cmp	r3, #33	@ 0x21
 8003e6c:	d001      	beq.n	8003e72 <UART_Transmit_IT+0xe>
    }
    return HAL_OK;
  }
  else
  {
    return HAL_BUSY;
 8003e6e:	2002      	movs	r0, #2
  }
}
 8003e70:	4770      	bx	lr
    if ((huart->Init.WordLength == UART_WORDLENGTH_9B) && (huart->Init.Parity == UART_PARITY_NONE))
 8003e72:	6883      	ldr	r3, [r0, #8]
 8003e74:	f5b3 5f80 	cmp.w	r3, #4096	@ 0x1000
 8003e78:	d017      	beq.n	8003eaa <UART_Transmit_IT+0x46>
      huart->Instance->DR = (uint8_t)(*huart->pTxBuffPtr++ & (uint8_t)0x00FF);
 8003e7a:	6a03      	ldr	r3, [r0, #32]
 8003e7c:	1c5a      	adds	r2, r3, #1
 8003e7e:	6202      	str	r2, [r0, #32]
 8003e80:	781a      	ldrb	r2, [r3, #0]
 8003e82:	6803      	ldr	r3, [r0, #0]
 8003e84:	605a      	str	r2, [r3, #4]
    if (--huart->TxXferCount == 0U)
 8003e86:	8cc3      	ldrh	r3, [r0, #38]	@ 0x26
 8003e88:	b29b      	uxth	r3, r3
 8003e8a:	3b01      	subs	r3, #1
 8003e8c:	b29b      	uxth	r3, r3
 8003e8e:	84c3      	strh	r3, [r0, #38]	@ 0x26
 8003e90:	b94b      	cbnz	r3, 8003ea6 <UART_Transmit_IT+0x42>
      __HAL_UART_DISABLE_IT(huart, UART_IT_TXE);
 8003e92:	6802      	ldr	r2, [r0, #0]
 8003e94:	68d3      	ldr	r3, [r2, #12]
 8003e96:	f023 0380 	bic.w	r3, r3, #128	@ 0x80
 8003e9a:	60d3      	str	r3, [r2, #12]
      __HAL_UART_ENABLE_IT(huart, UART_IT_TC);
 8003e9c:	6802      	ldr	r2, [r0, #0]
 8003e9e:	68d3      	ldr	r3, [r2, #12]
 8003ea0:	f043 0340 	orr.w	r3, r3, #64	@ 0x40
 8003ea4:	60d3      	str	r3, [r2, #12]
    return HAL_OK;
 8003ea6:	2000      	movs	r0, #0
 8003ea8:	4770      	bx	lr
    if ((huart->Init.WordLength == UART_WORDLENGTH_9B) && (huart->Init.Parity == UART_PARITY_NONE))
 8003eaa:	6903      	ldr	r3, [r0, #16]
 8003eac:	2b00      	cmp	r3, #0
 8003eae:	d1e4      	bne.n	8003e7a <UART_Transmit_IT+0x16>
      tmp = (const uint16_t *) huart->pTxBuffPtr;
 8003eb0:	6a03      	ldr	r3, [r0, #32]
      huart->Instance->DR = (uint16_t)(*tmp & (uint16_t)0x01FF);
 8003eb2:	881b      	ldrh	r3, [r3, #0]
 8003eb4:	6802      	ldr	r2, [r0, #0]
 8003eb6:	f3c3 0308 	ubfx	r3, r3, #0, #9
 8003eba:	6053      	str	r3, [r2, #4]
      huart->pTxBuffPtr += 2U;
 8003ebc:	6a03      	ldr	r3, [r0, #32]
 8003ebe:	3302      	adds	r3, #2
 8003ec0:	6203      	str	r3, [r0, #32]
 8003ec2:	e7e0      	b.n	8003e86 <UART_Transmit_IT+0x22>

08003ec4 <UART_SetConfig>:
  * @param  huart  Pointer to a UART_HandleTypeDef structure that contains
  *                the configuration information for the specified UART module.
  * @retval None
  */
static void UART_SetConfig(UART_HandleTypeDef *huart)
{
 8003ec4:	b510      	push	{r4, lr}
 8003ec6:	4604      	mov	r4, r0
  assert_param(IS_UART_MODE(huart->Init.Mode));

  /*-------------------------- USART CR2 Configuration -----------------------*/
  /* Configure the UART Stop Bits: Set STOP[13:12] bits
     according to huart->Init.StopBits value */
  MODIFY_REG(huart->Instance->CR2, USART_CR2_STOP, huart->Init.StopBits);
 8003ec8:	6802      	ldr	r2, [r0, #0]
 8003eca:	6913      	ldr	r3, [r2, #16]
 8003ecc:	f423 5340 	bic.w	r3, r3, #12288	@ 0x3000
 8003ed0:	68c1      	ldr	r1, [r0, #12]
 8003ed2:	430b      	orrs	r3, r1
 8003ed4:	6113      	str	r3, [r2, #16]
  tmpreg = (uint32_t)huart->Init.WordLength | huart->Init.Parity | huart->Init.Mode | huart->Init.OverSampling;
  MODIFY_REG(huart->Instance->CR1,
             (uint32_t)(USART_CR1_M | USART_CR1_PCE | USART_CR1_PS | USART_CR1_TE | USART_CR1_RE | USART_CR1_OVER8),
             tmpreg);
#else
  tmpreg = (uint32_t)huart->Init.WordLength | huart->Init.Parity | huart->Init.Mode;
 8003ed6:	6883      	ldr	r3, [r0, #8]
 8003ed8:	6902      	ldr	r2, [r0, #16]
 8003eda:	4313      	orrs	r3, r2
 8003edc:	6942      	ldr	r2, [r0, #20]
 8003ede:	431a      	orrs	r2, r3
  MODIFY_REG(huart->Instance->CR1,
 8003ee0:	6801      	ldr	r1, [r0, #0]
 8003ee2:	68cb      	ldr	r3, [r1, #12]
 8003ee4:	f423 53b0 	bic.w	r3, r3, #5632	@ 0x1600
 8003ee8:	f023 030c 	bic.w	r3, r3, #12
 8003eec:	4313      	orrs	r3, r2
 8003eee:	60cb      	str	r3, [r1, #12]
             tmpreg);
#endif /* USART_CR1_OVER8 */

  /*-------------------------- USART CR3 Configuration -----------------------*/
  /* Configure the UART HFC: Set CTSE and RTSE bits according to huart->Init.HwFlowCtl value */
  MODIFY_REG(huart->Instance->CR3, (USART_CR3_RTSE | USART_CR3_CTSE), huart->Init.HwFlowCtl);
 8003ef0:	6802      	ldr	r2, [r0, #0]
 8003ef2:	6953      	ldr	r3, [r2, #20]
 8003ef4:	f423 7340 	bic.w	r3, r3, #768	@ 0x300
 8003ef8:	6981      	ldr	r1, [r0, #24]
 8003efa:	430b      	orrs	r3, r1
 8003efc:	6153      	str	r3, [r2, #20]


  if(huart->Instance == USART1)
 8003efe:	6802      	ldr	r2, [r0, #0]
 8003f00:	4b13      	ldr	r3, [pc, #76]	@ (8003f50 <UART_SetConfig+0x8c>)
 8003f02:	429a      	cmp	r2, r3
 8003f04:	d020      	beq.n	8003f48 <UART_SetConfig+0x84>
  {
    pclk = HAL_RCC_GetPCLK2Freq();
  }
  else
  {
    pclk = HAL_RCC_GetPCLK1Freq();
 8003f06:	f7ff fc77 	bl	80037f8 <HAL_RCC_GetPCLK1Freq>
 8003f0a:	4602      	mov	r2, r0
  else
  {
    huart->Instance->BRR = UART_BRR_SAMPLING16(pclk, huart->Init.BaudRate);
  }
#else
  huart->Instance->BRR = UART_BRR_SAMPLING16(pclk, huart->Init.BaudRate);
 8003f0c:	eb02 0282 	add.w	r2, r2, r2, lsl #2
 8003f10:	eb02 0282 	add.w	r2, r2, r2, lsl #2
 8003f14:	6863      	ldr	r3, [r4, #4]
 8003f16:	009b      	lsls	r3, r3, #2
 8003f18:	fbb2 f2f3 	udiv	r2, r2, r3
 8003f1c:	480d      	ldr	r0, [pc, #52]	@ (8003f54 <UART_SetConfig+0x90>)
 8003f1e:	fba0 3102 	umull	r3, r1, r0, r2
 8003f22:	0949      	lsrs	r1, r1, #5
 8003f24:	2364      	movs	r3, #100	@ 0x64
 8003f26:	fb03 2311 	mls	r3, r3, r1, r2
 8003f2a:	011b      	lsls	r3, r3, #4
 8003f2c:	3332      	adds	r3, #50	@ 0x32
 8003f2e:	fba0 0303 	umull	r0, r3, r0, r3
 8003f32:	095b      	lsrs	r3, r3, #5
 8003f34:	f003 02f0 	and.w	r2, r3, #240	@ 0xf0
 8003f38:	eb02 1201 	add.w	r2, r2, r1, lsl #4
 8003f3c:	f003 030f 	and.w	r3, r3, #15
 8003f40:	6821      	ldr	r1, [r4, #0]
 8003f42:	4413      	add	r3, r2
 8003f44:	608b      	str	r3, [r1, #8]
#endif /* USART_CR1_OVER8 */
}
 8003f46:	bd10      	pop	{r4, pc}
    pclk = HAL_RCC_GetPCLK2Freq();
 8003f48:	f7ff fc66 	bl	8003818 <HAL_RCC_GetPCLK2Freq>
 8003f4c:	4602      	mov	r2, r0
 8003f4e:	e7dd      	b.n	8003f0c <UART_SetConfig+0x48>
 8003f50:	40013800 	.word	0x40013800
 8003f54:	51eb851f 	.word	0x51eb851f

08003f58 <UART_WaitOnFlagUntilTimeout>:
{
 8003f58:	e92d 43f0 	stmdb	sp!, {r4, r5, r6, r7, r8, r9, lr}
 8003f5c:	b083      	sub	sp, #12
 8003f5e:	4605      	mov	r5, r0
 8003f60:	460e      	mov	r6, r1
 8003f62:	4617      	mov	r7, r2
 8003f64:	4699      	mov	r9, r3
 8003f66:	f8dd 8028 	ldr.w	r8, [sp, #40]	@ 0x28
  while ((__HAL_UART_GET_FLAG(huart, Flag) ? SET : RESET) == Status)
 8003f6a:	682b      	ldr	r3, [r5, #0]
 8003f6c:	681c      	ldr	r4, [r3, #0]
 8003f6e:	ea36 0404 	bics.w	r4, r6, r4
 8003f72:	bf0c      	ite	eq
 8003f74:	2401      	moveq	r4, #1
 8003f76:	2400      	movne	r4, #0
 8003f78:	42bc      	cmp	r4, r7
 8003f7a:	d128      	bne.n	8003fce <UART_WaitOnFlagUntilTimeout+0x76>
    if (Timeout != HAL_MAX_DELAY)
 8003f7c:	f1b8 3fff 	cmp.w	r8, #4294967295
 8003f80:	d0f3      	beq.n	8003f6a <UART_WaitOnFlagUntilTimeout+0x12>
      if (((HAL_GetTick() - Tickstart) > Timeout) || (Timeout == 0U))
 8003f82:	f7fe fbf9 	bl	8002778 <HAL_GetTick>
 8003f86:	eba0 0009 	sub.w	r0, r0, r9
 8003f8a:	4540      	cmp	r0, r8
 8003f8c:	d823      	bhi.n	8003fd6 <UART_WaitOnFlagUntilTimeout+0x7e>
 8003f8e:	f1b8 0f00 	cmp.w	r8, #0
 8003f92:	d022      	beq.n	8003fda <UART_WaitOnFlagUntilTimeout+0x82>
      if ((READ_BIT(huart->Instance->CR1, USART_CR1_RE) != 0U) && (Flag != UART_FLAG_TXE) && (Flag != UART_FLAG_TC))
 8003f94:	682b      	ldr	r3, [r5, #0]
 8003f96:	68da      	ldr	r2, [r3, #12]
 8003f98:	f012 0f04 	tst.w	r2, #4
 8003f9c:	d0e5      	beq.n	8003f6a <UART_WaitOnFlagUntilTimeout+0x12>
 8003f9e:	2e80      	cmp	r6, #128	@ 0x80
 8003fa0:	d0e3      	beq.n	8003f6a <UART_WaitOnFlagUntilTimeout+0x12>
 8003fa2:	2e40      	cmp	r6, #64	@ 0x40
 8003fa4:	d0e1      	beq.n	8003f6a <UART_WaitOnFlagUntilTimeout+0x12>
        if (__HAL_UART_GET_FLAG(huart, UART_FLAG_ORE) == SET)
 8003fa6:	681a      	ldr	r2, [r3, #0]
 8003fa8:	f012 0f08 	tst.w	r2, #8
 8003fac:	d0dd      	beq.n	8003f6a <UART_WaitOnFlagUntilTimeout+0x12>
          __HAL_UART_CLEAR_OREFLAG(huart);
 8003fae:	2400      	movs	r4, #0
 8003fb0:	9401      	str	r4, [sp, #4]
 8003fb2:	681a      	ldr	r2, [r3, #0]
 8003fb4:	9201      	str	r2, [sp, #4]
 8003fb6:	685b      	ldr	r3, [r3, #4]
 8003fb8:	9301      	str	r3, [sp, #4]
 8003fba:	9b01      	ldr	r3, [sp, #4]
          UART_EndRxTransfer(huart);
 8003fbc:	4628      	mov	r0, r5
 8003fbe:	f7ff ff23 	bl	8003e08 <UART_EndRxTransfer>
          huart->ErrorCode = HAL_UART_ERROR_ORE;
 8003fc2:	2308      	movs	r3, #8
 8003fc4:	646b      	str	r3, [r5, #68]	@ 0x44
          __HAL_UNLOCK(huart);
 8003fc6:	f885 4040 	strb.w	r4, [r5, #64]	@ 0x40
          return HAL_ERROR;
 8003fca:	2001      	movs	r0, #1
 8003fcc:	e000      	b.n	8003fd0 <UART_WaitOnFlagUntilTimeout+0x78>
  return HAL_OK;
 8003fce:	2000      	movs	r0, #0
}
 8003fd0:	b003      	add	sp, #12
 8003fd2:	e8bd 83f0 	ldmia.w	sp!, {r4, r5, r6, r7, r8, r9, pc}
        return HAL_TIMEOUT;
 8003fd6:	2003      	movs	r0, #3
 8003fd8:	e7fa      	b.n	8003fd0 <UART_WaitOnFlagUntilTimeout+0x78>
 8003fda:	2003      	movs	r0, #3
 8003fdc:	e7f8      	b.n	8003fd0 <UART_WaitOnFlagUntilTimeout+0x78>

08003fde <HAL_UART_Init>:
  if (huart == NULL)
 8003fde:	b360      	cbz	r0, 800403a <HAL_UART_Init+0x5c>
{
 8003fe0:	b510      	push	{r4, lr}
 8003fe2:	4604      	mov	r4, r0
  if (huart->gState == HAL_UART_STATE_RESET)
 8003fe4:	f890 3041 	ldrb.w	r3, [r0, #65]	@ 0x41
 8003fe8:	b313      	cbz	r3, 8004030 <HAL_UART_Init+0x52>
  huart->gState = HAL_UART_STATE_BUSY;
 8003fea:	2324      	movs	r3, #36	@ 0x24
 8003fec:	f884 3041 	strb.w	r3, [r4, #65]	@ 0x41
  __HAL_UART_DISABLE(huart);
 8003ff0:	6822      	ldr	r2, [r4, #0]
 8003ff2:	68d3      	ldr	r3, [r2, #12]
 8003ff4:	f423 5300 	bic.w	r3, r3, #8192	@ 0x2000
 8003ff8:	60d3      	str	r3, [r2, #12]
  UART_SetConfig(huart);
 8003ffa:	4620      	mov	r0, r4
 8003ffc:	f7ff ff62 	bl	8003ec4 <UART_SetConfig>
  CLEAR_BIT(huart->Instance->CR2, (USART_CR2_LINEN | USART_CR2_CLKEN));
 8004000:	6822      	ldr	r2, [r4, #0]
 8004002:	6913      	ldr	r3, [r2, #16]
 8004004:	f423 4390 	bic.w	r3, r3, #18432	@ 0x4800
 8004008:	6113      	str	r3, [r2, #16]
  CLEAR_BIT(huart->Instance->CR3, (USART_CR3_SCEN | USART_CR3_HDSEL | USART_CR3_IREN));
 800400a:	6822      	ldr	r2, [r4, #0]
 800400c:	6953      	ldr	r3, [r2, #20]
 800400e:	f023 032a 	bic.w	r3, r3, #42	@ 0x2a
 8004012:	6153      	str	r3, [r2, #20]
  __HAL_UART_ENABLE(huart);
 8004014:	6822      	ldr	r2, [r4, #0]
 8004016:	68d3      	ldr	r3, [r2, #12]
 8004018:	f443 5300 	orr.w	r3, r3, #8192	@ 0x2000
 800401c:	60d3      	str	r3, [r2, #12]
  huart->ErrorCode = HAL_UART_ERROR_NONE;
 800401e:	2000      	movs	r0, #0
 8004020:	6460      	str	r0, [r4, #68]	@ 0x44
  huart->gState = HAL_UART_STATE_READY;
 8004022:	2320      	movs	r3, #32
 8004024:	f884 3041 	strb.w	r3, [r4, #65]	@ 0x41
  huart->RxState = HAL_UART_STATE_READY;
 8004028:	f884 3042 	strb.w	r3, [r4, #66]	@ 0x42
  huart->RxEventType = HAL_UART_RXEVENT_TC;
 800402c:	6360      	str	r0, [r4, #52]	@ 0x34
}
 800402e:	bd10      	pop	{r4, pc}
    huart->Lock = HAL_UNLOCKED;
 8004030:	f880 3040 	strb.w	r3, [r0, #64]	@ 0x40
    HAL_UART_MspInit(huart);
 8004034:	f7ff f898 	bl	8003168 <HAL_UART_MspInit>
 8004038:	e7d7      	b.n	8003fea <HAL_UART_Init+0xc>
    return HAL_ERROR;
 800403a:	2001      	movs	r0, #1
}
 800403c:	4770      	bx	lr

0800403e <HAL_UART_Transmit>:
{
 800403e:	e92d 41f0 	stmdb	sp!, {r4, r5, r6, r7, r8, lr}
 8004042:	b082      	sub	sp, #8
 8004044:	461e      	mov	r6, r3
  if (huart->gState == HAL_UART_STATE_READY)
 8004046:	f890 3041 	ldrb.w	r3, [r0, #65]	@ 0x41
 800404a:	b2db      	uxtb	r3, r3
 800404c:	2b20      	cmp	r3, #32
 800404e:	d156      	bne.n	80040fe <HAL_UART_Transmit+0xc0>
 8004050:	4604      	mov	r4, r0
 8004052:	460d      	mov	r5, r1
 8004054:	4690      	mov	r8, r2
    if ((pData == NULL) || (Size == 0U))
 8004056:	2900      	cmp	r1, #0
 8004058:	d055      	beq.n	8004106 <HAL_UART_Transmit+0xc8>
 800405a:	b90a      	cbnz	r2, 8004060 <HAL_UART_Transmit+0x22>
      return  HAL_ERROR;
 800405c:	2001      	movs	r0, #1
 800405e:	e04f      	b.n	8004100 <HAL_UART_Transmit+0xc2>
    huart->ErrorCode = HAL_UART_ERROR_NONE;
 8004060:	2300      	movs	r3, #0
 8004062:	6443      	str	r3, [r0, #68]	@ 0x44
    huart->gState = HAL_UART_STATE_BUSY_TX;
 8004064:	2321      	movs	r3, #33	@ 0x21
 8004066:	f880 3041 	strb.w	r3, [r0, #65]	@ 0x41
    tickstart = HAL_GetTick();
 800406a:	f7fe fb85 	bl	8002778 <HAL_GetTick>
 800406e:	4607      	mov	r7, r0
    huart->TxXferSize = Size;
 8004070:	f8a4 8024 	strh.w	r8, [r4, #36]	@ 0x24
    huart->TxXferCount = Size;
 8004074:	f8a4 8026 	strh.w	r8, [r4, #38]	@ 0x26
    if ((huart->Init.WordLength == UART_WORDLENGTH_9B) && (huart->Init.Parity == UART_PARITY_NONE))
 8004078:	68a3      	ldr	r3, [r4, #8]
 800407a:	f5b3 5f80 	cmp.w	r3, #4096	@ 0x1000
 800407e:	d002      	beq.n	8004086 <HAL_UART_Transmit+0x48>
      pdata16bits = NULL;
 8004080:	f04f 0800 	mov.w	r8, #0
 8004084:	e014      	b.n	80040b0 <HAL_UART_Transmit+0x72>
    if ((huart->Init.WordLength == UART_WORDLENGTH_9B) && (huart->Init.Parity == UART_PARITY_NONE))
 8004086:	6923      	ldr	r3, [r4, #16]
 8004088:	b32b      	cbz	r3, 80040d6 <HAL_UART_Transmit+0x98>
      pdata16bits = NULL;
 800408a:	f04f 0800 	mov.w	r8, #0
 800408e:	e00f      	b.n	80040b0 <HAL_UART_Transmit+0x72>
        huart->gState = HAL_UART_STATE_READY;
 8004090:	2320      	movs	r3, #32
 8004092:	f884 3041 	strb.w	r3, [r4, #65]	@ 0x41
        return HAL_TIMEOUT;
 8004096:	2003      	movs	r0, #3
 8004098:	e032      	b.n	8004100 <HAL_UART_Transmit+0xc2>
        huart->Instance->DR = (uint16_t)(*pdata16bits & 0x01FFU);
 800409a:	f838 3b02 	ldrh.w	r3, [r8], #2
 800409e:	6822      	ldr	r2, [r4, #0]
 80040a0:	f3c3 0308 	ubfx	r3, r3, #0, #9
 80040a4:	6053      	str	r3, [r2, #4]
      huart->TxXferCount--;
 80040a6:	8ce2      	ldrh	r2, [r4, #38]	@ 0x26
 80040a8:	b292      	uxth	r2, r2
 80040aa:	3a01      	subs	r2, #1
 80040ac:	b292      	uxth	r2, r2
 80040ae:	84e2      	strh	r2, [r4, #38]	@ 0x26
    while (huart->TxXferCount > 0U)
 80040b0:	8ce3      	ldrh	r3, [r4, #38]	@ 0x26
 80040b2:	b29b      	uxth	r3, r3
 80040b4:	b193      	cbz	r3, 80040dc <HAL_UART_Transmit+0x9e>
      if (UART_WaitOnFlagUntilTimeout(huart, UART_FLAG_TXE, RESET, tickstart, Timeout) != HAL_OK)
 80040b6:	9600      	str	r6, [sp, #0]
 80040b8:	463b      	mov	r3, r7
 80040ba:	2200      	movs	r2, #0
 80040bc:	2180      	movs	r1, #128	@ 0x80
 80040be:	4620      	mov	r0, r4
 80040c0:	f7ff ff4a 	bl	8003f58 <UART_WaitOnFlagUntilTimeout>
 80040c4:	2800      	cmp	r0, #0
 80040c6:	d1e3      	bne.n	8004090 <HAL_UART_Transmit+0x52>
      if (pdata8bits == NULL)
 80040c8:	2d00      	cmp	r5, #0
 80040ca:	d0e6      	beq.n	800409a <HAL_UART_Transmit+0x5c>
        huart->Instance->DR = (uint8_t)(*pdata8bits & 0xFFU);
 80040cc:	f815 2b01 	ldrb.w	r2, [r5], #1
 80040d0:	6823      	ldr	r3, [r4, #0]
 80040d2:	605a      	str	r2, [r3, #4]
        pdata8bits++;
 80040d4:	e7e7      	b.n	80040a6 <HAL_UART_Transmit+0x68>
      pdata16bits = (const uint16_t *) pData;
 80040d6:	46a8      	mov	r8, r5
      pdata8bits  = NULL;
 80040d8:	2500      	movs	r5, #0
 80040da:	e7e9      	b.n	80040b0 <HAL_UART_Transmit+0x72>
    if (UART_WaitOnFlagUntilTimeout(huart, UART_FLAG_TC, RESET, tickstart, Timeout) != HAL_OK)
 80040dc:	9600      	str	r6, [sp, #0]
 80040de:	463b      	mov	r3, r7
 80040e0:	2200      	movs	r2, #0
 80040e2:	2140      	movs	r1, #64	@ 0x40
 80040e4:	4620      	mov	r0, r4
 80040e6:	f7ff ff37 	bl	8003f58 <UART_WaitOnFlagUntilTimeout>
 80040ea:	b918      	cbnz	r0, 80040f4 <HAL_UART_Transmit+0xb6>
    huart->gState = HAL_UART_STATE_READY;
 80040ec:	2320      	movs	r3, #32
 80040ee:	f884 3041 	strb.w	r3, [r4, #65]	@ 0x41
    return HAL_OK;
 80040f2:	e005      	b.n	8004100 <HAL_UART_Transmit+0xc2>
      huart->gState = HAL_UART_STATE_READY;
 80040f4:	2320      	movs	r3, #32
 80040f6:	f884 3041 	strb.w	r3, [r4, #65]	@ 0x41
      return HAL_TIMEOUT;
 80040fa:	2003      	movs	r0, #3
 80040fc:	e000      	b.n	8004100 <HAL_UART_Transmit+0xc2>
    return HAL_BUSY;
 80040fe:	2002      	movs	r0, #2
}
 8004100:	b002      	add	sp, #8
 8004102:	e8bd 81f0 	ldmia.w	sp!, {r4, r5, r6, r7, r8, pc}
      return  HAL_ERROR;
 8004106:	2001      	movs	r0, #1
 8004108:	e7fa      	b.n	8004100 <HAL_UART_Transmit+0xc2>

0800410a <HAL_UART_TxCpltCallback>:
}
 800410a:	4770      	bx	lr

0800410c <UART_EndTransmit_IT>:
{
 800410c:	b508      	push	{r3, lr}
  __HAL_UART_DISABLE_IT(huart, UART_IT_TC);
 800410e:	6801      	ldr	r1, [r0, #0]
 8004110:	68ca      	ldr	r2, [r1, #12]
 8004112:	f022 0240 	bic.w	r2, r2, #64	@ 0x40
 8004116:	60ca      	str	r2, [r1, #12]
  huart->gState = HAL_UART_STATE_READY;
 8004118:	2220      	movs	r2, #32
 800411a:	f880 2041 	strb.w	r2, [r0, #65]	@ 0x41
  HAL_UART_TxCpltCallback(huart);
 800411e:	f7ff fff4 	bl	800410a <HAL_UART_TxCpltCallback>
}
 8004122:	2000      	movs	r0, #0
 8004124:	bd08      	pop	{r3, pc}

08004126 <HAL_UART_ErrorCallback>:
}
 8004126:	4770      	bx	lr

08004128 <UART_DMAAbortOnError>:
{
 8004128:	b508      	push	{r3, lr}
  UART_HandleTypeDef *huart = (UART_HandleTypeDef *)((DMA_HandleTypeDef *)hdma)->Parent;
 800412a:	6a40      	ldr	r0, [r0, #36]	@ 0x24
  huart->RxXferCount = 0x00U;
 800412c:	2300      	movs	r3, #0
 800412e:	85c3      	strh	r3, [r0, #46]	@ 0x2e
  huart->TxXferCount = 0x00U;
 8004130:	84c3      	strh	r3, [r0, #38]	@ 0x26
  HAL_UART_ErrorCallback(huart);
 8004132:	f7ff fff8 	bl	8004126 <HAL_UART_ErrorCallback>
}
 8004136:	bd08      	pop	{r3, pc}

08004138 <HAL_UARTEx_RxEventCallback>:
}
 8004138:	4770      	bx	lr

0800413a <UART_Receive_IT>:
  if (huart->RxState == HAL_UART_STATE_BUSY_RX)
 800413a:	f890 3042 	ldrb.w	r3, [r0, #66]	@ 0x42
 800413e:	b2db      	uxtb	r3, r3
 8004140:	2b22      	cmp	r3, #34	@ 0x22
 8004142:	d169      	bne.n	8004218 <UART_Receive_IT+0xde>
    if ((huart->Init.WordLength == UART_WORDLENGTH_9B) && (huart->Init.Parity == UART_PARITY_NONE))
 8004144:	6883      	ldr	r3, [r0, #8]
 8004146:	f5b3 5f80 	cmp.w	r3, #4096	@ 0x1000
 800414a:	d04f      	beq.n	80041ec <UART_Receive_IT+0xb2>
      pdata8bits = (uint8_t *) huart->pRxBuffPtr;
 800414c:	6a82      	ldr	r2, [r0, #40]	@ 0x28
      if ((huart->Init.WordLength == UART_WORDLENGTH_9B) || ((huart->Init.WordLength == UART_WORDLENGTH_8B) && (huart->Init.Parity == UART_PARITY_NONE)))
 800414e:	f5b3 5f80 	cmp.w	r3, #4096	@ 0x1000
 8004152:	d004      	beq.n	800415e <UART_Receive_IT+0x24>
 8004154:	2b00      	cmp	r3, #0
 8004156:	d156      	bne.n	8004206 <UART_Receive_IT+0xcc>
 8004158:	6903      	ldr	r3, [r0, #16]
 800415a:	2b00      	cmp	r3, #0
 800415c:	d153      	bne.n	8004206 <UART_Receive_IT+0xcc>
        *pdata8bits = (uint8_t)(huart->Instance->DR & (uint8_t)0x00FF);
 800415e:	6803      	ldr	r3, [r0, #0]
 8004160:	685b      	ldr	r3, [r3, #4]
 8004162:	7013      	strb	r3, [r2, #0]
      huart->pRxBuffPtr += 1U;
 8004164:	6a83      	ldr	r3, [r0, #40]	@ 0x28
 8004166:	3301      	adds	r3, #1
 8004168:	6283      	str	r3, [r0, #40]	@ 0x28
    if (--huart->RxXferCount == 0U)
 800416a:	8dc3      	ldrh	r3, [r0, #46]	@ 0x2e
 800416c:	b29b      	uxth	r3, r3
 800416e:	3b01      	subs	r3, #1
 8004170:	b29b      	uxth	r3, r3
 8004172:	85c3      	strh	r3, [r0, #46]	@ 0x2e
 8004174:	2b00      	cmp	r3, #0
 8004176:	d151      	bne.n	800421c <UART_Receive_IT+0xe2>
{
 8004178:	b500      	push	{lr}
 800417a:	b083      	sub	sp, #12
      __HAL_UART_DISABLE_IT(huart, UART_IT_RXNE);
 800417c:	6802      	ldr	r2, [r0, #0]
 800417e:	68d3      	ldr	r3, [r2, #12]
 8004180:	f023 0320 	bic.w	r3, r3, #32
 8004184:	60d3      	str	r3, [r2, #12]
      __HAL_UART_DISABLE_IT(huart, UART_IT_PE);
 8004186:	6802      	ldr	r2, [r0, #0]
 8004188:	68d3      	ldr	r3, [r2, #12]
 800418a:	f423 7380 	bic.w	r3, r3, #256	@ 0x100
 800418e:	60d3      	str	r3, [r2, #12]
      __HAL_UART_DISABLE_IT(huart, UART_IT_ERR);
 8004190:	6802      	ldr	r2, [r0, #0]
 8004192:	6953      	ldr	r3, [r2, #20]
 8004194:	f023 0301 	bic.w	r3, r3, #1
 8004198:	6153      	str	r3, [r2, #20]
      huart->RxState = HAL_UART_STATE_READY;
 800419a:	2320      	movs	r3, #32
 800419c:	f880 3042 	strb.w	r3, [r0, #66]	@ 0x42
      huart->RxEventType = HAL_UART_RXEVENT_TC;
 80041a0:	2300      	movs	r3, #0
 80041a2:	6343      	str	r3, [r0, #52]	@ 0x34
      if (huart->ReceptionType == HAL_UART_RECEPTION_TOIDLE)
 80041a4:	6b03      	ldr	r3, [r0, #48]	@ 0x30
 80041a6:	2b01      	cmp	r3, #1
 80041a8:	d133      	bne.n	8004212 <UART_Receive_IT+0xd8>
        huart->ReceptionType = HAL_UART_RECEPTION_STANDARD;
 80041aa:	2300      	movs	r3, #0
 80041ac:	6303      	str	r3, [r0, #48]	@ 0x30
        ATOMIC_CLEAR_BIT(huart->Instance->CR1, USART_CR1_IDLEIE);
 80041ae:	6802      	ldr	r2, [r0, #0]
   __ASM volatile ("ldrex %0, %1" : "=r" (result) : "Q" (*addr) );
 80041b0:	f102 030c 	add.w	r3, r2, #12
 80041b4:	e853 3f00 	ldrex	r3, [r3]
 80041b8:	f023 0310 	bic.w	r3, r3, #16
   __ASM volatile ("strex %0, %2, %1" : "=&r" (result), "=Q" (*addr) : "r" (value) );
 80041bc:	320c      	adds	r2, #12
 80041be:	e842 3100 	strex	r1, r3, [r2]
 80041c2:	2900      	cmp	r1, #0
 80041c4:	d1f3      	bne.n	80041ae <UART_Receive_IT+0x74>
        if (__HAL_UART_GET_FLAG(huart, UART_FLAG_IDLE))
 80041c6:	6803      	ldr	r3, [r0, #0]
 80041c8:	681a      	ldr	r2, [r3, #0]
 80041ca:	f012 0f10 	tst.w	r2, #16
 80041ce:	d006      	beq.n	80041de <UART_Receive_IT+0xa4>
          __HAL_UART_CLEAR_IDLEFLAG(huart);
 80041d0:	2200      	movs	r2, #0
 80041d2:	9201      	str	r2, [sp, #4]
 80041d4:	681a      	ldr	r2, [r3, #0]
 80041d6:	9201      	str	r2, [sp, #4]
 80041d8:	685b      	ldr	r3, [r3, #4]
 80041da:	9301      	str	r3, [sp, #4]
 80041dc:	9b01      	ldr	r3, [sp, #4]
        HAL_UARTEx_RxEventCallback(huart, huart->RxXferSize);
 80041de:	8d81      	ldrh	r1, [r0, #44]	@ 0x2c
 80041e0:	f7ff ffaa 	bl	8004138 <HAL_UARTEx_RxEventCallback>
      return HAL_OK;
 80041e4:	2000      	movs	r0, #0
}
 80041e6:	b003      	add	sp, #12
 80041e8:	f85d fb04 	ldr.w	pc, [sp], #4
    if ((huart->Init.WordLength == UART_WORDLENGTH_9B) && (huart->Init.Parity == UART_PARITY_NONE))
 80041ec:	6902      	ldr	r2, [r0, #16]
 80041ee:	2a00      	cmp	r2, #0
 80041f0:	d1ac      	bne.n	800414c <UART_Receive_IT+0x12>
      pdata16bits = (uint16_t *) huart->pRxBuffPtr;
 80041f2:	6a82      	ldr	r2, [r0, #40]	@ 0x28
      *pdata16bits = (uint16_t)(huart->Instance->DR & (uint16_t)0x01FF);
 80041f4:	6803      	ldr	r3, [r0, #0]
 80041f6:	685b      	ldr	r3, [r3, #4]
 80041f8:	f3c3 0308 	ubfx	r3, r3, #0, #9
 80041fc:	8013      	strh	r3, [r2, #0]
      huart->pRxBuffPtr += 2U;
 80041fe:	6a83      	ldr	r3, [r0, #40]	@ 0x28
 8004200:	3302      	adds	r3, #2
 8004202:	6283      	str	r3, [r0, #40]	@ 0x28
 8004204:	e7b1      	b.n	800416a <UART_Receive_IT+0x30>
        *pdata8bits = (uint8_t)(huart->Instance->DR & (uint8_t)0x007F);
 8004206:	6803      	ldr	r3, [r0, #0]
 8004208:	685b      	ldr	r3, [r3, #4]
 800420a:	f003 037f 	and.w	r3, r3, #127	@ 0x7f
 800420e:	7013      	strb	r3, [r2, #0]
 8004210:	e7a8      	b.n	8004164 <UART_Receive_IT+0x2a>
        HAL_UART_RxCpltCallback(huart);
 8004212:	f7fd ff4b 	bl	80020ac <HAL_UART_RxCpltCallback>
 8004216:	e7e5      	b.n	80041e4 <UART_Receive_IT+0xaa>
    return HAL_BUSY;
 8004218:	2002      	movs	r0, #2
 800421a:	4770      	bx	lr
    return HAL_OK;
 800421c:	2000      	movs	r0, #0
}
 800421e:	4770      	bx	lr

08004220 <HAL_UART_IRQHandler>:
{
 8004220:	b510      	push	{r4, lr}
 8004222:	b082      	sub	sp, #8
 8004224:	4604      	mov	r4, r0
  uint32_t isrflags   = READ_REG(huart->Instance->SR);
 8004226:	6802      	ldr	r2, [r0, #0]
 8004228:	6813      	ldr	r3, [r2, #0]
  uint32_t cr1its     = READ_REG(huart->Instance->CR1);
 800422a:	68d0      	ldr	r0, [r2, #12]
  uint32_t cr3its     = READ_REG(huart->Instance->CR3);
 800422c:	6951      	ldr	r1, [r2, #20]
  if (errorflags == RESET)
 800422e:	f013 0f0f 	tst.w	r3, #15
 8004232:	d109      	bne.n	8004248 <HAL_UART_IRQHandler+0x28>
    if (((isrflags & USART_SR_RXNE) != RESET) && ((cr1its & USART_CR1_RXNEIE) != RESET))
 8004234:	f013 0f20 	tst.w	r3, #32
 8004238:	d00c      	beq.n	8004254 <HAL_UART_IRQHandler+0x34>
 800423a:	f010 0f20 	tst.w	r0, #32
 800423e:	d009      	beq.n	8004254 <HAL_UART_IRQHandler+0x34>
      UART_Receive_IT(huart);
 8004240:	4620      	mov	r0, r4
 8004242:	f7ff ff7a 	bl	800413a <UART_Receive_IT>
      return;
 8004246:	e016      	b.n	8004276 <HAL_UART_IRQHandler+0x56>
  if ((errorflags != RESET) && (((cr3its & USART_CR3_EIE) != RESET)
 8004248:	f011 0101 	ands.w	r1, r1, #1
 800424c:	d115      	bne.n	800427a <HAL_UART_IRQHandler+0x5a>
                                || ((cr1its & (USART_CR1_RXNEIE | USART_CR1_PEIE)) != RESET)))
 800424e:	f410 7f90 	tst.w	r0, #288	@ 0x120
 8004252:	d112      	bne.n	800427a <HAL_UART_IRQHandler+0x5a>
  if ((huart->ReceptionType == HAL_UART_RECEPTION_TOIDLE)
 8004254:	6b21      	ldr	r1, [r4, #48]	@ 0x30
 8004256:	2901      	cmp	r1, #1
 8004258:	d079      	beq.n	800434e <HAL_UART_IRQHandler+0x12e>
  if (((isrflags & USART_SR_TXE) != RESET) && ((cr1its & USART_CR1_TXEIE) != RESET))
 800425a:	f013 0f80 	tst.w	r3, #128	@ 0x80
 800425e:	d003      	beq.n	8004268 <HAL_UART_IRQHandler+0x48>
 8004260:	f010 0f80 	tst.w	r0, #128	@ 0x80
 8004264:	f040 8113 	bne.w	800448e <HAL_UART_IRQHandler+0x26e>
  if (((isrflags & USART_SR_TC) != RESET) && ((cr1its & USART_CR1_TCIE) != RESET))
 8004268:	f013 0f40 	tst.w	r3, #64	@ 0x40
 800426c:	d003      	beq.n	8004276 <HAL_UART_IRQHandler+0x56>
 800426e:	f010 0f40 	tst.w	r0, #64	@ 0x40
 8004272:	f040 8110 	bne.w	8004496 <HAL_UART_IRQHandler+0x276>
}
 8004276:	b002      	add	sp, #8
 8004278:	bd10      	pop	{r4, pc}
    if (((isrflags & USART_SR_PE) != RESET) && ((cr1its & USART_CR1_PEIE) != RESET))
 800427a:	f013 0f01 	tst.w	r3, #1
 800427e:	d006      	beq.n	800428e <HAL_UART_IRQHandler+0x6e>
 8004280:	f410 7f80 	tst.w	r0, #256	@ 0x100
 8004284:	d003      	beq.n	800428e <HAL_UART_IRQHandler+0x6e>
      huart->ErrorCode |= HAL_UART_ERROR_PE;
 8004286:	6c62      	ldr	r2, [r4, #68]	@ 0x44
 8004288:	f042 0201 	orr.w	r2, r2, #1
 800428c:	6462      	str	r2, [r4, #68]	@ 0x44
    if (((isrflags & USART_SR_NE) != RESET) && ((cr3its & USART_CR3_EIE) != RESET))
 800428e:	f013 0f04 	tst.w	r3, #4
 8004292:	d004      	beq.n	800429e <HAL_UART_IRQHandler+0x7e>
 8004294:	b119      	cbz	r1, 800429e <HAL_UART_IRQHandler+0x7e>
      huart->ErrorCode |= HAL_UART_ERROR_NE;
 8004296:	6c62      	ldr	r2, [r4, #68]	@ 0x44
 8004298:	f042 0202 	orr.w	r2, r2, #2
 800429c:	6462      	str	r2, [r4, #68]	@ 0x44
    if (((isrflags & USART_SR_FE) != RESET) && ((cr3its & USART_CR3_EIE) != RESET))
 800429e:	f013 0f02 	tst.w	r3, #2
 80042a2:	d004      	beq.n	80042ae <HAL_UART_IRQHandler+0x8e>
 80042a4:	b119      	cbz	r1, 80042ae <HAL_UART_IRQHandler+0x8e>
      huart->ErrorCode |= HAL_UART_ERROR_FE;
 80042a6:	6c62      	ldr	r2, [r4, #68]	@ 0x44
 80042a8:	f042 0204 	orr.w	r2, r2, #4
 80042ac:	6462      	str	r2, [r4, #68]	@ 0x44
    if (((isrflags & USART_SR_ORE) != RESET) && (((cr1its & USART_CR1_RXNEIE) != RESET)
 80042ae:	f013 0f08 	tst.w	r3, #8
 80042b2:	d007      	beq.n	80042c4 <HAL_UART_IRQHandler+0xa4>
 80042b4:	f010 0f20 	tst.w	r0, #32
 80042b8:	d100      	bne.n	80042bc <HAL_UART_IRQHandler+0x9c>
                                                 || ((cr3its & USART_CR3_EIE) != RESET)))
 80042ba:	b119      	cbz	r1, 80042c4 <HAL_UART_IRQHandler+0xa4>
      huart->ErrorCode |= HAL_UART_ERROR_ORE;
 80042bc:	6c62      	ldr	r2, [r4, #68]	@ 0x44
 80042be:	f042 0208 	orr.w	r2, r2, #8
 80042c2:	6462      	str	r2, [r4, #68]	@ 0x44
    if (huart->ErrorCode != HAL_UART_ERROR_NONE)
 80042c4:	6c62      	ldr	r2, [r4, #68]	@ 0x44
 80042c6:	2a00      	cmp	r2, #0
 80042c8:	d0d5      	beq.n	8004276 <HAL_UART_IRQHandler+0x56>
      if (((isrflags & USART_SR_RXNE) != RESET) && ((cr1its & USART_CR1_RXNEIE) != RESET))
 80042ca:	f013 0f20 	tst.w	r3, #32
 80042ce:	d002      	beq.n	80042d6 <HAL_UART_IRQHandler+0xb6>
 80042d0:	f010 0f20 	tst.w	r0, #32
 80042d4:	d129      	bne.n	800432a <HAL_UART_IRQHandler+0x10a>
      dmarequest = HAL_IS_BIT_SET(huart->Instance->CR3, USART_CR3_DMAR);
 80042d6:	6823      	ldr	r3, [r4, #0]
 80042d8:	695b      	ldr	r3, [r3, #20]
 80042da:	f003 0340 	and.w	r3, r3, #64	@ 0x40
      if (((huart->ErrorCode & HAL_UART_ERROR_ORE) != RESET) || dmarequest)
 80042de:	6c62      	ldr	r2, [r4, #68]	@ 0x44
 80042e0:	f012 0f08 	tst.w	r2, #8
 80042e4:	d100      	bne.n	80042e8 <HAL_UART_IRQHandler+0xc8>
 80042e6:	b363      	cbz	r3, 8004342 <HAL_UART_IRQHandler+0x122>
        UART_EndRxTransfer(huart);
 80042e8:	4620      	mov	r0, r4
 80042ea:	f7ff fd8d 	bl	8003e08 <UART_EndRxTransfer>
        if (HAL_IS_BIT_SET(huart->Instance->CR3, USART_CR3_DMAR))
 80042ee:	6823      	ldr	r3, [r4, #0]
 80042f0:	695b      	ldr	r3, [r3, #20]
 80042f2:	f013 0f40 	tst.w	r3, #64	@ 0x40
 80042f6:	d020      	beq.n	800433a <HAL_UART_IRQHandler+0x11a>
          ATOMIC_CLEAR_BIT(huart->Instance->CR3, USART_CR3_DMAR);
 80042f8:	6822      	ldr	r2, [r4, #0]
   __ASM volatile ("ldrex %0, %1" : "=r" (result) : "Q" (*addr) );
 80042fa:	f102 0314 	add.w	r3, r2, #20
 80042fe:	e853 3f00 	ldrex	r3, [r3]
 8004302:	f023 0340 	bic.w	r3, r3, #64	@ 0x40
   __ASM volatile ("strex %0, %2, %1" : "=&r" (result), "=Q" (*addr) : "r" (value) );
 8004306:	3214      	adds	r2, #20
 8004308:	e842 3100 	strex	r1, r3, [r2]
 800430c:	2900      	cmp	r1, #0
 800430e:	d1f3      	bne.n	80042f8 <HAL_UART_IRQHandler+0xd8>
          if (huart->hdmarx != NULL)
 8004310:	6be3      	ldr	r3, [r4, #60]	@ 0x3c
 8004312:	b173      	cbz	r3, 8004332 <HAL_UART_IRQHandler+0x112>
            huart->hdmarx->XferAbortCallback = UART_DMAAbortOnError;
 8004314:	4a62      	ldr	r2, [pc, #392]	@ (80044a0 <HAL_UART_IRQHandler+0x280>)
 8004316:	635a      	str	r2, [r3, #52]	@ 0x34
            if (HAL_DMA_Abort_IT(huart->hdmarx) != HAL_OK)
 8004318:	6be0      	ldr	r0, [r4, #60]	@ 0x3c
 800431a:	f7fe fb7f 	bl	8002a1c <HAL_DMA_Abort_IT>
 800431e:	2800      	cmp	r0, #0
 8004320:	d0a9      	beq.n	8004276 <HAL_UART_IRQHandler+0x56>
              huart->hdmarx->XferAbortCallback(huart->hdmarx);
 8004322:	6be0      	ldr	r0, [r4, #60]	@ 0x3c
 8004324:	6b43      	ldr	r3, [r0, #52]	@ 0x34
 8004326:	4798      	blx	r3
 8004328:	e7a5      	b.n	8004276 <HAL_UART_IRQHandler+0x56>
        UART_Receive_IT(huart);
 800432a:	4620      	mov	r0, r4
 800432c:	f7ff ff05 	bl	800413a <UART_Receive_IT>
 8004330:	e7d1      	b.n	80042d6 <HAL_UART_IRQHandler+0xb6>
            HAL_UART_ErrorCallback(huart);
 8004332:	4620      	mov	r0, r4
 8004334:	f7ff fef7 	bl	8004126 <HAL_UART_ErrorCallback>
 8004338:	e79d      	b.n	8004276 <HAL_UART_IRQHandler+0x56>
          HAL_UART_ErrorCallback(huart);
 800433a:	4620      	mov	r0, r4
 800433c:	f7ff fef3 	bl	8004126 <HAL_UART_ErrorCallback>
 8004340:	e799      	b.n	8004276 <HAL_UART_IRQHandler+0x56>
        HAL_UART_ErrorCallback(huart);
 8004342:	4620      	mov	r0, r4
 8004344:	f7ff feef 	bl	8004126 <HAL_UART_ErrorCallback>
        huart->ErrorCode = HAL_UART_ERROR_NONE;
 8004348:	2300      	movs	r3, #0
 800434a:	6463      	str	r3, [r4, #68]	@ 0x44
    return;
 800434c:	e793      	b.n	8004276 <HAL_UART_IRQHandler+0x56>
      && ((isrflags & USART_SR_IDLE) != 0U)
 800434e:	f013 0f10 	tst.w	r3, #16
 8004352:	d082      	beq.n	800425a <HAL_UART_IRQHandler+0x3a>
      && ((cr1its & USART_SR_IDLE) != 0U))
 8004354:	f010 0f10 	tst.w	r0, #16
 8004358:	f43f af7f 	beq.w	800425a <HAL_UART_IRQHandler+0x3a>
    __HAL_UART_CLEAR_IDLEFLAG(huart);
 800435c:	2300      	movs	r3, #0
 800435e:	9301      	str	r3, [sp, #4]
 8004360:	6813      	ldr	r3, [r2, #0]
 8004362:	9301      	str	r3, [sp, #4]
 8004364:	6853      	ldr	r3, [r2, #4]
 8004366:	9301      	str	r3, [sp, #4]
 8004368:	9b01      	ldr	r3, [sp, #4]
    if (HAL_IS_BIT_SET(huart->Instance->CR3, USART_CR3_DMAR))
 800436a:	6953      	ldr	r3, [r2, #20]
 800436c:	f013 0f40 	tst.w	r3, #64	@ 0x40
 8004370:	d051      	beq.n	8004416 <HAL_UART_IRQHandler+0x1f6>
      uint16_t nb_remaining_rx_data = (uint16_t) __HAL_DMA_GET_COUNTER(huart->hdmarx);
 8004372:	6be2      	ldr	r2, [r4, #60]	@ 0x3c
 8004374:	6813      	ldr	r3, [r2, #0]
 8004376:	685b      	ldr	r3, [r3, #4]
 8004378:	b29b      	uxth	r3, r3
      if ((nb_remaining_rx_data > 0U)
 800437a:	2b00      	cmp	r3, #0
 800437c:	f43f af7b 	beq.w	8004276 <HAL_UART_IRQHandler+0x56>
          && (nb_remaining_rx_data < huart->RxXferSize))
 8004380:	8da1      	ldrh	r1, [r4, #44]	@ 0x2c
 8004382:	4299      	cmp	r1, r3
 8004384:	f67f af77 	bls.w	8004276 <HAL_UART_IRQHandler+0x56>
        huart->RxXferCount = nb_remaining_rx_data;
 8004388:	85e3      	strh	r3, [r4, #46]	@ 0x2e
        if (huart->hdmarx->Init.Mode != DMA_CIRCULAR)
 800438a:	6993      	ldr	r3, [r2, #24]
 800438c:	2b20      	cmp	r3, #32
 800438e:	d037      	beq.n	8004400 <HAL_UART_IRQHandler+0x1e0>
          ATOMIC_CLEAR_BIT(huart->Instance->CR1, USART_CR1_PEIE);
 8004390:	6822      	ldr	r2, [r4, #0]
   __ASM volatile ("ldrex %0, %1" : "=r" (result) : "Q" (*addr) );
 8004392:	f102 030c 	add.w	r3, r2, #12
 8004396:	e853 3f00 	ldrex	r3, [r3]
 800439a:	f423 7380 	bic.w	r3, r3, #256	@ 0x100
   __ASM volatile ("strex %0, %2, %1" : "=&r" (result), "=Q" (*addr) : "r" (value) );
 800439e:	320c      	adds	r2, #12
 80043a0:	e842 3100 	strex	r1, r3, [r2]
 80043a4:	2900      	cmp	r1, #0
 80043a6:	d1f3      	bne.n	8004390 <HAL_UART_IRQHandler+0x170>
          ATOMIC_CLEAR_BIT(huart->Instance->CR3, USART_CR3_EIE);
 80043a8:	6822      	ldr	r2, [r4, #0]
   __ASM volatile ("ldrex %0, %1" : "=r" (result) : "Q" (*addr) );
 80043aa:	f102 0314 	add.w	r3, r2, #20
 80043ae:	e853 3f00 	ldrex	r3, [r3]
 80043b2:	f023 0301 	bic.w	r3, r3, #1
   __ASM volatile ("strex %0, %2, %1" : "=&r" (result), "=Q" (*addr) : "r" (value) );
 80043b6:	3214      	adds	r2, #20
 80043b8:	e842 3100 	strex	r1, r3, [r2]
 80043bc:	2900      	cmp	r1, #0
 80043be:	d1f3      	bne.n	80043a8 <HAL_UART_IRQHandler+0x188>
          ATOMIC_CLEAR_BIT(huart->Instance->CR3, USART_CR3_DMAR);
 80043c0:	6822      	ldr	r2, [r4, #0]
   __ASM volatile ("ldrex %0, %1" : "=r" (result) : "Q" (*addr) );
 80043c2:	f102 0314 	add.w	r3, r2, #20
 80043c6:	e853 3f00 	ldrex	r3, [r3]
 80043ca:	f023 0340 	bic.w	r3, r3, #64	@ 0x40
   __ASM volatile ("strex %0, %2, %1" : "=&r" (result), "=Q" (*addr) : "r" (value) );
 80043ce:	3214      	adds	r2, #20
 80043d0:	e842 3100 	strex	r1, r3, [r2]
 80043d4:	2900      	cmp	r1, #0
 80043d6:	d1f3      	bne.n	80043c0 <HAL_UART_IRQHandler+0x1a0>
          huart->RxState = HAL_UART_STATE_READY;
 80043d8:	2320      	movs	r3, #32
 80043da:	f884 3042 	strb.w	r3, [r4, #66]	@ 0x42
          huart->ReceptionType = HAL_UART_RECEPTION_STANDARD;
 80043de:	2300      	movs	r3, #0
 80043e0:	6323      	str	r3, [r4, #48]	@ 0x30
          ATOMIC_CLEAR_BIT(huart->Instance->CR1, USART_CR1_IDLEIE);
 80043e2:	6822      	ldr	r2, [r4, #0]
   __ASM volatile ("ldrex %0, %1" : "=r" (result) : "Q" (*addr) );
 80043e4:	f102 030c 	add.w	r3, r2, #12
 80043e8:	e853 3f00 	ldrex	r3, [r3]
 80043ec:	f023 0310 	bic.w	r3, r3, #16
   __ASM volatile ("strex %0, %2, %1" : "=&r" (result), "=Q" (*addr) : "r" (value) );
 80043f0:	320c      	adds	r2, #12
 80043f2:	e842 3100 	strex	r1, r3, [r2]
 80043f6:	2900      	cmp	r1, #0
 80043f8:	d1f3      	bne.n	80043e2 <HAL_UART_IRQHandler+0x1c2>
          (void)HAL_DMA_Abort(huart->hdmarx);
 80043fa:	6be0      	ldr	r0, [r4, #60]	@ 0x3c
 80043fc:	f7fe faea 	bl	80029d4 <HAL_DMA_Abort>
        huart->RxEventType = HAL_UART_RXEVENT_IDLE;
 8004400:	2302      	movs	r3, #2
 8004402:	6363      	str	r3, [r4, #52]	@ 0x34
        HAL_UARTEx_RxEventCallback(huart, (huart->RxXferSize - huart->RxXferCount));
 8004404:	8da1      	ldrh	r1, [r4, #44]	@ 0x2c
 8004406:	8de3      	ldrh	r3, [r4, #46]	@ 0x2e
 8004408:	b29b      	uxth	r3, r3
 800440a:	1ac9      	subs	r1, r1, r3
 800440c:	b289      	uxth	r1, r1
 800440e:	4620      	mov	r0, r4
 8004410:	f7ff fe92 	bl	8004138 <HAL_UARTEx_RxEventCallback>
      return;
 8004414:	e72f      	b.n	8004276 <HAL_UART_IRQHandler+0x56>
      uint16_t nb_rx_data = huart->RxXferSize - huart->RxXferCount;
 8004416:	8da1      	ldrh	r1, [r4, #44]	@ 0x2c
 8004418:	8de3      	ldrh	r3, [r4, #46]	@ 0x2e
 800441a:	b29b      	uxth	r3, r3
 800441c:	1ac9      	subs	r1, r1, r3
 800441e:	b289      	uxth	r1, r1
      if ((huart->RxXferCount > 0U)
 8004420:	8de3      	ldrh	r3, [r4, #46]	@ 0x2e
 8004422:	b29b      	uxth	r3, r3
 8004424:	2b00      	cmp	r3, #0
 8004426:	f43f af26 	beq.w	8004276 <HAL_UART_IRQHandler+0x56>
          && (nb_rx_data > 0U))
 800442a:	2900      	cmp	r1, #0
 800442c:	f43f af23 	beq.w	8004276 <HAL_UART_IRQHandler+0x56>
        ATOMIC_CLEAR_BIT(huart->Instance->CR1, (USART_CR1_RXNEIE | USART_CR1_PEIE));
 8004430:	6822      	ldr	r2, [r4, #0]
   __ASM volatile ("ldrex %0, %1" : "=r" (result) : "Q" (*addr) );
 8004432:	f102 030c 	add.w	r3, r2, #12
 8004436:	e853 3f00 	ldrex	r3, [r3]
 800443a:	f423 7390 	bic.w	r3, r3, #288	@ 0x120
   __ASM volatile ("strex %0, %2, %1" : "=&r" (result), "=Q" (*addr) : "r" (value) );
 800443e:	320c      	adds	r2, #12
 8004440:	e842 3000 	strex	r0, r3, [r2]
 8004444:	2800      	cmp	r0, #0
 8004446:	d1f3      	bne.n	8004430 <HAL_UART_IRQHandler+0x210>
        ATOMIC_CLEAR_BIT(huart->Instance->CR3, USART_CR3_EIE);
 8004448:	6822      	ldr	r2, [r4, #0]
   __ASM volatile ("ldrex %0, %1" : "=r" (result) : "Q" (*addr) );
 800444a:	f102 0314 	add.w	r3, r2, #20
 800444e:	e853 3f00 	ldrex	r3, [r3]
 8004452:	f023 0301 	bic.w	r3, r3, #1
   __ASM volatile ("strex %0, %2, %1" : "=&r" (result), "=Q" (*addr) : "r" (value) );
 8004456:	3214      	adds	r2, #20
 8004458:	e842 3000 	strex	r0, r3, [r2]
 800445c:	2800      	cmp	r0, #0
 800445e:	d1f3      	bne.n	8004448 <HAL_UART_IRQHandler+0x228>
        huart->RxState = HAL_UART_STATE_READY;
 8004460:	2320      	movs	r3, #32
 8004462:	f884 3042 	strb.w	r3, [r4, #66]	@ 0x42
        huart->ReceptionType = HAL_UART_RECEPTION_STANDARD;
 8004466:	2300      	movs	r3, #0
 8004468:	6323      	str	r3, [r4, #48]	@ 0x30
        ATOMIC_CLEAR_BIT(huart->Instance->CR1, USART_CR1_IDLEIE);
 800446a:	6822      	ldr	r2, [r4, #0]
   __ASM volatile ("ldrex %0, %1" : "=r" (result) : "Q" (*addr) );
 800446c:	f102 030c 	add.w	r3, r2, #12
 8004470:	e853 3f00 	ldrex	r3, [r3]
 8004474:	f023 0310 	bic.w	r3, r3, #16
   __ASM volatile ("strex %0, %2, %1" : "=&r" (result), "=Q" (*addr) : "r" (value) );
 8004478:	320c      	adds	r2, #12
 800447a:	e842 3000 	strex	r0, r3, [r2]
 800447e:	2800      	cmp	r0, #0
 8004480:	d1f3      	bne.n	800446a <HAL_UART_IRQHandler+0x24a>
        huart->RxEventType = HAL_UART_RXEVENT_IDLE;
 8004482:	2302      	movs	r3, #2
 8004484:	6363      	str	r3, [r4, #52]	@ 0x34
        HAL_UARTEx_RxEventCallback(huart, nb_rx_data);
 8004486:	4620      	mov	r0, r4
 8004488:	f7ff fe56 	bl	8004138 <HAL_UARTEx_RxEventCallback>
      return;
 800448c:	e6f3      	b.n	8004276 <HAL_UART_IRQHandler+0x56>
    UART_Transmit_IT(huart);
 800448e:	4620      	mov	r0, r4
 8004490:	f7ff fce8 	bl	8003e64 <UART_Transmit_IT>
    return;
 8004494:	e6ef      	b.n	8004276 <HAL_UART_IRQHandler+0x56>
    UART_EndTransmit_IT(huart);
 8004496:	4620      	mov	r0, r4
 8004498:	f7ff fe38 	bl	800410c <UART_EndTransmit_IT>
    return;
 800449c:	e6eb      	b.n	8004276 <HAL_UART_IRQHandler+0x56>
 800449e:	bf00      	nop
 80044a0:	08004129 	.word	0x08004129

080044a4 <UART_Start_Receive_IT>:
  huart->pRxBuffPtr = pData;
 80044a4:	6281      	str	r1, [r0, #40]	@ 0x28
  huart->RxXferSize = Size;
 80044a6:	8582      	strh	r2, [r0, #44]	@ 0x2c
  huart->RxXferCount = Size;
 80044a8:	85c2      	strh	r2, [r0, #46]	@ 0x2e
  huart->ErrorCode = HAL_UART_ERROR_NONE;
 80044aa:	2300      	movs	r3, #0
 80044ac:	6443      	str	r3, [r0, #68]	@ 0x44
  huart->RxState = HAL_UART_STATE_BUSY_RX;
 80044ae:	2322      	movs	r3, #34	@ 0x22
 80044b0:	f880 3042 	strb.w	r3, [r0, #66]	@ 0x42
  if (huart->Init.Parity != UART_PARITY_NONE)
 80044b4:	6903      	ldr	r3, [r0, #16]
 80044b6:	b123      	cbz	r3, 80044c2 <UART_Start_Receive_IT+0x1e>
    __HAL_UART_ENABLE_IT(huart, UART_IT_PE);
 80044b8:	6802      	ldr	r2, [r0, #0]
 80044ba:	68d3      	ldr	r3, [r2, #12]
 80044bc:	f443 7380 	orr.w	r3, r3, #256	@ 0x100
 80044c0:	60d3      	str	r3, [r2, #12]
  __HAL_UART_ENABLE_IT(huart, UART_IT_ERR);
 80044c2:	6802      	ldr	r2, [r0, #0]
 80044c4:	6953      	ldr	r3, [r2, #20]
 80044c6:	f043 0301 	orr.w	r3, r3, #1
 80044ca:	6153      	str	r3, [r2, #20]
  __HAL_UART_ENABLE_IT(huart, UART_IT_RXNE);
 80044cc:	6802      	ldr	r2, [r0, #0]
 80044ce:	68d3      	ldr	r3, [r2, #12]
 80044d0:	f043 0320 	orr.w	r3, r3, #32
 80044d4:	60d3      	str	r3, [r2, #12]
}
 80044d6:	2000      	movs	r0, #0
 80044d8:	4770      	bx	lr

080044da <HAL_UART_Receive_IT>:
{
 80044da:	b508      	push	{r3, lr}
  if (huart->RxState == HAL_UART_STATE_READY)
 80044dc:	f890 3042 	ldrb.w	r3, [r0, #66]	@ 0x42
 80044e0:	b2db      	uxtb	r3, r3
 80044e2:	2b20      	cmp	r3, #32
 80044e4:	d108      	bne.n	80044f8 <HAL_UART_Receive_IT+0x1e>
    if ((pData == NULL) || (Size == 0U))
 80044e6:	b149      	cbz	r1, 80044fc <HAL_UART_Receive_IT+0x22>
 80044e8:	b90a      	cbnz	r2, 80044ee <HAL_UART_Receive_IT+0x14>
      return HAL_ERROR;
 80044ea:	2001      	movs	r0, #1
}
 80044ec:	bd08      	pop	{r3, pc}
    huart->ReceptionType = HAL_UART_RECEPTION_STANDARD;
 80044ee:	2300      	movs	r3, #0
 80044f0:	6303      	str	r3, [r0, #48]	@ 0x30
    return (UART_Start_Receive_IT(huart, pData, Size));
 80044f2:	f7ff ffd7 	bl	80044a4 <UART_Start_Receive_IT>
 80044f6:	e7f9      	b.n	80044ec <HAL_UART_Receive_IT+0x12>
    return HAL_BUSY;
 80044f8:	2002      	movs	r0, #2
 80044fa:	e7f7      	b.n	80044ec <HAL_UART_Receive_IT+0x12>
      return HAL_ERROR;
 80044fc:	2001      	movs	r0, #1
 80044fe:	e7f5      	b.n	80044ec <HAL_UART_Receive_IT+0x12>

08004500 <NMI_Handler>:
{
  /* USER CODE BEGIN NonMaskableInt_IRQn 0 */

  /* USER CODE END NonMaskableInt_IRQn 0 */
  /* USER CODE BEGIN NonMaskableInt_IRQn 1 */
  while (1)
 8004500:	e7fe      	b.n	8004500 <NMI_Handler>

08004502 <HardFault_Handler>:
void HardFault_Handler(void)
{
  /* USER CODE BEGIN HardFault_IRQn 0 */

  /* USER CODE END HardFault_IRQn 0 */
  while (1)
 8004502:	e7fe      	b.n	8004502 <HardFault_Handler>

08004504 <MemManage_Handler>:
void MemManage_Handler(void)
{
  /* USER CODE BEGIN MemoryManagement_IRQn 0 */

  /* USER CODE END MemoryManagement_IRQn 0 */
  while (1)
 8004504:	e7fe      	b.n	8004504 <MemManage_Handler>

08004506 <BusFault_Handler>:
void BusFault_Handler(void)
{
  /* USER CODE BEGIN BusFault_IRQn 0 */

  /* USER CODE END BusFault_IRQn 0 */
  while (1)
 8004506:	e7fe      	b.n	8004506 <BusFault_Handler>

08004508 <UsageFault_Handler>:
void UsageFault_Handler(void)
{
  /* USER CODE BEGIN UsageFault_IRQn 0 */

  /* USER CODE END UsageFault_IRQn 0 */
  while (1)
 8004508:	e7fe      	b.n	8004508 <UsageFault_Handler>

0800450a <SVC_Handler>:

  /* USER CODE END SVCall_IRQn 0 */
  /* USER CODE BEGIN SVCall_IRQn 1 */

  /* USER CODE END SVCall_IRQn 1 */
}
 800450a:	4770      	bx	lr

0800450c <DebugMon_Handler>:

  /* USER CODE END DebugMonitor_IRQn 0 */
  /* USER CODE BEGIN DebugMonitor_IRQn 1 */

  /* USER CODE END DebugMonitor_IRQn 1 */
}
 800450c:	4770      	bx	lr

0800450e <PendSV_Handler>:

  /* USER CODE END PendSV_IRQn 0 */
  /* USER CODE BEGIN PendSV_IRQn 1 */

  /* USER CODE END PendSV_IRQn 1 */
}
 800450e:	4770      	bx	lr

08004510 <USART2_IRQHandler>:

/**
  * @brief This function handles USART2 global interrupt.
  */
void USART2_IRQHandler(void)
{
 8004510:	b508      	push	{r3, lr}
  /* USER CODE BEGIN USART2_IRQn 0 */

  /* USER CODE END USART2_IRQn 0 */
  HAL_UART_IRQHandler(&huart2);
 8004512:	4802      	ldr	r0, [pc, #8]	@ (800451c <USART2_IRQHandler+0xc>)
 8004514:	f7ff fe84 	bl	8004220 <HAL_UART_IRQHandler>
  /* USER CODE BEGIN USART2_IRQn 1 */

  /* USER CODE END USART2_IRQn 1 */
}
 8004518:	bd08      	pop	{r3, pc}
 800451a:	bf00      	nop
 800451c:	20003fd0 	.word	0x20003fd0

08004520 <SystemInit>:

  /* Configure the Vector Table location -------------------------------------*/
#if defined(USER_VECT_TAB_ADDRESS)
  SCB->VTOR = VECT_TAB_BASE_ADDRESS | VECT_TAB_OFFSET; /* Vector Table Relocation in Internal SRAM. */
#endif /* USER_VECT_TAB_ADDRESS */
}
 8004520:	4770      	bx	lr
	...

08004524 <Reset_Handler>:
  .weak Reset_Handler
  .type Reset_Handler, %function
Reset_Handler:

/* Call the clock system initialization function.*/
    bl  SystemInit
 8004524:	f7ff fffc 	bl	8004520 <SystemInit>

/* Copy the data segment initializers from flash to SRAM */
  ldr r0, =_sdata
 8004528:	480b      	ldr	r0, [pc, #44]	@ (8004558 <LoopFillZerobss+0xe>)
  ldr r1, =_edata
 800452a:	490c      	ldr	r1, [pc, #48]	@ (800455c <LoopFillZerobss+0x12>)
  ldr r2, =_sidata
 800452c:	4a0c      	ldr	r2, [pc, #48]	@ (8004560 <LoopFillZerobss+0x16>)
  movs r3, #0
 800452e:	2300      	movs	r3, #0
  b LoopCopyDataInit
 8004530:	e002      	b.n	8004538 <LoopCopyDataInit>

08004532 <CopyDataInit>:

CopyDataInit:
  ldr r4, [r2, r3]
 8004532:	58d4      	ldr	r4, [r2, r3]
  str r4, [r0, r3]
 8004534:	50c4      	str	r4, [r0, r3]
  adds r3, r3, #4
 8004536:	3304      	adds	r3, #4

08004538 <LoopCopyDataInit>:

LoopCopyDataInit:
  adds r4, r0, r3
 8004538:	18c4      	adds	r4, r0, r3
  cmp r4, r1
 800453a:	428c      	cmp	r4, r1
  bcc CopyDataInit
 800453c:	d3f9      	bcc.n	8004532 <CopyDataInit>
  
/* Zero fill the bss segment. */
  ldr r2, =_sbss
 800453e:	4a09      	ldr	r2, [pc, #36]	@ (8004564 <LoopFillZerobss+0x1a>)
  ldr r4, =_ebss
 8004540:	4c09      	ldr	r4, [pc, #36]	@ (8004568 <LoopFillZerobss+0x1e>)
  movs r3, #0
 8004542:	2300      	movs	r3, #0
  b LoopFillZerobss
 8004544:	e001      	b.n	800454a <LoopFillZerobss>

08004546 <FillZerobss>:

FillZerobss:
  str  r3, [r2]
 8004546:	6013      	str	r3, [r2, #0]
  adds r2, r2, #4
 8004548:	3204      	adds	r2, #4

0800454a <LoopFillZerobss>:

LoopFillZerobss:
  cmp r2, r4
 800454a:	42a2      	cmp	r2, r4
  bcc FillZerobss
 800454c:	d3fb      	bcc.n	8004546 <FillZerobss>

/* Call static constructors */
    bl __libc_init_array
 800454e:	f000 f9a1 	bl	8004894 <__libc_init_array>
/* Call the application's entry point.*/
  bl main
 8004552:	f7fd fe0f 	bl	8002174 <main>
  bx lr
 8004556:	4770      	bx	lr
  ldr r0, =_sdata
 8004558:	20000000 	.word	0x20000000
  ldr r1, =_edata
 800455c:	20000070 	.word	0x20000070
  ldr r2, =_sidata
 8004560:	0800583c 	.word	0x0800583c
  ldr r2, =_sbss
 8004564:	20000070 	.word	0x20000070
  ldr r4, =_ebss
 8004568:	20004190 	.word	0x20004190

0800456c <ADC1_2_IRQHandler>:
 * @retval : None
*/
    .section .text.Default_Handler,"ax",%progbits
Default_Handler:
Infinite_Loop:
  b Infinite_Loop
 800456c:	e7fe      	b.n	800456c <ADC1_2_IRQHandler>
	...

08004570 <rand>:
 8004570:	4b16      	ldr	r3, [pc, #88]	@ (80045cc <rand+0x5c>)
 8004572:	b510      	push	{r4, lr}
 8004574:	681c      	ldr	r4, [r3, #0]
 8004576:	6b23      	ldr	r3, [r4, #48]	@ 0x30
 8004578:	b9b3      	cbnz	r3, 80045a8 <rand+0x38>
 800457a:	2018      	movs	r0, #24
 800457c:	f000 fa18 	bl	80049b0 <malloc>
 8004580:	4602      	mov	r2, r0
 8004582:	6320      	str	r0, [r4, #48]	@ 0x30
 8004584:	b920      	cbnz	r0, 8004590 <rand+0x20>
 8004586:	2152      	movs	r1, #82	@ 0x52
 8004588:	4b11      	ldr	r3, [pc, #68]	@ (80045d0 <rand+0x60>)
 800458a:	4812      	ldr	r0, [pc, #72]	@ (80045d4 <rand+0x64>)
 800458c:	f000 f9aa 	bl	80048e4 <__assert_func>
 8004590:	4911      	ldr	r1, [pc, #68]	@ (80045d8 <rand+0x68>)
 8004592:	4b12      	ldr	r3, [pc, #72]	@ (80045dc <rand+0x6c>)
 8004594:	e9c0 1300 	strd	r1, r3, [r0]
 8004598:	4b11      	ldr	r3, [pc, #68]	@ (80045e0 <rand+0x70>)
 800459a:	2100      	movs	r1, #0
 800459c:	6083      	str	r3, [r0, #8]
 800459e:	230b      	movs	r3, #11
 80045a0:	8183      	strh	r3, [r0, #12]
 80045a2:	2001      	movs	r0, #1
 80045a4:	e9c2 0104 	strd	r0, r1, [r2, #16]
 80045a8:	6b21      	ldr	r1, [r4, #48]	@ 0x30
 80045aa:	480e      	ldr	r0, [pc, #56]	@ (80045e4 <rand+0x74>)
 80045ac:	690b      	ldr	r3, [r1, #16]
 80045ae:	694c      	ldr	r4, [r1, #20]
 80045b0:	4358      	muls	r0, r3
 80045b2:	4a0d      	ldr	r2, [pc, #52]	@ (80045e8 <rand+0x78>)
 80045b4:	fb02 0004 	mla	r0, r2, r4, r0
 80045b8:	fba3 3202 	umull	r3, r2, r3, r2
 80045bc:	3301      	adds	r3, #1
 80045be:	eb40 0002 	adc.w	r0, r0, r2
 80045c2:	e9c1 3004 	strd	r3, r0, [r1, #16]
 80045c6:	f020 4000 	bic.w	r0, r0, #2147483648	@ 0x80000000
 80045ca:	bd10      	pop	{r4, pc}
 80045cc:	20000020 	.word	0x20000020
 80045d0:	08005738 	.word	0x08005738
 80045d4:	0800574f 	.word	0x0800574f
 80045d8:	abcd330e 	.word	0xabcd330e
 80045dc:	e66d1234 	.word	0xe66d1234
 80045e0:	0005deec 	.word	0x0005deec
 80045e4:	5851f42d 	.word	0x5851f42d
 80045e8:	4c957f2d 	.word	0x4c957f2d

080045ec <std>:
 80045ec:	2300      	movs	r3, #0
 80045ee:	b510      	push	{r4, lr}
 80045f0:	4604      	mov	r4, r0
 80045f2:	e9c0 3300 	strd	r3, r3, [r0]
 80045f6:	e9c0 3304 	strd	r3, r3, [r0, #16]
 80045fa:	6083      	str	r3, [r0, #8]
 80045fc:	8181      	strh	r1, [r0, #12]
 80045fe:	6643      	str	r3, [r0, #100]	@ 0x64
 8004600:	81c2      	strh	r2, [r0, #14]
 8004602:	6183      	str	r3, [r0, #24]
 8004604:	4619      	mov	r1, r3
 8004606:	2208      	movs	r2, #8
 8004608:	305c      	adds	r0, #92	@ 0x5c
 800460a:	f000 f8f4 	bl	80047f6 <memset>
 800460e:	4b0d      	ldr	r3, [pc, #52]	@ (8004644 <std+0x58>)
 8004610:	6224      	str	r4, [r4, #32]
 8004612:	6263      	str	r3, [r4, #36]	@ 0x24
 8004614:	4b0c      	ldr	r3, [pc, #48]	@ (8004648 <std+0x5c>)
 8004616:	62a3      	str	r3, [r4, #40]	@ 0x28
 8004618:	4b0c      	ldr	r3, [pc, #48]	@ (800464c <std+0x60>)
 800461a:	62e3      	str	r3, [r4, #44]	@ 0x2c
 800461c:	4b0c      	ldr	r3, [pc, #48]	@ (8004650 <std+0x64>)
 800461e:	6323      	str	r3, [r4, #48]	@ 0x30
 8004620:	4b0c      	ldr	r3, [pc, #48]	@ (8004654 <std+0x68>)
 8004622:	429c      	cmp	r4, r3
 8004624:	d006      	beq.n	8004634 <std+0x48>
 8004626:	f103 0268 	add.w	r2, r3, #104	@ 0x68
 800462a:	4294      	cmp	r4, r2
 800462c:	d002      	beq.n	8004634 <std+0x48>
 800462e:	33d0      	adds	r3, #208	@ 0xd0
 8004630:	429c      	cmp	r4, r3
 8004632:	d105      	bne.n	8004640 <std+0x54>
 8004634:	f104 0058 	add.w	r0, r4, #88	@ 0x58
 8004638:	e8bd 4010 	ldmia.w	sp!, {r4, lr}
 800463c:	f000 b94e 	b.w	80048dc <__retarget_lock_init_recursive>
 8004640:	bd10      	pop	{r4, pc}
 8004642:	bf00      	nop
 8004644:	08004771 	.word	0x08004771
 8004648:	08004793 	.word	0x08004793
 800464c:	080047cb 	.word	0x080047cb
 8004650:	080047ef 	.word	0x080047ef
 8004654:	20004040 	.word	0x20004040

08004658 <stdio_exit_handler>:
 8004658:	4a02      	ldr	r2, [pc, #8]	@ (8004664 <stdio_exit_handler+0xc>)
 800465a:	4903      	ldr	r1, [pc, #12]	@ (8004668 <stdio_exit_handler+0x10>)
 800465c:	4803      	ldr	r0, [pc, #12]	@ (800466c <stdio_exit_handler+0x14>)
 800465e:	f000 b869 	b.w	8004734 <_fwalk_sglue>
 8004662:	bf00      	nop
 8004664:	20000014 	.word	0x20000014
 8004668:	08004c1d 	.word	0x08004c1d
 800466c:	20000024 	.word	0x20000024

08004670 <cleanup_stdio>:
 8004670:	6841      	ldr	r1, [r0, #4]
 8004672:	4b0c      	ldr	r3, [pc, #48]	@ (80046a4 <cleanup_stdio+0x34>)
 8004674:	b510      	push	{r4, lr}
 8004676:	4299      	cmp	r1, r3
 8004678:	4604      	mov	r4, r0
 800467a:	d001      	beq.n	8004680 <cleanup_stdio+0x10>
 800467c:	f000 face 	bl	8004c1c <_fflush_r>
 8004680:	68a1      	ldr	r1, [r4, #8]
 8004682:	4b09      	ldr	r3, [pc, #36]	@ (80046a8 <cleanup_stdio+0x38>)
 8004684:	4299      	cmp	r1, r3
 8004686:	d002      	beq.n	800468e <cleanup_stdio+0x1e>
 8004688:	4620      	mov	r0, r4
 800468a:	f000 fac7 	bl	8004c1c <_fflush_r>
 800468e:	68e1      	ldr	r1, [r4, #12]
 8004690:	4b06      	ldr	r3, [pc, #24]	@ (80046ac <cleanup_stdio+0x3c>)
 8004692:	4299      	cmp	r1, r3
 8004694:	d004      	beq.n	80046a0 <cleanup_stdio+0x30>
 8004696:	4620      	mov	r0, r4
 8004698:	e8bd 4010 	ldmia.w	sp!, {r4, lr}
 800469c:	f000 babe 	b.w	8004c1c <_fflush_r>
 80046a0:	bd10      	pop	{r4, pc}
 80046a2:	bf00      	nop
 80046a4:	20004040 	.word	0x20004040
 80046a8:	200040a8 	.word	0x200040a8
 80046ac:	20004110 	.word	0x20004110

080046b0 <global_stdio_init.part.0>:
 80046b0:	b510      	push	{r4, lr}
 80046b2:	4b0b      	ldr	r3, [pc, #44]	@ (80046e0 <global_stdio_init.part.0+0x30>)
 80046b4:	4c0b      	ldr	r4, [pc, #44]	@ (80046e4 <global_stdio_init.part.0+0x34>)
 80046b6:	4a0c      	ldr	r2, [pc, #48]	@ (80046e8 <global_stdio_init.part.0+0x38>)
 80046b8:	4620      	mov	r0, r4
 80046ba:	601a      	str	r2, [r3, #0]
 80046bc:	2104      	movs	r1, #4
 80046be:	2200      	movs	r2, #0
 80046c0:	f7ff ff94 	bl	80045ec <std>
 80046c4:	f104 0068 	add.w	r0, r4, #104	@ 0x68
 80046c8:	2201      	movs	r2, #1
 80046ca:	2109      	movs	r1, #9
 80046cc:	f7ff ff8e 	bl	80045ec <std>
 80046d0:	f104 00d0 	add.w	r0, r4, #208	@ 0xd0
 80046d4:	2202      	movs	r2, #2
 80046d6:	e8bd 4010 	ldmia.w	sp!, {r4, lr}
 80046da:	2112      	movs	r1, #18
 80046dc:	f7ff bf86 	b.w	80045ec <std>
 80046e0:	20004178 	.word	0x20004178
 80046e4:	20004040 	.word	0x20004040
 80046e8:	08004659 	.word	0x08004659

080046ec <__sfp_lock_acquire>:
 80046ec:	4801      	ldr	r0, [pc, #4]	@ (80046f4 <__sfp_lock_acquire+0x8>)
 80046ee:	f000 b8f6 	b.w	80048de <__retarget_lock_acquire_recursive>
 80046f2:	bf00      	nop
 80046f4:	20004181 	.word	0x20004181

080046f8 <__sfp_lock_release>:
 80046f8:	4801      	ldr	r0, [pc, #4]	@ (8004700 <__sfp_lock_release+0x8>)
 80046fa:	f000 b8f1 	b.w	80048e0 <__retarget_lock_release_recursive>
 80046fe:	bf00      	nop
 8004700:	20004181 	.word	0x20004181

08004704 <__sinit>:
 8004704:	b510      	push	{r4, lr}
 8004706:	4604      	mov	r4, r0
 8004708:	f7ff fff0 	bl	80046ec <__sfp_lock_acquire>
 800470c:	6a23      	ldr	r3, [r4, #32]
 800470e:	b11b      	cbz	r3, 8004718 <__sinit+0x14>
 8004710:	e8bd 4010 	ldmia.w	sp!, {r4, lr}
 8004714:	f7ff bff0 	b.w	80046f8 <__sfp_lock_release>
 8004718:	4b04      	ldr	r3, [pc, #16]	@ (800472c <__sinit+0x28>)
 800471a:	6223      	str	r3, [r4, #32]
 800471c:	4b04      	ldr	r3, [pc, #16]	@ (8004730 <__sinit+0x2c>)
 800471e:	681b      	ldr	r3, [r3, #0]
 8004720:	2b00      	cmp	r3, #0
 8004722:	d1f5      	bne.n	8004710 <__sinit+0xc>
 8004724:	f7ff ffc4 	bl	80046b0 <global_stdio_init.part.0>
 8004728:	e7f2      	b.n	8004710 <__sinit+0xc>
 800472a:	bf00      	nop
 800472c:	08004671 	.word	0x08004671
 8004730:	20004178 	.word	0x20004178

08004734 <_fwalk_sglue>:
 8004734:	e92d 43f8 	stmdb	sp!, {r3, r4, r5, r6, r7, r8, r9, lr}
 8004738:	4607      	mov	r7, r0
 800473a:	4688      	mov	r8, r1
 800473c:	4614      	mov	r4, r2
 800473e:	2600      	movs	r6, #0
 8004740:	e9d4 9501 	ldrd	r9, r5, [r4, #4]
 8004744:	f1b9 0901 	subs.w	r9, r9, #1
 8004748:	d505      	bpl.n	8004756 <_fwalk_sglue+0x22>
 800474a:	6824      	ldr	r4, [r4, #0]
 800474c:	2c00      	cmp	r4, #0
 800474e:	d1f7      	bne.n	8004740 <_fwalk_sglue+0xc>
 8004750:	4630      	mov	r0, r6
 8004752:	e8bd 83f8 	ldmia.w	sp!, {r3, r4, r5, r6, r7, r8, r9, pc}
 8004756:	89ab      	ldrh	r3, [r5, #12]
 8004758:	2b01      	cmp	r3, #1
 800475a:	d907      	bls.n	800476c <_fwalk_sglue+0x38>
 800475c:	f9b5 300e 	ldrsh.w	r3, [r5, #14]
 8004760:	3301      	adds	r3, #1
 8004762:	d003      	beq.n	800476c <_fwalk_sglue+0x38>
 8004764:	4629      	mov	r1, r5
 8004766:	4638      	mov	r0, r7
 8004768:	47c0      	blx	r8
 800476a:	4306      	orrs	r6, r0
 800476c:	3568      	adds	r5, #104	@ 0x68
 800476e:	e7e9      	b.n	8004744 <_fwalk_sglue+0x10>

08004770 <__sread>:
 8004770:	b510      	push	{r4, lr}
 8004772:	460c      	mov	r4, r1
 8004774:	f9b1 100e 	ldrsh.w	r1, [r1, #14]
 8004778:	f000 f868 	bl	800484c <_read_r>
 800477c:	2800      	cmp	r0, #0
 800477e:	bfab      	itete	ge
 8004780:	6d63      	ldrge	r3, [r4, #84]	@ 0x54
 8004782:	89a3      	ldrhlt	r3, [r4, #12]
 8004784:	181b      	addge	r3, r3, r0
 8004786:	f423 5380 	biclt.w	r3, r3, #4096	@ 0x1000
 800478a:	bfac      	ite	ge
 800478c:	6563      	strge	r3, [r4, #84]	@ 0x54
 800478e:	81a3      	strhlt	r3, [r4, #12]
 8004790:	bd10      	pop	{r4, pc}

08004792 <__swrite>:
 8004792:	e92d 41f0 	stmdb	sp!, {r4, r5, r6, r7, r8, lr}
 8004796:	461f      	mov	r7, r3
 8004798:	898b      	ldrh	r3, [r1, #12]
 800479a:	4605      	mov	r5, r0
 800479c:	05db      	lsls	r3, r3, #23
 800479e:	460c      	mov	r4, r1
 80047a0:	4616      	mov	r6, r2
 80047a2:	d505      	bpl.n	80047b0 <__swrite+0x1e>
 80047a4:	2302      	movs	r3, #2
 80047a6:	2200      	movs	r2, #0
 80047a8:	f9b1 100e 	ldrsh.w	r1, [r1, #14]
 80047ac:	f000 f83c 	bl	8004828 <_lseek_r>
 80047b0:	89a3      	ldrh	r3, [r4, #12]
 80047b2:	4632      	mov	r2, r6
 80047b4:	f423 5380 	bic.w	r3, r3, #4096	@ 0x1000
 80047b8:	81a3      	strh	r3, [r4, #12]
 80047ba:	4628      	mov	r0, r5
 80047bc:	463b      	mov	r3, r7
 80047be:	f9b4 100e 	ldrsh.w	r1, [r4, #14]
 80047c2:	e8bd 41f0 	ldmia.w	sp!, {r4, r5, r6, r7, r8, lr}
 80047c6:	f000 b853 	b.w	8004870 <_write_r>

080047ca <__sseek>:
 80047ca:	b510      	push	{r4, lr}
 80047cc:	460c      	mov	r4, r1
 80047ce:	f9b1 100e 	ldrsh.w	r1, [r1, #14]
 80047d2:	f000 f829 	bl	8004828 <_lseek_r>
 80047d6:	1c43      	adds	r3, r0, #1
 80047d8:	89a3      	ldrh	r3, [r4, #12]
 80047da:	bf15      	itete	ne
 80047dc:	6560      	strne	r0, [r4, #84]	@ 0x54
 80047de:	f423 5380 	biceq.w	r3, r3, #4096	@ 0x1000
 80047e2:	f443 5380 	orrne.w	r3, r3, #4096	@ 0x1000
 80047e6:	81a3      	strheq	r3, [r4, #12]
 80047e8:	bf18      	it	ne
 80047ea:	81a3      	strhne	r3, [r4, #12]
 80047ec:	bd10      	pop	{r4, pc}

080047ee <__sclose>:
 80047ee:	f9b1 100e 	ldrsh.w	r1, [r1, #14]
 80047f2:	f000 b809 	b.w	8004808 <_close_r>

080047f6 <memset>:
 80047f6:	4603      	mov	r3, r0
 80047f8:	4402      	add	r2, r0
 80047fa:	4293      	cmp	r3, r2
 80047fc:	d100      	bne.n	8004800 <memset+0xa>
 80047fe:	4770      	bx	lr
 8004800:	f803 1b01 	strb.w	r1, [r3], #1
 8004804:	e7f9      	b.n	80047fa <memset+0x4>
	...

08004808 <_close_r>:
 8004808:	b538      	push	{r3, r4, r5, lr}
 800480a:	2300      	movs	r3, #0
 800480c:	4d05      	ldr	r5, [pc, #20]	@ (8004824 <_close_r+0x1c>)
 800480e:	4604      	mov	r4, r0
 8004810:	4608      	mov	r0, r1
 8004812:	602b      	str	r3, [r5, #0]
 8004814:	f000 fe9a 	bl	800554c <_close>
 8004818:	1c43      	adds	r3, r0, #1
 800481a:	d102      	bne.n	8004822 <_close_r+0x1a>
 800481c:	682b      	ldr	r3, [r5, #0]
 800481e:	b103      	cbz	r3, 8004822 <_close_r+0x1a>
 8004820:	6023      	str	r3, [r4, #0]
 8004822:	bd38      	pop	{r3, r4, r5, pc}
 8004824:	2000417c 	.word	0x2000417c

08004828 <_lseek_r>:
 8004828:	b538      	push	{r3, r4, r5, lr}
 800482a:	4604      	mov	r4, r0
 800482c:	4608      	mov	r0, r1
 800482e:	4611      	mov	r1, r2
 8004830:	2200      	movs	r2, #0
 8004832:	4d05      	ldr	r5, [pc, #20]	@ (8004848 <_lseek_r+0x20>)
 8004834:	602a      	str	r2, [r5, #0]
 8004836:	461a      	mov	r2, r3
 8004838:	f000 feb0 	bl	800559c <_lseek>
 800483c:	1c43      	adds	r3, r0, #1
 800483e:	d102      	bne.n	8004846 <_lseek_r+0x1e>
 8004840:	682b      	ldr	r3, [r5, #0]
 8004842:	b103      	cbz	r3, 8004846 <_lseek_r+0x1e>
 8004844:	6023      	str	r3, [r4, #0]
 8004846:	bd38      	pop	{r3, r4, r5, pc}
 8004848:	2000417c 	.word	0x2000417c

0800484c <_read_r>:
 800484c:	b538      	push	{r3, r4, r5, lr}
 800484e:	4604      	mov	r4, r0
 8004850:	4608      	mov	r0, r1
 8004852:	4611      	mov	r1, r2
 8004854:	2200      	movs	r2, #0
 8004856:	4d05      	ldr	r5, [pc, #20]	@ (800486c <_read_r+0x20>)
 8004858:	602a      	str	r2, [r5, #0]
 800485a:	461a      	mov	r2, r3
 800485c:	f000 fea6 	bl	80055ac <_read>
 8004860:	1c43      	adds	r3, r0, #1
 8004862:	d102      	bne.n	800486a <_read_r+0x1e>
 8004864:	682b      	ldr	r3, [r5, #0]
 8004866:	b103      	cbz	r3, 800486a <_read_r+0x1e>
 8004868:	6023      	str	r3, [r4, #0]
 800486a:	bd38      	pop	{r3, r4, r5, pc}
 800486c:	2000417c 	.word	0x2000417c

08004870 <_write_r>:
 8004870:	b538      	push	{r3, r4, r5, lr}
 8004872:	4604      	mov	r4, r0
 8004874:	4608      	mov	r0, r1
 8004876:	4611      	mov	r1, r2
 8004878:	2200      	movs	r2, #0
 800487a:	4d05      	ldr	r5, [pc, #20]	@ (8004890 <_write_r+0x20>)
 800487c:	602a      	str	r2, [r5, #0]
 800487e:	461a      	mov	r2, r3
 8004880:	f000 feaa 	bl	80055d8 <_write>
 8004884:	1c43      	adds	r3, r0, #1
 8004886:	d102      	bne.n	800488e <_write_r+0x1e>
 8004888:	682b      	ldr	r3, [r5, #0]
 800488a:	b103      	cbz	r3, 800488e <_write_r+0x1e>
 800488c:	6023      	str	r3, [r4, #0]
 800488e:	bd38      	pop	{r3, r4, r5, pc}
 8004890:	2000417c 	.word	0x2000417c

08004894 <__libc_init_array>:
 8004894:	b570      	push	{r4, r5, r6, lr}
 8004896:	2600      	movs	r6, #0
 8004898:	4d0c      	ldr	r5, [pc, #48]	@ (80048cc <__libc_init_array+0x38>)
 800489a:	4c0d      	ldr	r4, [pc, #52]	@ (80048d0 <__libc_init_array+0x3c>)
 800489c:	1b64      	subs	r4, r4, r5
 800489e:	10a4      	asrs	r4, r4, #2
 80048a0:	42a6      	cmp	r6, r4
 80048a2:	d109      	bne.n	80048b8 <__libc_init_array+0x24>
 80048a4:	f000 fea2 	bl	80055ec <_init>
 80048a8:	2600      	movs	r6, #0
 80048aa:	4d0a      	ldr	r5, [pc, #40]	@ (80048d4 <__libc_init_array+0x40>)
 80048ac:	4c0a      	ldr	r4, [pc, #40]	@ (80048d8 <__libc_init_array+0x44>)
 80048ae:	1b64      	subs	r4, r4, r5
 80048b0:	10a4      	asrs	r4, r4, #2
 80048b2:	42a6      	cmp	r6, r4
 80048b4:	d105      	bne.n	80048c2 <__libc_init_array+0x2e>
 80048b6:	bd70      	pop	{r4, r5, r6, pc}
 80048b8:	f855 3b04 	ldr.w	r3, [r5], #4
 80048bc:	4798      	blx	r3
 80048be:	3601      	adds	r6, #1
 80048c0:	e7ee      	b.n	80048a0 <__libc_init_array+0xc>
 80048c2:	f855 3b04 	ldr.w	r3, [r5], #4
 80048c6:	4798      	blx	r3
 80048c8:	3601      	adds	r6, #1
 80048ca:	e7f2      	b.n	80048b2 <__libc_init_array+0x1e>
 80048cc:	08005834 	.word	0x08005834
 80048d0:	08005834 	.word	0x08005834
 80048d4:	08005834 	.word	0x08005834
 80048d8:	08005838 	.word	0x08005838

080048dc <__retarget_lock_init_recursive>:
 80048dc:	4770      	bx	lr

080048de <__retarget_lock_acquire_recursive>:
 80048de:	4770      	bx	lr

080048e0 <__retarget_lock_release_recursive>:
 80048e0:	4770      	bx	lr
	...

080048e4 <__assert_func>:
 80048e4:	b51f      	push	{r0, r1, r2, r3, r4, lr}
 80048e6:	4614      	mov	r4, r2
 80048e8:	461a      	mov	r2, r3
 80048ea:	4b09      	ldr	r3, [pc, #36]	@ (8004910 <__assert_func+0x2c>)
 80048ec:	4605      	mov	r5, r0
 80048ee:	681b      	ldr	r3, [r3, #0]
 80048f0:	68d8      	ldr	r0, [r3, #12]
 80048f2:	b954      	cbnz	r4, 800490a <__assert_func+0x26>
 80048f4:	4b07      	ldr	r3, [pc, #28]	@ (8004914 <__assert_func+0x30>)
 80048f6:	461c      	mov	r4, r3
 80048f8:	e9cd 3401 	strd	r3, r4, [sp, #4]
 80048fc:	9100      	str	r1, [sp, #0]
 80048fe:	462b      	mov	r3, r5
 8004900:	4905      	ldr	r1, [pc, #20]	@ (8004918 <__assert_func+0x34>)
 8004902:	f000 f9b3 	bl	8004c6c <fiprintf>
 8004906:	f000 f9d3 	bl	8004cb0 <abort>
 800490a:	4b04      	ldr	r3, [pc, #16]	@ (800491c <__assert_func+0x38>)
 800490c:	e7f4      	b.n	80048f8 <__assert_func+0x14>
 800490e:	bf00      	nop
 8004910:	20000020 	.word	0x20000020
 8004914:	080057ff 	.word	0x080057ff
 8004918:	080057d1 	.word	0x080057d1
 800491c:	080057c4 	.word	0x080057c4

08004920 <_free_r>:
 8004920:	b538      	push	{r3, r4, r5, lr}
 8004922:	4605      	mov	r5, r0
 8004924:	2900      	cmp	r1, #0
 8004926:	d040      	beq.n	80049aa <_free_r+0x8a>
 8004928:	f851 3c04 	ldr.w	r3, [r1, #-4]
 800492c:	1f0c      	subs	r4, r1, #4
 800492e:	2b00      	cmp	r3, #0
 8004930:	bfb8      	it	lt
 8004932:	18e4      	addlt	r4, r4, r3
 8004934:	f000 f8e6 	bl	8004b04 <__malloc_lock>
 8004938:	4a1c      	ldr	r2, [pc, #112]	@ (80049ac <_free_r+0x8c>)
 800493a:	6813      	ldr	r3, [r2, #0]
 800493c:	b933      	cbnz	r3, 800494c <_free_r+0x2c>
 800493e:	6063      	str	r3, [r4, #4]
 8004940:	6014      	str	r4, [r2, #0]
 8004942:	4628      	mov	r0, r5
 8004944:	e8bd 4038 	ldmia.w	sp!, {r3, r4, r5, lr}
 8004948:	f000 b8e2 	b.w	8004b10 <__malloc_unlock>
 800494c:	42a3      	cmp	r3, r4
 800494e:	d908      	bls.n	8004962 <_free_r+0x42>
 8004950:	6820      	ldr	r0, [r4, #0]
 8004952:	1821      	adds	r1, r4, r0
 8004954:	428b      	cmp	r3, r1
 8004956:	bf01      	itttt	eq
 8004958:	6819      	ldreq	r1, [r3, #0]
 800495a:	685b      	ldreq	r3, [r3, #4]
 800495c:	1809      	addeq	r1, r1, r0
 800495e:	6021      	streq	r1, [r4, #0]
 8004960:	e7ed      	b.n	800493e <_free_r+0x1e>
 8004962:	461a      	mov	r2, r3
 8004964:	685b      	ldr	r3, [r3, #4]
 8004966:	b10b      	cbz	r3, 800496c <_free_r+0x4c>
 8004968:	42a3      	cmp	r3, r4
 800496a:	d9fa      	bls.n	8004962 <_free_r+0x42>
 800496c:	6811      	ldr	r1, [r2, #0]
 800496e:	1850      	adds	r0, r2, r1
 8004970:	42a0      	cmp	r0, r4
 8004972:	d10b      	bne.n	800498c <_free_r+0x6c>
 8004974:	6820      	ldr	r0, [r4, #0]
 8004976:	4401      	add	r1, r0
 8004978:	1850      	adds	r0, r2, r1
 800497a:	4283      	cmp	r3, r0
 800497c:	6011      	str	r1, [r2, #0]
 800497e:	d1e0      	bne.n	8004942 <_free_r+0x22>
 8004980:	6818      	ldr	r0, [r3, #0]
 8004982:	685b      	ldr	r3, [r3, #4]
 8004984:	4408      	add	r0, r1
 8004986:	6010      	str	r0, [r2, #0]
 8004988:	6053      	str	r3, [r2, #4]
 800498a:	e7da      	b.n	8004942 <_free_r+0x22>
 800498c:	d902      	bls.n	8004994 <_free_r+0x74>
 800498e:	230c      	movs	r3, #12
 8004990:	602b      	str	r3, [r5, #0]
 8004992:	e7d6      	b.n	8004942 <_free_r+0x22>
 8004994:	6820      	ldr	r0, [r4, #0]
 8004996:	1821      	adds	r1, r4, r0
 8004998:	428b      	cmp	r3, r1
 800499a:	bf01      	itttt	eq
 800499c:	6819      	ldreq	r1, [r3, #0]
 800499e:	685b      	ldreq	r3, [r3, #4]
 80049a0:	1809      	addeq	r1, r1, r0
 80049a2:	6021      	streq	r1, [r4, #0]
 80049a4:	6063      	str	r3, [r4, #4]
 80049a6:	6054      	str	r4, [r2, #4]
 80049a8:	e7cb      	b.n	8004942 <_free_r+0x22>
 80049aa:	bd38      	pop	{r3, r4, r5, pc}
 80049ac:	20004188 	.word	0x20004188

080049b0 <malloc>:
 80049b0:	4b02      	ldr	r3, [pc, #8]	@ (80049bc <malloc+0xc>)
 80049b2:	4601      	mov	r1, r0
 80049b4:	6818      	ldr	r0, [r3, #0]
 80049b6:	f000 b825 	b.w	8004a04 <_malloc_r>
 80049ba:	bf00      	nop
 80049bc:	20000020 	.word	0x20000020

080049c0 <sbrk_aligned>:
 80049c0:	b570      	push	{r4, r5, r6, lr}
 80049c2:	4e0f      	ldr	r6, [pc, #60]	@ (8004a00 <sbrk_aligned+0x40>)
 80049c4:	460c      	mov	r4, r1
 80049c6:	6831      	ldr	r1, [r6, #0]
 80049c8:	4605      	mov	r5, r0
 80049ca:	b911      	cbnz	r1, 80049d2 <sbrk_aligned+0x12>
 80049cc:	f000 f960 	bl	8004c90 <_sbrk_r>
 80049d0:	6030      	str	r0, [r6, #0]
 80049d2:	4621      	mov	r1, r4
 80049d4:	4628      	mov	r0, r5
 80049d6:	f000 f95b 	bl	8004c90 <_sbrk_r>
 80049da:	1c43      	adds	r3, r0, #1
 80049dc:	d103      	bne.n	80049e6 <sbrk_aligned+0x26>
 80049de:	f04f 34ff 	mov.w	r4, #4294967295
 80049e2:	4620      	mov	r0, r4
 80049e4:	bd70      	pop	{r4, r5, r6, pc}
 80049e6:	1cc4      	adds	r4, r0, #3
 80049e8:	f024 0403 	bic.w	r4, r4, #3
 80049ec:	42a0      	cmp	r0, r4
 80049ee:	d0f8      	beq.n	80049e2 <sbrk_aligned+0x22>
 80049f0:	1a21      	subs	r1, r4, r0
 80049f2:	4628      	mov	r0, r5
 80049f4:	f000 f94c 	bl	8004c90 <_sbrk_r>
 80049f8:	3001      	adds	r0, #1
 80049fa:	d1f2      	bne.n	80049e2 <sbrk_aligned+0x22>
 80049fc:	e7ef      	b.n	80049de <sbrk_aligned+0x1e>
 80049fe:	bf00      	nop
 8004a00:	20004184 	.word	0x20004184

08004a04 <_malloc_r>:
 8004a04:	e92d 43f8 	stmdb	sp!, {r3, r4, r5, r6, r7, r8, r9, lr}
 8004a08:	1ccd      	adds	r5, r1, #3
 8004a0a:	f025 0503 	bic.w	r5, r5, #3
 8004a0e:	3508      	adds	r5, #8
 8004a10:	2d0c      	cmp	r5, #12
 8004a12:	bf38      	it	cc
 8004a14:	250c      	movcc	r5, #12
 8004a16:	2d00      	cmp	r5, #0
 8004a18:	4606      	mov	r6, r0
 8004a1a:	db01      	blt.n	8004a20 <_malloc_r+0x1c>
 8004a1c:	42a9      	cmp	r1, r5
 8004a1e:	d904      	bls.n	8004a2a <_malloc_r+0x26>
 8004a20:	230c      	movs	r3, #12
 8004a22:	6033      	str	r3, [r6, #0]
 8004a24:	2000      	movs	r0, #0
 8004a26:	e8bd 83f8 	ldmia.w	sp!, {r3, r4, r5, r6, r7, r8, r9, pc}
 8004a2a:	f8df 80d4 	ldr.w	r8, [pc, #212]	@ 8004b00 <_malloc_r+0xfc>
 8004a2e:	f000 f869 	bl	8004b04 <__malloc_lock>
 8004a32:	f8d8 3000 	ldr.w	r3, [r8]
 8004a36:	461c      	mov	r4, r3
 8004a38:	bb44      	cbnz	r4, 8004a8c <_malloc_r+0x88>
 8004a3a:	4629      	mov	r1, r5
 8004a3c:	4630      	mov	r0, r6
 8004a3e:	f7ff ffbf 	bl	80049c0 <sbrk_aligned>
 8004a42:	1c43      	adds	r3, r0, #1
 8004a44:	4604      	mov	r4, r0
 8004a46:	d158      	bne.n	8004afa <_malloc_r+0xf6>
 8004a48:	f8d8 4000 	ldr.w	r4, [r8]
 8004a4c:	4627      	mov	r7, r4
 8004a4e:	2f00      	cmp	r7, #0
 8004a50:	d143      	bne.n	8004ada <_malloc_r+0xd6>
 8004a52:	2c00      	cmp	r4, #0
 8004a54:	d04b      	beq.n	8004aee <_malloc_r+0xea>
 8004a56:	6823      	ldr	r3, [r4, #0]
 8004a58:	4639      	mov	r1, r7
 8004a5a:	4630      	mov	r0, r6
 8004a5c:	eb04 0903 	add.w	r9, r4, r3
 8004a60:	f000 f916 	bl	8004c90 <_sbrk_r>
 8004a64:	4581      	cmp	r9, r0
 8004a66:	d142      	bne.n	8004aee <_malloc_r+0xea>
 8004a68:	6821      	ldr	r1, [r4, #0]
 8004a6a:	4630      	mov	r0, r6
 8004a6c:	1a6d      	subs	r5, r5, r1
 8004a6e:	4629      	mov	r1, r5
 8004a70:	f7ff ffa6 	bl	80049c0 <sbrk_aligned>
 8004a74:	3001      	adds	r0, #1
 8004a76:	d03a      	beq.n	8004aee <_malloc_r+0xea>
 8004a78:	6823      	ldr	r3, [r4, #0]
 8004a7a:	442b      	add	r3, r5
 8004a7c:	6023      	str	r3, [r4, #0]
 8004a7e:	f8d8 3000 	ldr.w	r3, [r8]
 8004a82:	685a      	ldr	r2, [r3, #4]
 8004a84:	bb62      	cbnz	r2, 8004ae0 <_malloc_r+0xdc>
 8004a86:	f8c8 7000 	str.w	r7, [r8]
 8004a8a:	e00f      	b.n	8004aac <_malloc_r+0xa8>
 8004a8c:	6822      	ldr	r2, [r4, #0]
 8004a8e:	1b52      	subs	r2, r2, r5
 8004a90:	d420      	bmi.n	8004ad4 <_malloc_r+0xd0>
 8004a92:	2a0b      	cmp	r2, #11
 8004a94:	d917      	bls.n	8004ac6 <_malloc_r+0xc2>
 8004a96:	1961      	adds	r1, r4, r5
 8004a98:	42a3      	cmp	r3, r4
 8004a9a:	6025      	str	r5, [r4, #0]
 8004a9c:	bf18      	it	ne
 8004a9e:	6059      	strne	r1, [r3, #4]
 8004aa0:	6863      	ldr	r3, [r4, #4]
 8004aa2:	bf08      	it	eq
 8004aa4:	f8c8 1000 	streq.w	r1, [r8]
 8004aa8:	5162      	str	r2, [r4, r5]
 8004aaa:	604b      	str	r3, [r1, #4]
 8004aac:	4630      	mov	r0, r6
 8004aae:	f000 f82f 	bl	8004b10 <__malloc_unlock>
 8004ab2:	f104 000b 	add.w	r0, r4, #11
 8004ab6:	1d23      	adds	r3, r4, #4
 8004ab8:	f020 0007 	bic.w	r0, r0, #7
 8004abc:	1ac2      	subs	r2, r0, r3
 8004abe:	bf1c      	itt	ne
 8004ac0:	1a1b      	subne	r3, r3, r0
 8004ac2:	50a3      	strne	r3, [r4, r2]
 8004ac4:	e7af      	b.n	8004a26 <_malloc_r+0x22>
 8004ac6:	6862      	ldr	r2, [r4, #4]
 8004ac8:	42a3      	cmp	r3, r4
 8004aca:	bf0c      	ite	eq
 8004acc:	f8c8 2000 	streq.w	r2, [r8]
 8004ad0:	605a      	strne	r2, [r3, #4]
 8004ad2:	e7eb      	b.n	8004aac <_malloc_r+0xa8>
 8004ad4:	4623      	mov	r3, r4
 8004ad6:	6864      	ldr	r4, [r4, #4]
 8004ad8:	e7ae      	b.n	8004a38 <_malloc_r+0x34>
 8004ada:	463c      	mov	r4, r7
 8004adc:	687f      	ldr	r7, [r7, #4]
 8004ade:	e7b6      	b.n	8004a4e <_malloc_r+0x4a>
 8004ae0:	461a      	mov	r2, r3
 8004ae2:	685b      	ldr	r3, [r3, #4]
 8004ae4:	42a3      	cmp	r3, r4
 8004ae6:	d1fb      	bne.n	8004ae0 <_malloc_r+0xdc>
 8004ae8:	2300      	movs	r3, #0
 8004aea:	6053      	str	r3, [r2, #4]
 8004aec:	e7de      	b.n	8004aac <_malloc_r+0xa8>
 8004aee:	230c      	movs	r3, #12
 8004af0:	4630      	mov	r0, r6
 8004af2:	6033      	str	r3, [r6, #0]
 8004af4:	f000 f80c 	bl	8004b10 <__malloc_unlock>
 8004af8:	e794      	b.n	8004a24 <_malloc_r+0x20>
 8004afa:	6005      	str	r5, [r0, #0]
 8004afc:	e7d6      	b.n	8004aac <_malloc_r+0xa8>
 8004afe:	bf00      	nop
 8004b00:	20004188 	.word	0x20004188

08004b04 <__malloc_lock>:
 8004b04:	4801      	ldr	r0, [pc, #4]	@ (8004b0c <__malloc_lock+0x8>)
 8004b06:	f7ff beea 	b.w	80048de <__retarget_lock_acquire_recursive>
 8004b0a:	bf00      	nop
 8004b0c:	20004180 	.word	0x20004180

08004b10 <__malloc_unlock>:
 8004b10:	4801      	ldr	r0, [pc, #4]	@ (8004b18 <__malloc_unlock+0x8>)
 8004b12:	f7ff bee5 	b.w	80048e0 <__retarget_lock_release_recursive>
 8004b16:	bf00      	nop
 8004b18:	20004180 	.word	0x20004180

08004b1c <__sflush_r>:
 8004b1c:	f9b1 200c 	ldrsh.w	r2, [r1, #12]
 8004b20:	b5f8      	push	{r3, r4, r5, r6, r7, lr}
 8004b22:	0717      	lsls	r7, r2, #28
 8004b24:	4605      	mov	r5, r0
 8004b26:	460c      	mov	r4, r1
 8004b28:	d456      	bmi.n	8004bd8 <__sflush_r+0xbc>
 8004b2a:	684b      	ldr	r3, [r1, #4]
 8004b2c:	2b00      	cmp	r3, #0
 8004b2e:	dc02      	bgt.n	8004b36 <__sflush_r+0x1a>
 8004b30:	6c0b      	ldr	r3, [r1, #64]	@ 0x40
 8004b32:	2b00      	cmp	r3, #0
 8004b34:	dd3d      	ble.n	8004bb2 <__sflush_r+0x96>
 8004b36:	6ae6      	ldr	r6, [r4, #44]	@ 0x2c
 8004b38:	2e00      	cmp	r6, #0
 8004b3a:	d03a      	beq.n	8004bb2 <__sflush_r+0x96>
 8004b3c:	2300      	movs	r3, #0
 8004b3e:	f412 5280 	ands.w	r2, r2, #4096	@ 0x1000
 8004b42:	682f      	ldr	r7, [r5, #0]
 8004b44:	6a21      	ldr	r1, [r4, #32]
 8004b46:	602b      	str	r3, [r5, #0]
 8004b48:	d025      	beq.n	8004b96 <__sflush_r+0x7a>
 8004b4a:	6d62      	ldr	r2, [r4, #84]	@ 0x54
 8004b4c:	89a3      	ldrh	r3, [r4, #12]
 8004b4e:	0758      	lsls	r0, r3, #29
 8004b50:	d505      	bpl.n	8004b5e <__sflush_r+0x42>
 8004b52:	6863      	ldr	r3, [r4, #4]
 8004b54:	1ad2      	subs	r2, r2, r3
 8004b56:	6b63      	ldr	r3, [r4, #52]	@ 0x34
 8004b58:	b10b      	cbz	r3, 8004b5e <__sflush_r+0x42>
 8004b5a:	6c23      	ldr	r3, [r4, #64]	@ 0x40
 8004b5c:	1ad2      	subs	r2, r2, r3
 8004b5e:	6a21      	ldr	r1, [r4, #32]
 8004b60:	2300      	movs	r3, #0
 8004b62:	4628      	mov	r0, r5
 8004b64:	6ae6      	ldr	r6, [r4, #44]	@ 0x2c
 8004b66:	47b0      	blx	r6
 8004b68:	1c41      	adds	r1, r0, #1
 8004b6a:	d024      	beq.n	8004bb6 <__sflush_r+0x9a>
 8004b6c:	2300      	movs	r3, #0
 8004b6e:	6063      	str	r3, [r4, #4]
 8004b70:	6923      	ldr	r3, [r4, #16]
 8004b72:	6023      	str	r3, [r4, #0]
 8004b74:	89a3      	ldrh	r3, [r4, #12]
 8004b76:	04da      	lsls	r2, r3, #19
 8004b78:	d500      	bpl.n	8004b7c <__sflush_r+0x60>
 8004b7a:	6560      	str	r0, [r4, #84]	@ 0x54
 8004b7c:	6b61      	ldr	r1, [r4, #52]	@ 0x34
 8004b7e:	602f      	str	r7, [r5, #0]
 8004b80:	b1b9      	cbz	r1, 8004bb2 <__sflush_r+0x96>
 8004b82:	f104 0344 	add.w	r3, r4, #68	@ 0x44
 8004b86:	4299      	cmp	r1, r3
 8004b88:	d002      	beq.n	8004b90 <__sflush_r+0x74>
 8004b8a:	4628      	mov	r0, r5
 8004b8c:	f7ff fec8 	bl	8004920 <_free_r>
 8004b90:	2300      	movs	r3, #0
 8004b92:	6363      	str	r3, [r4, #52]	@ 0x34
 8004b94:	e00d      	b.n	8004bb2 <__sflush_r+0x96>
 8004b96:	2301      	movs	r3, #1
 8004b98:	4628      	mov	r0, r5
 8004b9a:	47b0      	blx	r6
 8004b9c:	1c46      	adds	r6, r0, #1
 8004b9e:	4602      	mov	r2, r0
 8004ba0:	d1d4      	bne.n	8004b4c <__sflush_r+0x30>
 8004ba2:	682b      	ldr	r3, [r5, #0]
 8004ba4:	2b00      	cmp	r3, #0
 8004ba6:	d0d1      	beq.n	8004b4c <__sflush_r+0x30>
 8004ba8:	2b1d      	cmp	r3, #29
 8004baa:	d001      	beq.n	8004bb0 <__sflush_r+0x94>
 8004bac:	2b16      	cmp	r3, #22
 8004bae:	d12a      	bne.n	8004c06 <__sflush_r+0xea>
 8004bb0:	602f      	str	r7, [r5, #0]
 8004bb2:	2000      	movs	r0, #0
 8004bb4:	e02e      	b.n	8004c14 <__sflush_r+0xf8>
 8004bb6:	682a      	ldr	r2, [r5, #0]
 8004bb8:	f9b4 300c 	ldrsh.w	r3, [r4, #12]
 8004bbc:	b142      	cbz	r2, 8004bd0 <__sflush_r+0xb4>
 8004bbe:	2a1d      	cmp	r2, #29
 8004bc0:	d001      	beq.n	8004bc6 <__sflush_r+0xaa>
 8004bc2:	2a16      	cmp	r2, #22
 8004bc4:	d121      	bne.n	8004c0a <__sflush_r+0xee>
 8004bc6:	2300      	movs	r3, #0
 8004bc8:	6063      	str	r3, [r4, #4]
 8004bca:	6923      	ldr	r3, [r4, #16]
 8004bcc:	6023      	str	r3, [r4, #0]
 8004bce:	e7d5      	b.n	8004b7c <__sflush_r+0x60>
 8004bd0:	6062      	str	r2, [r4, #4]
 8004bd2:	6922      	ldr	r2, [r4, #16]
 8004bd4:	6022      	str	r2, [r4, #0]
 8004bd6:	e7ce      	b.n	8004b76 <__sflush_r+0x5a>
 8004bd8:	690f      	ldr	r7, [r1, #16]
 8004bda:	2f00      	cmp	r7, #0
 8004bdc:	d0e9      	beq.n	8004bb2 <__sflush_r+0x96>
 8004bde:	0793      	lsls	r3, r2, #30
 8004be0:	bf18      	it	ne
 8004be2:	2300      	movne	r3, #0
 8004be4:	680e      	ldr	r6, [r1, #0]
 8004be6:	bf08      	it	eq
 8004be8:	694b      	ldreq	r3, [r1, #20]
 8004bea:	1bf6      	subs	r6, r6, r7
 8004bec:	600f      	str	r7, [r1, #0]
 8004bee:	608b      	str	r3, [r1, #8]
 8004bf0:	2e00      	cmp	r6, #0
 8004bf2:	ddde      	ble.n	8004bb2 <__sflush_r+0x96>
 8004bf4:	4633      	mov	r3, r6
 8004bf6:	463a      	mov	r2, r7
 8004bf8:	4628      	mov	r0, r5
 8004bfa:	6a21      	ldr	r1, [r4, #32]
 8004bfc:	f8d4 c028 	ldr.w	ip, [r4, #40]	@ 0x28
 8004c00:	47e0      	blx	ip
 8004c02:	2800      	cmp	r0, #0
 8004c04:	dc07      	bgt.n	8004c16 <__sflush_r+0xfa>
 8004c06:	f9b4 300c 	ldrsh.w	r3, [r4, #12]
 8004c0a:	f04f 30ff 	mov.w	r0, #4294967295
 8004c0e:	f043 0340 	orr.w	r3, r3, #64	@ 0x40
 8004c12:	81a3      	strh	r3, [r4, #12]
 8004c14:	bdf8      	pop	{r3, r4, r5, r6, r7, pc}
 8004c16:	4407      	add	r7, r0
 8004c18:	1a36      	subs	r6, r6, r0
 8004c1a:	e7e9      	b.n	8004bf0 <__sflush_r+0xd4>

08004c1c <_fflush_r>:
 8004c1c:	b538      	push	{r3, r4, r5, lr}
 8004c1e:	690b      	ldr	r3, [r1, #16]
 8004c20:	4605      	mov	r5, r0
 8004c22:	460c      	mov	r4, r1
 8004c24:	b913      	cbnz	r3, 8004c2c <_fflush_r+0x10>
 8004c26:	2500      	movs	r5, #0
 8004c28:	4628      	mov	r0, r5
 8004c2a:	bd38      	pop	{r3, r4, r5, pc}
 8004c2c:	b118      	cbz	r0, 8004c36 <_fflush_r+0x1a>
 8004c2e:	6a03      	ldr	r3, [r0, #32]
 8004c30:	b90b      	cbnz	r3, 8004c36 <_fflush_r+0x1a>
 8004c32:	f7ff fd67 	bl	8004704 <__sinit>
 8004c36:	f9b4 300c 	ldrsh.w	r3, [r4, #12]
 8004c3a:	2b00      	cmp	r3, #0
 8004c3c:	d0f3      	beq.n	8004c26 <_fflush_r+0xa>
 8004c3e:	6e62      	ldr	r2, [r4, #100]	@ 0x64
 8004c40:	07d0      	lsls	r0, r2, #31
 8004c42:	d404      	bmi.n	8004c4e <_fflush_r+0x32>
 8004c44:	0599      	lsls	r1, r3, #22
 8004c46:	d402      	bmi.n	8004c4e <_fflush_r+0x32>
 8004c48:	6da0      	ldr	r0, [r4, #88]	@ 0x58
 8004c4a:	f7ff fe48 	bl	80048de <__retarget_lock_acquire_recursive>
 8004c4e:	4628      	mov	r0, r5
 8004c50:	4621      	mov	r1, r4
 8004c52:	f7ff ff63 	bl	8004b1c <__sflush_r>
 8004c56:	6e63      	ldr	r3, [r4, #100]	@ 0x64
 8004c58:	4605      	mov	r5, r0
 8004c5a:	07da      	lsls	r2, r3, #31
 8004c5c:	d4e4      	bmi.n	8004c28 <_fflush_r+0xc>
 8004c5e:	89a3      	ldrh	r3, [r4, #12]
 8004c60:	059b      	lsls	r3, r3, #22
 8004c62:	d4e1      	bmi.n	8004c28 <_fflush_r+0xc>
 8004c64:	6da0      	ldr	r0, [r4, #88]	@ 0x58
 8004c66:	f7ff fe3b 	bl	80048e0 <__retarget_lock_release_recursive>
 8004c6a:	e7dd      	b.n	8004c28 <_fflush_r+0xc>

08004c6c <fiprintf>:
 8004c6c:	b40e      	push	{r1, r2, r3}
 8004c6e:	b503      	push	{r0, r1, lr}
 8004c70:	4601      	mov	r1, r0
 8004c72:	ab03      	add	r3, sp, #12
 8004c74:	4805      	ldr	r0, [pc, #20]	@ (8004c8c <fiprintf+0x20>)
 8004c76:	f853 2b04 	ldr.w	r2, [r3], #4
 8004c7a:	6800      	ldr	r0, [r0, #0]
 8004c7c:	9301      	str	r3, [sp, #4]
 8004c7e:	f000 f845 	bl	8004d0c <_vfiprintf_r>
 8004c82:	b002      	add	sp, #8
 8004c84:	f85d eb04 	ldr.w	lr, [sp], #4
 8004c88:	b003      	add	sp, #12
 8004c8a:	4770      	bx	lr
 8004c8c:	20000020 	.word	0x20000020

08004c90 <_sbrk_r>:
 8004c90:	b538      	push	{r3, r4, r5, lr}
 8004c92:	2300      	movs	r3, #0
 8004c94:	4d05      	ldr	r5, [pc, #20]	@ (8004cac <_sbrk_r+0x1c>)
 8004c96:	4604      	mov	r4, r0
 8004c98:	4608      	mov	r0, r1
 8004c9a:	602b      	str	r3, [r5, #0]
 8004c9c:	f000 fc8e 	bl	80055bc <_sbrk>
 8004ca0:	1c43      	adds	r3, r0, #1
 8004ca2:	d102      	bne.n	8004caa <_sbrk_r+0x1a>
 8004ca4:	682b      	ldr	r3, [r5, #0]
 8004ca6:	b103      	cbz	r3, 8004caa <_sbrk_r+0x1a>
 8004ca8:	6023      	str	r3, [r4, #0]
 8004caa:	bd38      	pop	{r3, r4, r5, pc}
 8004cac:	2000417c 	.word	0x2000417c

08004cb0 <abort>:
 8004cb0:	2006      	movs	r0, #6
 8004cb2:	b508      	push	{r3, lr}
 8004cb4:	f000 fb9c 	bl	80053f0 <raise>
 8004cb8:	2001      	movs	r0, #1
 8004cba:	f000 fc95 	bl	80055e8 <_exit>

08004cbe <__sfputc_r>:
 8004cbe:	6893      	ldr	r3, [r2, #8]
 8004cc0:	b410      	push	{r4}
 8004cc2:	3b01      	subs	r3, #1
 8004cc4:	2b00      	cmp	r3, #0
 8004cc6:	6093      	str	r3, [r2, #8]
 8004cc8:	da07      	bge.n	8004cda <__sfputc_r+0x1c>
 8004cca:	6994      	ldr	r4, [r2, #24]
 8004ccc:	42a3      	cmp	r3, r4
 8004cce:	db01      	blt.n	8004cd4 <__sfputc_r+0x16>
 8004cd0:	290a      	cmp	r1, #10
 8004cd2:	d102      	bne.n	8004cda <__sfputc_r+0x1c>
 8004cd4:	bc10      	pop	{r4}
 8004cd6:	f000 bacf 	b.w	8005278 <__swbuf_r>
 8004cda:	6813      	ldr	r3, [r2, #0]
 8004cdc:	1c58      	adds	r0, r3, #1
 8004cde:	6010      	str	r0, [r2, #0]
 8004ce0:	7019      	strb	r1, [r3, #0]
 8004ce2:	4608      	mov	r0, r1
 8004ce4:	bc10      	pop	{r4}
 8004ce6:	4770      	bx	lr

08004ce8 <__sfputs_r>:
 8004ce8:	b5f8      	push	{r3, r4, r5, r6, r7, lr}
 8004cea:	4606      	mov	r6, r0
 8004cec:	460f      	mov	r7, r1
 8004cee:	4614      	mov	r4, r2
 8004cf0:	18d5      	adds	r5, r2, r3
 8004cf2:	42ac      	cmp	r4, r5
 8004cf4:	d101      	bne.n	8004cfa <__sfputs_r+0x12>
 8004cf6:	2000      	movs	r0, #0
 8004cf8:	e007      	b.n	8004d0a <__sfputs_r+0x22>
 8004cfa:	463a      	mov	r2, r7
 8004cfc:	4630      	mov	r0, r6
 8004cfe:	f814 1b01 	ldrb.w	r1, [r4], #1
 8004d02:	f7ff ffdc 	bl	8004cbe <__sfputc_r>
 8004d06:	1c43      	adds	r3, r0, #1
 8004d08:	d1f3      	bne.n	8004cf2 <__sfputs_r+0xa>
 8004d0a:	bdf8      	pop	{r3, r4, r5, r6, r7, pc}

08004d0c <_vfiprintf_r>:
 8004d0c:	e92d 4ff0 	stmdb	sp!, {r4, r5, r6, r7, r8, r9, sl, fp, lr}
 8004d10:	460d      	mov	r5, r1
 8004d12:	4614      	mov	r4, r2
 8004d14:	4698      	mov	r8, r3
 8004d16:	4606      	mov	r6, r0
 8004d18:	b09d      	sub	sp, #116	@ 0x74
 8004d1a:	b118      	cbz	r0, 8004d24 <_vfiprintf_r+0x18>
 8004d1c:	6a03      	ldr	r3, [r0, #32]
 8004d1e:	b90b      	cbnz	r3, 8004d24 <_vfiprintf_r+0x18>
 8004d20:	f7ff fcf0 	bl	8004704 <__sinit>
 8004d24:	6e6b      	ldr	r3, [r5, #100]	@ 0x64
 8004d26:	07d9      	lsls	r1, r3, #31
 8004d28:	d405      	bmi.n	8004d36 <_vfiprintf_r+0x2a>
 8004d2a:	89ab      	ldrh	r3, [r5, #12]
 8004d2c:	059a      	lsls	r2, r3, #22
 8004d2e:	d402      	bmi.n	8004d36 <_vfiprintf_r+0x2a>
 8004d30:	6da8      	ldr	r0, [r5, #88]	@ 0x58
 8004d32:	f7ff fdd4 	bl	80048de <__retarget_lock_acquire_recursive>
 8004d36:	89ab      	ldrh	r3, [r5, #12]
 8004d38:	071b      	lsls	r3, r3, #28
 8004d3a:	d501      	bpl.n	8004d40 <_vfiprintf_r+0x34>
 8004d3c:	692b      	ldr	r3, [r5, #16]
 8004d3e:	b99b      	cbnz	r3, 8004d68 <_vfiprintf_r+0x5c>
 8004d40:	4629      	mov	r1, r5
 8004d42:	4630      	mov	r0, r6
 8004d44:	f000 fad6 	bl	80052f4 <__swsetup_r>
 8004d48:	b170      	cbz	r0, 8004d68 <_vfiprintf_r+0x5c>
 8004d4a:	6e6b      	ldr	r3, [r5, #100]	@ 0x64
 8004d4c:	07dc      	lsls	r4, r3, #31
 8004d4e:	d504      	bpl.n	8004d5a <_vfiprintf_r+0x4e>
 8004d50:	f04f 30ff 	mov.w	r0, #4294967295
 8004d54:	b01d      	add	sp, #116	@ 0x74
 8004d56:	e8bd 8ff0 	ldmia.w	sp!, {r4, r5, r6, r7, r8, r9, sl, fp, pc}
 8004d5a:	89ab      	ldrh	r3, [r5, #12]
 8004d5c:	0598      	lsls	r0, r3, #22
 8004d5e:	d4f7      	bmi.n	8004d50 <_vfiprintf_r+0x44>
 8004d60:	6da8      	ldr	r0, [r5, #88]	@ 0x58
 8004d62:	f7ff fdbd 	bl	80048e0 <__retarget_lock_release_recursive>
 8004d66:	e7f3      	b.n	8004d50 <_vfiprintf_r+0x44>
 8004d68:	2300      	movs	r3, #0
 8004d6a:	9309      	str	r3, [sp, #36]	@ 0x24
 8004d6c:	2320      	movs	r3, #32
 8004d6e:	f88d 3029 	strb.w	r3, [sp, #41]	@ 0x29
 8004d72:	2330      	movs	r3, #48	@ 0x30
 8004d74:	f04f 0901 	mov.w	r9, #1
 8004d78:	f8cd 800c 	str.w	r8, [sp, #12]
 8004d7c:	f8df 81a8 	ldr.w	r8, [pc, #424]	@ 8004f28 <_vfiprintf_r+0x21c>
 8004d80:	f88d 302a 	strb.w	r3, [sp, #42]	@ 0x2a
 8004d84:	4623      	mov	r3, r4
 8004d86:	469a      	mov	sl, r3
 8004d88:	f813 2b01 	ldrb.w	r2, [r3], #1
 8004d8c:	b10a      	cbz	r2, 8004d92 <_vfiprintf_r+0x86>
 8004d8e:	2a25      	cmp	r2, #37	@ 0x25
 8004d90:	d1f9      	bne.n	8004d86 <_vfiprintf_r+0x7a>
 8004d92:	ebba 0b04 	subs.w	fp, sl, r4
 8004d96:	d00b      	beq.n	8004db0 <_vfiprintf_r+0xa4>
 8004d98:	465b      	mov	r3, fp
 8004d9a:	4622      	mov	r2, r4
 8004d9c:	4629      	mov	r1, r5
 8004d9e:	4630      	mov	r0, r6
 8004da0:	f7ff ffa2 	bl	8004ce8 <__sfputs_r>
 8004da4:	3001      	adds	r0, #1
 8004da6:	f000 80a7 	beq.w	8004ef8 <_vfiprintf_r+0x1ec>
 8004daa:	9a09      	ldr	r2, [sp, #36]	@ 0x24
 8004dac:	445a      	add	r2, fp
 8004dae:	9209      	str	r2, [sp, #36]	@ 0x24
 8004db0:	f89a 3000 	ldrb.w	r3, [sl]
 8004db4:	2b00      	cmp	r3, #0
 8004db6:	f000 809f 	beq.w	8004ef8 <_vfiprintf_r+0x1ec>
 8004dba:	2300      	movs	r3, #0
 8004dbc:	f04f 32ff 	mov.w	r2, #4294967295
 8004dc0:	e9cd 2305 	strd	r2, r3, [sp, #20]
 8004dc4:	f10a 0a01 	add.w	sl, sl, #1
 8004dc8:	9304      	str	r3, [sp, #16]
 8004dca:	9307      	str	r3, [sp, #28]
 8004dcc:	f88d 3053 	strb.w	r3, [sp, #83]	@ 0x53
 8004dd0:	931a      	str	r3, [sp, #104]	@ 0x68
 8004dd2:	4654      	mov	r4, sl
 8004dd4:	2205      	movs	r2, #5
 8004dd6:	f814 1b01 	ldrb.w	r1, [r4], #1
 8004dda:	4853      	ldr	r0, [pc, #332]	@ (8004f28 <_vfiprintf_r+0x21c>)
 8004ddc:	f000 fb24 	bl	8005428 <memchr>
 8004de0:	9a04      	ldr	r2, [sp, #16]
 8004de2:	b9d8      	cbnz	r0, 8004e1c <_vfiprintf_r+0x110>
 8004de4:	06d1      	lsls	r1, r2, #27
 8004de6:	bf44      	itt	mi
 8004de8:	2320      	movmi	r3, #32
 8004dea:	f88d 3053 	strbmi.w	r3, [sp, #83]	@ 0x53
 8004dee:	0713      	lsls	r3, r2, #28
 8004df0:	bf44      	itt	mi
 8004df2:	232b      	movmi	r3, #43	@ 0x2b
 8004df4:	f88d 3053 	strbmi.w	r3, [sp, #83]	@ 0x53
 8004df8:	f89a 3000 	ldrb.w	r3, [sl]
 8004dfc:	2b2a      	cmp	r3, #42	@ 0x2a
 8004dfe:	d015      	beq.n	8004e2c <_vfiprintf_r+0x120>
 8004e00:	4654      	mov	r4, sl
 8004e02:	2000      	movs	r0, #0
 8004e04:	f04f 0c0a 	mov.w	ip, #10
 8004e08:	9a07      	ldr	r2, [sp, #28]
 8004e0a:	4621      	mov	r1, r4
 8004e0c:	f811 3b01 	ldrb.w	r3, [r1], #1
 8004e10:	3b30      	subs	r3, #48	@ 0x30
 8004e12:	2b09      	cmp	r3, #9
 8004e14:	d94b      	bls.n	8004eae <_vfiprintf_r+0x1a2>
 8004e16:	b1b0      	cbz	r0, 8004e46 <_vfiprintf_r+0x13a>
 8004e18:	9207      	str	r2, [sp, #28]
 8004e1a:	e014      	b.n	8004e46 <_vfiprintf_r+0x13a>
 8004e1c:	eba0 0308 	sub.w	r3, r0, r8
 8004e20:	fa09 f303 	lsl.w	r3, r9, r3
 8004e24:	4313      	orrs	r3, r2
 8004e26:	46a2      	mov	sl, r4
 8004e28:	9304      	str	r3, [sp, #16]
 8004e2a:	e7d2      	b.n	8004dd2 <_vfiprintf_r+0xc6>
 8004e2c:	9b03      	ldr	r3, [sp, #12]
 8004e2e:	1d19      	adds	r1, r3, #4
 8004e30:	681b      	ldr	r3, [r3, #0]
 8004e32:	9103      	str	r1, [sp, #12]
 8004e34:	2b00      	cmp	r3, #0
 8004e36:	bfbb      	ittet	lt
 8004e38:	425b      	neglt	r3, r3
 8004e3a:	f042 0202 	orrlt.w	r2, r2, #2
 8004e3e:	9307      	strge	r3, [sp, #28]
 8004e40:	9307      	strlt	r3, [sp, #28]
 8004e42:	bfb8      	it	lt
 8004e44:	9204      	strlt	r2, [sp, #16]
 8004e46:	7823      	ldrb	r3, [r4, #0]
 8004e48:	2b2e      	cmp	r3, #46	@ 0x2e
 8004e4a:	d10a      	bne.n	8004e62 <_vfiprintf_r+0x156>
 8004e4c:	7863      	ldrb	r3, [r4, #1]
 8004e4e:	2b2a      	cmp	r3, #42	@ 0x2a
 8004e50:	d132      	bne.n	8004eb8 <_vfiprintf_r+0x1ac>
 8004e52:	9b03      	ldr	r3, [sp, #12]
 8004e54:	3402      	adds	r4, #2
 8004e56:	1d1a      	adds	r2, r3, #4
 8004e58:	681b      	ldr	r3, [r3, #0]
 8004e5a:	9203      	str	r2, [sp, #12]
 8004e5c:	ea43 73e3 	orr.w	r3, r3, r3, asr #31
 8004e60:	9305      	str	r3, [sp, #20]
 8004e62:	f8df a0c8 	ldr.w	sl, [pc, #200]	@ 8004f2c <_vfiprintf_r+0x220>
 8004e66:	2203      	movs	r2, #3
 8004e68:	4650      	mov	r0, sl
 8004e6a:	7821      	ldrb	r1, [r4, #0]
 8004e6c:	f000 fadc 	bl	8005428 <memchr>
 8004e70:	b138      	cbz	r0, 8004e82 <_vfiprintf_r+0x176>
 8004e72:	2240      	movs	r2, #64	@ 0x40
 8004e74:	9b04      	ldr	r3, [sp, #16]
 8004e76:	eba0 000a 	sub.w	r0, r0, sl
 8004e7a:	4082      	lsls	r2, r0
 8004e7c:	4313      	orrs	r3, r2
 8004e7e:	3401      	adds	r4, #1
 8004e80:	9304      	str	r3, [sp, #16]
 8004e82:	f814 1b01 	ldrb.w	r1, [r4], #1
 8004e86:	2206      	movs	r2, #6
 8004e88:	4829      	ldr	r0, [pc, #164]	@ (8004f30 <_vfiprintf_r+0x224>)
 8004e8a:	f88d 1028 	strb.w	r1, [sp, #40]	@ 0x28
 8004e8e:	f000 facb 	bl	8005428 <memchr>
 8004e92:	2800      	cmp	r0, #0
 8004e94:	d03f      	beq.n	8004f16 <_vfiprintf_r+0x20a>
 8004e96:	4b27      	ldr	r3, [pc, #156]	@ (8004f34 <_vfiprintf_r+0x228>)
 8004e98:	bb1b      	cbnz	r3, 8004ee2 <_vfiprintf_r+0x1d6>
 8004e9a:	9b03      	ldr	r3, [sp, #12]
 8004e9c:	3307      	adds	r3, #7
 8004e9e:	f023 0307 	bic.w	r3, r3, #7
 8004ea2:	3308      	adds	r3, #8
 8004ea4:	9303      	str	r3, [sp, #12]
 8004ea6:	9b09      	ldr	r3, [sp, #36]	@ 0x24
 8004ea8:	443b      	add	r3, r7
 8004eaa:	9309      	str	r3, [sp, #36]	@ 0x24
 8004eac:	e76a      	b.n	8004d84 <_vfiprintf_r+0x78>
 8004eae:	460c      	mov	r4, r1
 8004eb0:	2001      	movs	r0, #1
 8004eb2:	fb0c 3202 	mla	r2, ip, r2, r3
 8004eb6:	e7a8      	b.n	8004e0a <_vfiprintf_r+0xfe>
 8004eb8:	2300      	movs	r3, #0
 8004eba:	f04f 0c0a 	mov.w	ip, #10
 8004ebe:	4619      	mov	r1, r3
 8004ec0:	3401      	adds	r4, #1
 8004ec2:	9305      	str	r3, [sp, #20]
 8004ec4:	4620      	mov	r0, r4
 8004ec6:	f810 2b01 	ldrb.w	r2, [r0], #1
 8004eca:	3a30      	subs	r2, #48	@ 0x30
 8004ecc:	2a09      	cmp	r2, #9
 8004ece:	d903      	bls.n	8004ed8 <_vfiprintf_r+0x1cc>
 8004ed0:	2b00      	cmp	r3, #0
 8004ed2:	d0c6      	beq.n	8004e62 <_vfiprintf_r+0x156>
 8004ed4:	9105      	str	r1, [sp, #20]
 8004ed6:	e7c4      	b.n	8004e62 <_vfiprintf_r+0x156>
 8004ed8:	4604      	mov	r4, r0
 8004eda:	2301      	movs	r3, #1
 8004edc:	fb0c 2101 	mla	r1, ip, r1, r2
 8004ee0:	e7f0      	b.n	8004ec4 <_vfiprintf_r+0x1b8>
 8004ee2:	ab03      	add	r3, sp, #12
 8004ee4:	9300      	str	r3, [sp, #0]
 8004ee6:	462a      	mov	r2, r5
 8004ee8:	4630      	mov	r0, r6
 8004eea:	4b13      	ldr	r3, [pc, #76]	@ (8004f38 <_vfiprintf_r+0x22c>)
 8004eec:	a904      	add	r1, sp, #16
 8004eee:	f3af 8000 	nop.w
 8004ef2:	4607      	mov	r7, r0
 8004ef4:	1c78      	adds	r0, r7, #1
 8004ef6:	d1d6      	bne.n	8004ea6 <_vfiprintf_r+0x19a>
 8004ef8:	6e6b      	ldr	r3, [r5, #100]	@ 0x64
 8004efa:	07d9      	lsls	r1, r3, #31
 8004efc:	d405      	bmi.n	8004f0a <_vfiprintf_r+0x1fe>
 8004efe:	89ab      	ldrh	r3, [r5, #12]
 8004f00:	059a      	lsls	r2, r3, #22
 8004f02:	d402      	bmi.n	8004f0a <_vfiprintf_r+0x1fe>
 8004f04:	6da8      	ldr	r0, [r5, #88]	@ 0x58
 8004f06:	f7ff fceb 	bl	80048e0 <__retarget_lock_release_recursive>
 8004f0a:	89ab      	ldrh	r3, [r5, #12]
 8004f0c:	065b      	lsls	r3, r3, #25
 8004f0e:	f53f af1f 	bmi.w	8004d50 <_vfiprintf_r+0x44>
 8004f12:	9809      	ldr	r0, [sp, #36]	@ 0x24
 8004f14:	e71e      	b.n	8004d54 <_vfiprintf_r+0x48>
 8004f16:	ab03      	add	r3, sp, #12
 8004f18:	9300      	str	r3, [sp, #0]
 8004f1a:	462a      	mov	r2, r5
 8004f1c:	4630      	mov	r0, r6
 8004f1e:	4b06      	ldr	r3, [pc, #24]	@ (8004f38 <_vfiprintf_r+0x22c>)
 8004f20:	a904      	add	r1, sp, #16
 8004f22:	f000 f87d 	bl	8005020 <_printf_i>
 8004f26:	e7e4      	b.n	8004ef2 <_vfiprintf_r+0x1e6>
 8004f28:	08005800 	.word	0x08005800
 8004f2c:	08005806 	.word	0x08005806
 8004f30:	0800580a 	.word	0x0800580a
 8004f34:	00000000 	.word	0x00000000
 8004f38:	08004ce9 	.word	0x08004ce9

08004f3c <_printf_common>:
 8004f3c:	e92d 47f0 	stmdb	sp!, {r4, r5, r6, r7, r8, r9, sl, lr}
 8004f40:	4616      	mov	r6, r2
 8004f42:	4698      	mov	r8, r3
 8004f44:	688a      	ldr	r2, [r1, #8]
 8004f46:	690b      	ldr	r3, [r1, #16]
 8004f48:	4607      	mov	r7, r0
 8004f4a:	4293      	cmp	r3, r2
 8004f4c:	bfb8      	it	lt
 8004f4e:	4613      	movlt	r3, r2
 8004f50:	6033      	str	r3, [r6, #0]
 8004f52:	f891 2043 	ldrb.w	r2, [r1, #67]	@ 0x43
 8004f56:	460c      	mov	r4, r1
 8004f58:	f8dd 9020 	ldr.w	r9, [sp, #32]
 8004f5c:	b10a      	cbz	r2, 8004f62 <_printf_common+0x26>
 8004f5e:	3301      	adds	r3, #1
 8004f60:	6033      	str	r3, [r6, #0]
 8004f62:	6823      	ldr	r3, [r4, #0]
 8004f64:	0699      	lsls	r1, r3, #26
 8004f66:	bf42      	ittt	mi
 8004f68:	6833      	ldrmi	r3, [r6, #0]
 8004f6a:	3302      	addmi	r3, #2
 8004f6c:	6033      	strmi	r3, [r6, #0]
 8004f6e:	6825      	ldr	r5, [r4, #0]
 8004f70:	f015 0506 	ands.w	r5, r5, #6
 8004f74:	d106      	bne.n	8004f84 <_printf_common+0x48>
 8004f76:	f104 0a19 	add.w	sl, r4, #25
 8004f7a:	68e3      	ldr	r3, [r4, #12]
 8004f7c:	6832      	ldr	r2, [r6, #0]
 8004f7e:	1a9b      	subs	r3, r3, r2
 8004f80:	42ab      	cmp	r3, r5
 8004f82:	dc2b      	bgt.n	8004fdc <_printf_common+0xa0>
 8004f84:	f894 3043 	ldrb.w	r3, [r4, #67]	@ 0x43
 8004f88:	6822      	ldr	r2, [r4, #0]
 8004f8a:	3b00      	subs	r3, #0
 8004f8c:	bf18      	it	ne
 8004f8e:	2301      	movne	r3, #1
 8004f90:	0692      	lsls	r2, r2, #26
 8004f92:	d430      	bmi.n	8004ff6 <_printf_common+0xba>
 8004f94:	4641      	mov	r1, r8
 8004f96:	4638      	mov	r0, r7
 8004f98:	f104 0243 	add.w	r2, r4, #67	@ 0x43
 8004f9c:	47c8      	blx	r9
 8004f9e:	3001      	adds	r0, #1
 8004fa0:	d023      	beq.n	8004fea <_printf_common+0xae>
 8004fa2:	6823      	ldr	r3, [r4, #0]
 8004fa4:	6922      	ldr	r2, [r4, #16]
 8004fa6:	f003 0306 	and.w	r3, r3, #6
 8004faa:	2b04      	cmp	r3, #4
 8004fac:	bf14      	ite	ne
 8004fae:	2500      	movne	r5, #0
 8004fb0:	6833      	ldreq	r3, [r6, #0]
 8004fb2:	f04f 0600 	mov.w	r6, #0
 8004fb6:	bf08      	it	eq
 8004fb8:	68e5      	ldreq	r5, [r4, #12]
 8004fba:	f104 041a 	add.w	r4, r4, #26
 8004fbe:	bf08      	it	eq
 8004fc0:	1aed      	subeq	r5, r5, r3
 8004fc2:	f854 3c12 	ldr.w	r3, [r4, #-18]
 8004fc6:	bf08      	it	eq
 8004fc8:	ea25 75e5 	biceq.w	r5, r5, r5, asr #31
 8004fcc:	4293      	cmp	r3, r2
 8004fce:	bfc4      	itt	gt
 8004fd0:	1a9b      	subgt	r3, r3, r2
 8004fd2:	18ed      	addgt	r5, r5, r3
 8004fd4:	42b5      	cmp	r5, r6
 8004fd6:	d11a      	bne.n	800500e <_printf_common+0xd2>
 8004fd8:	2000      	movs	r0, #0
 8004fda:	e008      	b.n	8004fee <_printf_common+0xb2>
 8004fdc:	2301      	movs	r3, #1
 8004fde:	4652      	mov	r2, sl
 8004fe0:	4641      	mov	r1, r8
 8004fe2:	4638      	mov	r0, r7
 8004fe4:	47c8      	blx	r9
 8004fe6:	3001      	adds	r0, #1
 8004fe8:	d103      	bne.n	8004ff2 <_printf_common+0xb6>
 8004fea:	f04f 30ff 	mov.w	r0, #4294967295
 8004fee:	e8bd 87f0 	ldmia.w	sp!, {r4, r5, r6, r7, r8, r9, sl, pc}
 8004ff2:	3501      	adds	r5, #1
 8004ff4:	e7c1      	b.n	8004f7a <_printf_common+0x3e>
 8004ff6:	2030      	movs	r0, #48	@ 0x30
 8004ff8:	18e1      	adds	r1, r4, r3
 8004ffa:	f881 0043 	strb.w	r0, [r1, #67]	@ 0x43
 8004ffe:	1c5a      	adds	r2, r3, #1
 8005000:	f894 1045 	ldrb.w	r1, [r4, #69]	@ 0x45
 8005004:	4422      	add	r2, r4
 8005006:	3302      	adds	r3, #2
 8005008:	f882 1043 	strb.w	r1, [r2, #67]	@ 0x43
 800500c:	e7c2      	b.n	8004f94 <_printf_common+0x58>
 800500e:	2301      	movs	r3, #1
 8005010:	4622      	mov	r2, r4
 8005012:	4641      	mov	r1, r8
 8005014:	4638      	mov	r0, r7
 8005016:	47c8      	blx	r9
 8005018:	3001      	adds	r0, #1
 800501a:	d0e6      	beq.n	8004fea <_printf_common+0xae>
 800501c:	3601      	adds	r6, #1
 800501e:	e7d9      	b.n	8004fd4 <_printf_common+0x98>

08005020 <_printf_i>:
 8005020:	e92d 47ff 	stmdb	sp!, {r0, r1, r2, r3, r4, r5, r6, r7, r8, r9, sl, lr}
 8005024:	7e0f      	ldrb	r7, [r1, #24]
 8005026:	4691      	mov	r9, r2
 8005028:	2f78      	cmp	r7, #120	@ 0x78
 800502a:	4680      	mov	r8, r0
 800502c:	460c      	mov	r4, r1
 800502e:	469a      	mov	sl, r3
 8005030:	9e0c      	ldr	r6, [sp, #48]	@ 0x30
 8005032:	f101 0243 	add.w	r2, r1, #67	@ 0x43
 8005036:	d807      	bhi.n	8005048 <_printf_i+0x28>
 8005038:	2f62      	cmp	r7, #98	@ 0x62
 800503a:	d80a      	bhi.n	8005052 <_printf_i+0x32>
 800503c:	2f00      	cmp	r7, #0
 800503e:	f000 80dd 	beq.w	80051fc <_printf_i+0x1dc>
 8005042:	2f58      	cmp	r7, #88	@ 0x58
 8005044:	f000 80c3 	beq.w	80051ce <_printf_i+0x1ae>
 8005048:	f104 0642 	add.w	r6, r4, #66	@ 0x42
 800504c:	f884 7042 	strb.w	r7, [r4, #66]	@ 0x42
 8005050:	e03a      	b.n	80050c8 <_printf_i+0xa8>
 8005052:	f1a7 0363 	sub.w	r3, r7, #99	@ 0x63
 8005056:	2b15      	cmp	r3, #21
 8005058:	d8f6      	bhi.n	8005048 <_printf_i+0x28>
 800505a:	a101      	add	r1, pc, #4	@ (adr r1, 8005060 <_printf_i+0x40>)
 800505c:	f851 f023 	ldr.w	pc, [r1, r3, lsl #2]
 8005060:	080050b9 	.word	0x080050b9
 8005064:	080050cd 	.word	0x080050cd
 8005068:	08005049 	.word	0x08005049
 800506c:	08005049 	.word	0x08005049
 8005070:	08005049 	.word	0x08005049
 8005074:	08005049 	.word	0x08005049
 8005078:	080050cd 	.word	0x080050cd
 800507c:	08005049 	.word	0x08005049
 8005080:	08005049 	.word	0x08005049
 8005084:	08005049 	.word	0x08005049
 8005088:	08005049 	.word	0x08005049
 800508c:	080051e3 	.word	0x080051e3
 8005090:	0800515b 	.word	0x0800515b
 8005094:	0800519b 	.word	0x0800519b
 8005098:	08005049 	.word	0x08005049
 800509c:	08005049 	.word	0x08005049
 80050a0:	08005205 	.word	0x08005205
 80050a4:	08005049 	.word	0x08005049
 80050a8:	0800515b 	.word	0x0800515b
 80050ac:	08005049 	.word	0x08005049
 80050b0:	08005049 	.word	0x08005049
 80050b4:	080051a3 	.word	0x080051a3
 80050b8:	6833      	ldr	r3, [r6, #0]
 80050ba:	1d1a      	adds	r2, r3, #4
 80050bc:	681b      	ldr	r3, [r3, #0]
 80050be:	6032      	str	r2, [r6, #0]
 80050c0:	f104 0642 	add.w	r6, r4, #66	@ 0x42
 80050c4:	f884 3042 	strb.w	r3, [r4, #66]	@ 0x42
 80050c8:	2301      	movs	r3, #1
 80050ca:	e0a8      	b.n	800521e <_printf_i+0x1fe>
 80050cc:	6831      	ldr	r1, [r6, #0]
 80050ce:	6823      	ldr	r3, [r4, #0]
 80050d0:	1d08      	adds	r0, r1, #4
 80050d2:	6030      	str	r0, [r6, #0]
 80050d4:	061e      	lsls	r6, r3, #24
 80050d6:	d501      	bpl.n	80050dc <_printf_i+0xbc>
 80050d8:	680d      	ldr	r5, [r1, #0]
 80050da:	e003      	b.n	80050e4 <_printf_i+0xc4>
 80050dc:	065d      	lsls	r5, r3, #25
 80050de:	d5fb      	bpl.n	80050d8 <_printf_i+0xb8>
 80050e0:	f9b1 5000 	ldrsh.w	r5, [r1]
 80050e4:	2d00      	cmp	r5, #0
 80050e6:	6861      	ldr	r1, [r4, #4]
 80050e8:	da78      	bge.n	80051dc <_printf_i+0x1bc>
 80050ea:	202d      	movs	r0, #45	@ 0x2d
 80050ec:	2900      	cmp	r1, #0
 80050ee:	f884 0043 	strb.w	r0, [r4, #67]	@ 0x43
 80050f2:	60a1      	str	r1, [r4, #8]
 80050f4:	da2d      	bge.n	8005152 <_printf_i+0x132>
 80050f6:	230a      	movs	r3, #10
 80050f8:	485d      	ldr	r0, [pc, #372]	@ (8005270 <_printf_i+0x250>)
 80050fa:	426d      	negs	r5, r5
 80050fc:	4616      	mov	r6, r2
 80050fe:	fbb5 f1f3 	udiv	r1, r5, r3
 8005102:	fb03 5711 	mls	r7, r3, r1, r5
 8005106:	5dc7      	ldrb	r7, [r0, r7]
 8005108:	f806 7d01 	strb.w	r7, [r6, #-1]!
 800510c:	462f      	mov	r7, r5
 800510e:	42bb      	cmp	r3, r7
 8005110:	460d      	mov	r5, r1
 8005112:	d9f4      	bls.n	80050fe <_printf_i+0xde>
 8005114:	2b08      	cmp	r3, #8
 8005116:	d10b      	bne.n	8005130 <_printf_i+0x110>
 8005118:	6823      	ldr	r3, [r4, #0]
 800511a:	07df      	lsls	r7, r3, #31
 800511c:	d508      	bpl.n	8005130 <_printf_i+0x110>
 800511e:	6923      	ldr	r3, [r4, #16]
 8005120:	6861      	ldr	r1, [r4, #4]
 8005122:	4299      	cmp	r1, r3
 8005124:	bfde      	ittt	le
 8005126:	2330      	movle	r3, #48	@ 0x30
 8005128:	f806 3c01 	strble.w	r3, [r6, #-1]
 800512c:	f106 36ff 	addle.w	r6, r6, #4294967295
 8005130:	1b92      	subs	r2, r2, r6
 8005132:	6122      	str	r2, [r4, #16]
 8005134:	464b      	mov	r3, r9
 8005136:	4621      	mov	r1, r4
 8005138:	4640      	mov	r0, r8
 800513a:	f8cd a000 	str.w	sl, [sp]
 800513e:	aa03      	add	r2, sp, #12
 8005140:	f7ff fefc 	bl	8004f3c <_printf_common>
 8005144:	3001      	adds	r0, #1
 8005146:	d16f      	bne.n	8005228 <_printf_i+0x208>
 8005148:	f04f 30ff 	mov.w	r0, #4294967295
 800514c:	b004      	add	sp, #16
 800514e:	e8bd 87f0 	ldmia.w	sp!, {r4, r5, r6, r7, r8, r9, sl, pc}
 8005152:	f023 0304 	bic.w	r3, r3, #4
 8005156:	6023      	str	r3, [r4, #0]
 8005158:	e7cd      	b.n	80050f6 <_printf_i+0xd6>
 800515a:	6821      	ldr	r1, [r4, #0]
 800515c:	6833      	ldr	r3, [r6, #0]
 800515e:	0608      	lsls	r0, r1, #24
 8005160:	f853 5b04 	ldr.w	r5, [r3], #4
 8005164:	d402      	bmi.n	800516c <_printf_i+0x14c>
 8005166:	0649      	lsls	r1, r1, #25
 8005168:	bf48      	it	mi
 800516a:	b2ad      	uxthmi	r5, r5
 800516c:	2f6f      	cmp	r7, #111	@ 0x6f
 800516e:	6033      	str	r3, [r6, #0]
 8005170:	bf14      	ite	ne
 8005172:	230a      	movne	r3, #10
 8005174:	2308      	moveq	r3, #8
 8005176:	483e      	ldr	r0, [pc, #248]	@ (8005270 <_printf_i+0x250>)
 8005178:	2100      	movs	r1, #0
 800517a:	f884 1043 	strb.w	r1, [r4, #67]	@ 0x43
 800517e:	6866      	ldr	r6, [r4, #4]
 8005180:	2e00      	cmp	r6, #0
 8005182:	60a6      	str	r6, [r4, #8]
 8005184:	dbba      	blt.n	80050fc <_printf_i+0xdc>
 8005186:	6821      	ldr	r1, [r4, #0]
 8005188:	f021 0104 	bic.w	r1, r1, #4
 800518c:	6021      	str	r1, [r4, #0]
 800518e:	2d00      	cmp	r5, #0
 8005190:	d1b4      	bne.n	80050fc <_printf_i+0xdc>
 8005192:	2e00      	cmp	r6, #0
 8005194:	d1b2      	bne.n	80050fc <_printf_i+0xdc>
 8005196:	4616      	mov	r6, r2
 8005198:	e7bc      	b.n	8005114 <_printf_i+0xf4>
 800519a:	6823      	ldr	r3, [r4, #0]
 800519c:	f043 0320 	orr.w	r3, r3, #32
 80051a0:	6023      	str	r3, [r4, #0]
 80051a2:	2778      	movs	r7, #120	@ 0x78
 80051a4:	4833      	ldr	r0, [pc, #204]	@ (8005274 <_printf_i+0x254>)
 80051a6:	f884 7045 	strb.w	r7, [r4, #69]	@ 0x45
 80051aa:	6823      	ldr	r3, [r4, #0]
 80051ac:	6831      	ldr	r1, [r6, #0]
 80051ae:	061f      	lsls	r7, r3, #24
 80051b0:	f851 5b04 	ldr.w	r5, [r1], #4
 80051b4:	d402      	bmi.n	80051bc <_printf_i+0x19c>
 80051b6:	065f      	lsls	r7, r3, #25
 80051b8:	bf48      	it	mi
 80051ba:	b2ad      	uxthmi	r5, r5
 80051bc:	6031      	str	r1, [r6, #0]
 80051be:	07d9      	lsls	r1, r3, #31
 80051c0:	bf44      	itt	mi
 80051c2:	f043 0320 	orrmi.w	r3, r3, #32
 80051c6:	6023      	strmi	r3, [r4, #0]
 80051c8:	b11d      	cbz	r5, 80051d2 <_printf_i+0x1b2>
 80051ca:	2310      	movs	r3, #16
 80051cc:	e7d4      	b.n	8005178 <_printf_i+0x158>
 80051ce:	4828      	ldr	r0, [pc, #160]	@ (8005270 <_printf_i+0x250>)
 80051d0:	e7e9      	b.n	80051a6 <_printf_i+0x186>
 80051d2:	6823      	ldr	r3, [r4, #0]
 80051d4:	f023 0320 	bic.w	r3, r3, #32
 80051d8:	6023      	str	r3, [r4, #0]
 80051da:	e7f6      	b.n	80051ca <_printf_i+0x1aa>
 80051dc:	230a      	movs	r3, #10
 80051de:	4824      	ldr	r0, [pc, #144]	@ (8005270 <_printf_i+0x250>)
 80051e0:	e7cd      	b.n	800517e <_printf_i+0x15e>
 80051e2:	6833      	ldr	r3, [r6, #0]
 80051e4:	6825      	ldr	r5, [r4, #0]
 80051e6:	1d18      	adds	r0, r3, #4
 80051e8:	6961      	ldr	r1, [r4, #20]
 80051ea:	6030      	str	r0, [r6, #0]
 80051ec:	062e      	lsls	r6, r5, #24
 80051ee:	681b      	ldr	r3, [r3, #0]
 80051f0:	d501      	bpl.n	80051f6 <_printf_i+0x1d6>
 80051f2:	6019      	str	r1, [r3, #0]
 80051f4:	e002      	b.n	80051fc <_printf_i+0x1dc>
 80051f6:	0668      	lsls	r0, r5, #25
 80051f8:	d5fb      	bpl.n	80051f2 <_printf_i+0x1d2>
 80051fa:	8019      	strh	r1, [r3, #0]
 80051fc:	2300      	movs	r3, #0
 80051fe:	4616      	mov	r6, r2
 8005200:	6123      	str	r3, [r4, #16]
 8005202:	e797      	b.n	8005134 <_printf_i+0x114>
 8005204:	6833      	ldr	r3, [r6, #0]
 8005206:	2100      	movs	r1, #0
 8005208:	1d1a      	adds	r2, r3, #4
 800520a:	6032      	str	r2, [r6, #0]
 800520c:	681e      	ldr	r6, [r3, #0]
 800520e:	6862      	ldr	r2, [r4, #4]
 8005210:	4630      	mov	r0, r6
 8005212:	f000 f909 	bl	8005428 <memchr>
 8005216:	b108      	cbz	r0, 800521c <_printf_i+0x1fc>
 8005218:	1b80      	subs	r0, r0, r6
 800521a:	6060      	str	r0, [r4, #4]
 800521c:	6863      	ldr	r3, [r4, #4]
 800521e:	6123      	str	r3, [r4, #16]
 8005220:	2300      	movs	r3, #0
 8005222:	f884 3043 	strb.w	r3, [r4, #67]	@ 0x43
 8005226:	e785      	b.n	8005134 <_printf_i+0x114>
 8005228:	4632      	mov	r2, r6
 800522a:	4649      	mov	r1, r9
 800522c:	4640      	mov	r0, r8
 800522e:	6923      	ldr	r3, [r4, #16]
 8005230:	47d0      	blx	sl
 8005232:	3001      	adds	r0, #1
 8005234:	d088      	beq.n	8005148 <_printf_i+0x128>
 8005236:	6823      	ldr	r3, [r4, #0]
 8005238:	079b      	lsls	r3, r3, #30
 800523a:	d414      	bmi.n	8005266 <_printf_i+0x246>
 800523c:	68e0      	ldr	r0, [r4, #12]
 800523e:	9b03      	ldr	r3, [sp, #12]
 8005240:	4298      	cmp	r0, r3
 8005242:	bfb8      	it	lt
 8005244:	4618      	movlt	r0, r3
 8005246:	e781      	b.n	800514c <_printf_i+0x12c>
 8005248:	2301      	movs	r3, #1
 800524a:	4632      	mov	r2, r6
 800524c:	4649      	mov	r1, r9
 800524e:	4640      	mov	r0, r8
 8005250:	47d0      	blx	sl
 8005252:	3001      	adds	r0, #1
 8005254:	f43f af78 	beq.w	8005148 <_printf_i+0x128>
 8005258:	3501      	adds	r5, #1
 800525a:	68e3      	ldr	r3, [r4, #12]
 800525c:	9903      	ldr	r1, [sp, #12]
 800525e:	1a5b      	subs	r3, r3, r1
 8005260:	42ab      	cmp	r3, r5
 8005262:	dcf1      	bgt.n	8005248 <_printf_i+0x228>
 8005264:	e7ea      	b.n	800523c <_printf_i+0x21c>
 8005266:	2500      	movs	r5, #0
 8005268:	f104 0619 	add.w	r6, r4, #25
 800526c:	e7f5      	b.n	800525a <_printf_i+0x23a>
 800526e:	bf00      	nop
 8005270:	08005811 	.word	0x08005811
 8005274:	08005822 	.word	0x08005822

08005278 <__swbuf_r>:
 8005278:	b5f8      	push	{r3, r4, r5, r6, r7, lr}
 800527a:	460e      	mov	r6, r1
 800527c:	4614      	mov	r4, r2
 800527e:	4605      	mov	r5, r0
 8005280:	b118      	cbz	r0, 800528a <__swbuf_r+0x12>
 8005282:	6a03      	ldr	r3, [r0, #32]
 8005284:	b90b      	cbnz	r3, 800528a <__swbuf_r+0x12>
 8005286:	f7ff fa3d 	bl	8004704 <__sinit>
 800528a:	69a3      	ldr	r3, [r4, #24]
 800528c:	60a3      	str	r3, [r4, #8]
 800528e:	89a3      	ldrh	r3, [r4, #12]
 8005290:	071a      	lsls	r2, r3, #28
 8005292:	d501      	bpl.n	8005298 <__swbuf_r+0x20>
 8005294:	6923      	ldr	r3, [r4, #16]
 8005296:	b943      	cbnz	r3, 80052aa <__swbuf_r+0x32>
 8005298:	4621      	mov	r1, r4
 800529a:	4628      	mov	r0, r5
 800529c:	f000 f82a 	bl	80052f4 <__swsetup_r>
 80052a0:	b118      	cbz	r0, 80052aa <__swbuf_r+0x32>
 80052a2:	f04f 37ff 	mov.w	r7, #4294967295
 80052a6:	4638      	mov	r0, r7
 80052a8:	bdf8      	pop	{r3, r4, r5, r6, r7, pc}
 80052aa:	6823      	ldr	r3, [r4, #0]
 80052ac:	6922      	ldr	r2, [r4, #16]
 80052ae:	b2f6      	uxtb	r6, r6
 80052b0:	1a98      	subs	r0, r3, r2
 80052b2:	6963      	ldr	r3, [r4, #20]
 80052b4:	4637      	mov	r7, r6
 80052b6:	4283      	cmp	r3, r0
 80052b8:	dc05      	bgt.n	80052c6 <__swbuf_r+0x4e>
 80052ba:	4621      	mov	r1, r4
 80052bc:	4628      	mov	r0, r5
 80052be:	f7ff fcad 	bl	8004c1c <_fflush_r>
 80052c2:	2800      	cmp	r0, #0
 80052c4:	d1ed      	bne.n	80052a2 <__swbuf_r+0x2a>
 80052c6:	68a3      	ldr	r3, [r4, #8]
 80052c8:	3b01      	subs	r3, #1
 80052ca:	60a3      	str	r3, [r4, #8]
 80052cc:	6823      	ldr	r3, [r4, #0]
 80052ce:	1c5a      	adds	r2, r3, #1
 80052d0:	6022      	str	r2, [r4, #0]
 80052d2:	701e      	strb	r6, [r3, #0]
 80052d4:	6962      	ldr	r2, [r4, #20]
 80052d6:	1c43      	adds	r3, r0, #1
 80052d8:	429a      	cmp	r2, r3
 80052da:	d004      	beq.n	80052e6 <__swbuf_r+0x6e>
 80052dc:	89a3      	ldrh	r3, [r4, #12]
 80052de:	07db      	lsls	r3, r3, #31
 80052e0:	d5e1      	bpl.n	80052a6 <__swbuf_r+0x2e>
 80052e2:	2e0a      	cmp	r6, #10
 80052e4:	d1df      	bne.n	80052a6 <__swbuf_r+0x2e>
 80052e6:	4621      	mov	r1, r4
 80052e8:	4628      	mov	r0, r5
 80052ea:	f7ff fc97 	bl	8004c1c <_fflush_r>
 80052ee:	2800      	cmp	r0, #0
 80052f0:	d0d9      	beq.n	80052a6 <__swbuf_r+0x2e>
 80052f2:	e7d6      	b.n	80052a2 <__swbuf_r+0x2a>

080052f4 <__swsetup_r>:
 80052f4:	b538      	push	{r3, r4, r5, lr}
 80052f6:	4b29      	ldr	r3, [pc, #164]	@ (800539c <__swsetup_r+0xa8>)
 80052f8:	4605      	mov	r5, r0
 80052fa:	6818      	ldr	r0, [r3, #0]
 80052fc:	460c      	mov	r4, r1
 80052fe:	b118      	cbz	r0, 8005308 <__swsetup_r+0x14>
 8005300:	6a03      	ldr	r3, [r0, #32]
 8005302:	b90b      	cbnz	r3, 8005308 <__swsetup_r+0x14>
 8005304:	f7ff f9fe 	bl	8004704 <__sinit>
 8005308:	f9b4 300c 	ldrsh.w	r3, [r4, #12]
 800530c:	0719      	lsls	r1, r3, #28
 800530e:	d422      	bmi.n	8005356 <__swsetup_r+0x62>
 8005310:	06da      	lsls	r2, r3, #27
 8005312:	d407      	bmi.n	8005324 <__swsetup_r+0x30>
 8005314:	2209      	movs	r2, #9
 8005316:	602a      	str	r2, [r5, #0]
 8005318:	f043 0340 	orr.w	r3, r3, #64	@ 0x40
 800531c:	f04f 30ff 	mov.w	r0, #4294967295
 8005320:	81a3      	strh	r3, [r4, #12]
 8005322:	e033      	b.n	800538c <__swsetup_r+0x98>
 8005324:	0758      	lsls	r0, r3, #29
 8005326:	d512      	bpl.n	800534e <__swsetup_r+0x5a>
 8005328:	6b61      	ldr	r1, [r4, #52]	@ 0x34
 800532a:	b141      	cbz	r1, 800533e <__swsetup_r+0x4a>
 800532c:	f104 0344 	add.w	r3, r4, #68	@ 0x44
 8005330:	4299      	cmp	r1, r3
 8005332:	d002      	beq.n	800533a <__swsetup_r+0x46>
 8005334:	4628      	mov	r0, r5
 8005336:	f7ff faf3 	bl	8004920 <_free_r>
 800533a:	2300      	movs	r3, #0
 800533c:	6363      	str	r3, [r4, #52]	@ 0x34
 800533e:	89a3      	ldrh	r3, [r4, #12]
 8005340:	f023 0324 	bic.w	r3, r3, #36	@ 0x24
 8005344:	81a3      	strh	r3, [r4, #12]
 8005346:	2300      	movs	r3, #0
 8005348:	6063      	str	r3, [r4, #4]
 800534a:	6923      	ldr	r3, [r4, #16]
 800534c:	6023      	str	r3, [r4, #0]
 800534e:	89a3      	ldrh	r3, [r4, #12]
 8005350:	f043 0308 	orr.w	r3, r3, #8
 8005354:	81a3      	strh	r3, [r4, #12]
 8005356:	6923      	ldr	r3, [r4, #16]
 8005358:	b94b      	cbnz	r3, 800536e <__swsetup_r+0x7a>
 800535a:	89a3      	ldrh	r3, [r4, #12]
 800535c:	f403 7320 	and.w	r3, r3, #640	@ 0x280
 8005360:	f5b3 7f00 	cmp.w	r3, #512	@ 0x200
 8005364:	d003      	beq.n	800536e <__swsetup_r+0x7a>
 8005366:	4621      	mov	r1, r4
 8005368:	4628      	mov	r0, r5
 800536a:	f000 f890 	bl	800548e <__smakebuf_r>
 800536e:	f9b4 300c 	ldrsh.w	r3, [r4, #12]
 8005372:	f013 0201 	ands.w	r2, r3, #1
 8005376:	d00a      	beq.n	800538e <__swsetup_r+0x9a>
 8005378:	2200      	movs	r2, #0
 800537a:	60a2      	str	r2, [r4, #8]
 800537c:	6962      	ldr	r2, [r4, #20]
 800537e:	4252      	negs	r2, r2
 8005380:	61a2      	str	r2, [r4, #24]
 8005382:	6922      	ldr	r2, [r4, #16]
 8005384:	b942      	cbnz	r2, 8005398 <__swsetup_r+0xa4>
 8005386:	f013 0080 	ands.w	r0, r3, #128	@ 0x80
 800538a:	d1c5      	bne.n	8005318 <__swsetup_r+0x24>
 800538c:	bd38      	pop	{r3, r4, r5, pc}
 800538e:	0799      	lsls	r1, r3, #30
 8005390:	bf58      	it	pl
 8005392:	6962      	ldrpl	r2, [r4, #20]
 8005394:	60a2      	str	r2, [r4, #8]
 8005396:	e7f4      	b.n	8005382 <__swsetup_r+0x8e>
 8005398:	2000      	movs	r0, #0
 800539a:	e7f7      	b.n	800538c <__swsetup_r+0x98>
 800539c:	20000020 	.word	0x20000020

080053a0 <_raise_r>:
 80053a0:	291f      	cmp	r1, #31
 80053a2:	b538      	push	{r3, r4, r5, lr}
 80053a4:	4605      	mov	r5, r0
 80053a6:	460c      	mov	r4, r1
 80053a8:	d904      	bls.n	80053b4 <_raise_r+0x14>
 80053aa:	2316      	movs	r3, #22
 80053ac:	6003      	str	r3, [r0, #0]
 80053ae:	f04f 30ff 	mov.w	r0, #4294967295
 80053b2:	bd38      	pop	{r3, r4, r5, pc}
 80053b4:	6bc2      	ldr	r2, [r0, #60]	@ 0x3c
 80053b6:	b112      	cbz	r2, 80053be <_raise_r+0x1e>
 80053b8:	f852 3021 	ldr.w	r3, [r2, r1, lsl #2]
 80053bc:	b94b      	cbnz	r3, 80053d2 <_raise_r+0x32>
 80053be:	4628      	mov	r0, r5
 80053c0:	f000 f830 	bl	8005424 <_getpid_r>
 80053c4:	4622      	mov	r2, r4
 80053c6:	4601      	mov	r1, r0
 80053c8:	4628      	mov	r0, r5
 80053ca:	e8bd 4038 	ldmia.w	sp!, {r3, r4, r5, lr}
 80053ce:	f000 b817 	b.w	8005400 <_kill_r>
 80053d2:	2b01      	cmp	r3, #1
 80053d4:	d00a      	beq.n	80053ec <_raise_r+0x4c>
 80053d6:	1c59      	adds	r1, r3, #1
 80053d8:	d103      	bne.n	80053e2 <_raise_r+0x42>
 80053da:	2316      	movs	r3, #22
 80053dc:	6003      	str	r3, [r0, #0]
 80053de:	2001      	movs	r0, #1
 80053e0:	e7e7      	b.n	80053b2 <_raise_r+0x12>
 80053e2:	2100      	movs	r1, #0
 80053e4:	4620      	mov	r0, r4
 80053e6:	f842 1024 	str.w	r1, [r2, r4, lsl #2]
 80053ea:	4798      	blx	r3
 80053ec:	2000      	movs	r0, #0
 80053ee:	e7e0      	b.n	80053b2 <_raise_r+0x12>

080053f0 <raise>:
 80053f0:	4b02      	ldr	r3, [pc, #8]	@ (80053fc <raise+0xc>)
 80053f2:	4601      	mov	r1, r0
 80053f4:	6818      	ldr	r0, [r3, #0]
 80053f6:	f7ff bfd3 	b.w	80053a0 <_raise_r>
 80053fa:	bf00      	nop
 80053fc:	20000020 	.word	0x20000020

08005400 <_kill_r>:
 8005400:	b538      	push	{r3, r4, r5, lr}
 8005402:	2300      	movs	r3, #0
 8005404:	4d06      	ldr	r5, [pc, #24]	@ (8005420 <_kill_r+0x20>)
 8005406:	4604      	mov	r4, r0
 8005408:	4608      	mov	r0, r1
 800540a:	4611      	mov	r1, r2
 800540c:	602b      	str	r3, [r5, #0]
 800540e:	f000 f8bd 	bl	800558c <_kill>
 8005412:	1c43      	adds	r3, r0, #1
 8005414:	d102      	bne.n	800541c <_kill_r+0x1c>
 8005416:	682b      	ldr	r3, [r5, #0]
 8005418:	b103      	cbz	r3, 800541c <_kill_r+0x1c>
 800541a:	6023      	str	r3, [r4, #0]
 800541c:	bd38      	pop	{r3, r4, r5, pc}
 800541e:	bf00      	nop
 8005420:	2000417c 	.word	0x2000417c

08005424 <_getpid_r>:
 8005424:	f000 b8a2 	b.w	800556c <_getpid>

08005428 <memchr>:
 8005428:	4603      	mov	r3, r0
 800542a:	b510      	push	{r4, lr}
 800542c:	b2c9      	uxtb	r1, r1
 800542e:	4402      	add	r2, r0
 8005430:	4293      	cmp	r3, r2
 8005432:	4618      	mov	r0, r3
 8005434:	d101      	bne.n	800543a <memchr+0x12>
 8005436:	2000      	movs	r0, #0
 8005438:	e003      	b.n	8005442 <memchr+0x1a>
 800543a:	7804      	ldrb	r4, [r0, #0]
 800543c:	3301      	adds	r3, #1
 800543e:	428c      	cmp	r4, r1
 8005440:	d1f6      	bne.n	8005430 <memchr+0x8>
 8005442:	bd10      	pop	{r4, pc}

08005444 <__swhatbuf_r>:
 8005444:	b570      	push	{r4, r5, r6, lr}
 8005446:	460c      	mov	r4, r1
 8005448:	f9b1 100e 	ldrsh.w	r1, [r1, #14]
 800544c:	4615      	mov	r5, r2
 800544e:	2900      	cmp	r1, #0
 8005450:	461e      	mov	r6, r3
 8005452:	b096      	sub	sp, #88	@ 0x58
 8005454:	da0c      	bge.n	8005470 <__swhatbuf_r+0x2c>
 8005456:	89a3      	ldrh	r3, [r4, #12]
 8005458:	2100      	movs	r1, #0
 800545a:	f013 0f80 	tst.w	r3, #128	@ 0x80
 800545e:	bf14      	ite	ne
 8005460:	2340      	movne	r3, #64	@ 0x40
 8005462:	f44f 6380 	moveq.w	r3, #1024	@ 0x400
 8005466:	2000      	movs	r0, #0
 8005468:	6031      	str	r1, [r6, #0]
 800546a:	602b      	str	r3, [r5, #0]
 800546c:	b016      	add	sp, #88	@ 0x58
 800546e:	bd70      	pop	{r4, r5, r6, pc}
 8005470:	466a      	mov	r2, sp
 8005472:	f000 f849 	bl	8005508 <_fstat_r>
 8005476:	2800      	cmp	r0, #0
 8005478:	dbed      	blt.n	8005456 <__swhatbuf_r+0x12>
 800547a:	9901      	ldr	r1, [sp, #4]
 800547c:	f401 4170 	and.w	r1, r1, #61440	@ 0xf000
 8005480:	f5a1 5300 	sub.w	r3, r1, #8192	@ 0x2000
 8005484:	4259      	negs	r1, r3
 8005486:	4159      	adcs	r1, r3
 8005488:	f44f 6380 	mov.w	r3, #1024	@ 0x400
 800548c:	e7eb      	b.n	8005466 <__swhatbuf_r+0x22>

0800548e <__smakebuf_r>:
 800548e:	898b      	ldrh	r3, [r1, #12]
 8005490:	b5f7      	push	{r0, r1, r2, r4, r5, r6, r7, lr}
 8005492:	079d      	lsls	r5, r3, #30
 8005494:	4606      	mov	r6, r0
 8005496:	460c      	mov	r4, r1
 8005498:	d507      	bpl.n	80054aa <__smakebuf_r+0x1c>
 800549a:	f104 0347 	add.w	r3, r4, #71	@ 0x47
 800549e:	6023      	str	r3, [r4, #0]
 80054a0:	6123      	str	r3, [r4, #16]
 80054a2:	2301      	movs	r3, #1
 80054a4:	6163      	str	r3, [r4, #20]
 80054a6:	b003      	add	sp, #12
 80054a8:	bdf0      	pop	{r4, r5, r6, r7, pc}
 80054aa:	466a      	mov	r2, sp
 80054ac:	ab01      	add	r3, sp, #4
 80054ae:	f7ff ffc9 	bl	8005444 <__swhatbuf_r>
 80054b2:	9f00      	ldr	r7, [sp, #0]
 80054b4:	4605      	mov	r5, r0
 80054b6:	4639      	mov	r1, r7
 80054b8:	4630      	mov	r0, r6
 80054ba:	f7ff faa3 	bl	8004a04 <_malloc_r>
 80054be:	b948      	cbnz	r0, 80054d4 <__smakebuf_r+0x46>
 80054c0:	f9b4 300c 	ldrsh.w	r3, [r4, #12]
 80054c4:	059a      	lsls	r2, r3, #22
 80054c6:	d4ee      	bmi.n	80054a6 <__smakebuf_r+0x18>
 80054c8:	f023 0303 	bic.w	r3, r3, #3
 80054cc:	f043 0302 	orr.w	r3, r3, #2
 80054d0:	81a3      	strh	r3, [r4, #12]
 80054d2:	e7e2      	b.n	800549a <__smakebuf_r+0xc>
 80054d4:	89a3      	ldrh	r3, [r4, #12]
 80054d6:	e9c4 0704 	strd	r0, r7, [r4, #16]
 80054da:	f043 0380 	orr.w	r3, r3, #128	@ 0x80
 80054de:	81a3      	strh	r3, [r4, #12]
 80054e0:	9b01      	ldr	r3, [sp, #4]
 80054e2:	6020      	str	r0, [r4, #0]
 80054e4:	b15b      	cbz	r3, 80054fe <__smakebuf_r+0x70>
 80054e6:	4630      	mov	r0, r6
 80054e8:	f9b4 100e 	ldrsh.w	r1, [r4, #14]
 80054ec:	f000 f81e 	bl	800552c <_isatty_r>
 80054f0:	b128      	cbz	r0, 80054fe <__smakebuf_r+0x70>
 80054f2:	89a3      	ldrh	r3, [r4, #12]
 80054f4:	f023 0303 	bic.w	r3, r3, #3
 80054f8:	f043 0301 	orr.w	r3, r3, #1
 80054fc:	81a3      	strh	r3, [r4, #12]
 80054fe:	89a3      	ldrh	r3, [r4, #12]
 8005500:	431d      	orrs	r5, r3
 8005502:	81a5      	strh	r5, [r4, #12]
 8005504:	e7cf      	b.n	80054a6 <__smakebuf_r+0x18>
	...

08005508 <_fstat_r>:
 8005508:	b538      	push	{r3, r4, r5, lr}
 800550a:	2300      	movs	r3, #0
 800550c:	4d06      	ldr	r5, [pc, #24]	@ (8005528 <_fstat_r+0x20>)
 800550e:	4604      	mov	r4, r0
 8005510:	4608      	mov	r0, r1
 8005512:	4611      	mov	r1, r2
 8005514:	602b      	str	r3, [r5, #0]
 8005516:	f000 f821 	bl	800555c <_fstat>
 800551a:	1c43      	adds	r3, r0, #1
 800551c:	d102      	bne.n	8005524 <_fstat_r+0x1c>
 800551e:	682b      	ldr	r3, [r5, #0]
 8005520:	b103      	cbz	r3, 8005524 <_fstat_r+0x1c>
 8005522:	6023      	str	r3, [r4, #0]
 8005524:	bd38      	pop	{r3, r4, r5, pc}
 8005526:	bf00      	nop
 8005528:	2000417c 	.word	0x2000417c

0800552c <_isatty_r>:
 800552c:	b538      	push	{r3, r4, r5, lr}
 800552e:	2300      	movs	r3, #0
 8005530:	4d05      	ldr	r5, [pc, #20]	@ (8005548 <_isatty_r+0x1c>)
 8005532:	4604      	mov	r4, r0
 8005534:	4608      	mov	r0, r1
 8005536:	602b      	str	r3, [r5, #0]
 8005538:	f000 f820 	bl	800557c <_isatty>
 800553c:	1c43      	adds	r3, r0, #1
 800553e:	d102      	bne.n	8005546 <_isatty_r+0x1a>
 8005540:	682b      	ldr	r3, [r5, #0]
 8005542:	b103      	cbz	r3, 8005546 <_isatty_r+0x1a>
 8005544:	6023      	str	r3, [r4, #0]
 8005546:	bd38      	pop	{r3, r4, r5, pc}
 8005548:	2000417c 	.word	0x2000417c

0800554c <_close>:
 800554c:	2258      	movs	r2, #88	@ 0x58
 800554e:	4b02      	ldr	r3, [pc, #8]	@ (8005558 <_close+0xc>)
 8005550:	f04f 30ff 	mov.w	r0, #4294967295
 8005554:	601a      	str	r2, [r3, #0]
 8005556:	4770      	bx	lr
 8005558:	2000417c 	.word	0x2000417c

0800555c <_fstat>:
 800555c:	2258      	movs	r2, #88	@ 0x58
 800555e:	4b02      	ldr	r3, [pc, #8]	@ (8005568 <_fstat+0xc>)
 8005560:	f04f 30ff 	mov.w	r0, #4294967295
 8005564:	601a      	str	r2, [r3, #0]
 8005566:	4770      	bx	lr
 8005568:	2000417c 	.word	0x2000417c

0800556c <_getpid>:
 800556c:	2258      	movs	r2, #88	@ 0x58
 800556e:	4b02      	ldr	r3, [pc, #8]	@ (8005578 <_getpid+0xc>)
 8005570:	f04f 30ff 	mov.w	r0, #4294967295
 8005574:	601a      	str	r2, [r3, #0]
 8005576:	4770      	bx	lr
 8005578:	2000417c 	.word	0x2000417c

0800557c <_isatty>:
 800557c:	2258      	movs	r2, #88	@ 0x58
 800557e:	4b02      	ldr	r3, [pc, #8]	@ (8005588 <_isatty+0xc>)
 8005580:	2000      	movs	r0, #0
 8005582:	601a      	str	r2, [r3, #0]
 8005584:	4770      	bx	lr
 8005586:	bf00      	nop
 8005588:	2000417c 	.word	0x2000417c

0800558c <_kill>:
 800558c:	2258      	movs	r2, #88	@ 0x58
 800558e:	4b02      	ldr	r3, [pc, #8]	@ (8005598 <_kill+0xc>)
 8005590:	f04f 30ff 	mov.w	r0, #4294967295
 8005594:	601a      	str	r2, [r3, #0]
 8005596:	4770      	bx	lr
 8005598:	2000417c 	.word	0x2000417c

0800559c <_lseek>:
 800559c:	2258      	movs	r2, #88	@ 0x58
 800559e:	4b02      	ldr	r3, [pc, #8]	@ (80055a8 <_lseek+0xc>)
 80055a0:	f04f 30ff 	mov.w	r0, #4294967295
 80055a4:	601a      	str	r2, [r3, #0]
 80055a6:	4770      	bx	lr
 80055a8:	2000417c 	.word	0x2000417c

080055ac <_read>:
 80055ac:	2258      	movs	r2, #88	@ 0x58
 80055ae:	4b02      	ldr	r3, [pc, #8]	@ (80055b8 <_read+0xc>)
 80055b0:	f04f 30ff 	mov.w	r0, #4294967295
 80055b4:	601a      	str	r2, [r3, #0]
 80055b6:	4770      	bx	lr
 80055b8:	2000417c 	.word	0x2000417c

080055bc <_sbrk>:
 80055bc:	4a04      	ldr	r2, [pc, #16]	@ (80055d0 <_sbrk+0x14>)
 80055be:	4905      	ldr	r1, [pc, #20]	@ (80055d4 <_sbrk+0x18>)
 80055c0:	6813      	ldr	r3, [r2, #0]
 80055c2:	2b00      	cmp	r3, #0
 80055c4:	bf08      	it	eq
 80055c6:	460b      	moveq	r3, r1
 80055c8:	4418      	add	r0, r3
 80055ca:	6010      	str	r0, [r2, #0]
 80055cc:	4618      	mov	r0, r3
 80055ce:	4770      	bx	lr
 80055d0:	2000418c 	.word	0x2000418c
 80055d4:	20004190 	.word	0x20004190

080055d8 <_write>:
 80055d8:	2258      	movs	r2, #88	@ 0x58
 80055da:	4b02      	ldr	r3, [pc, #8]	@ (80055e4 <_write+0xc>)
 80055dc:	f04f 30ff 	mov.w	r0, #4294967295
 80055e0:	601a      	str	r2, [r3, #0]
 80055e2:	4770      	bx	lr
 80055e4:	2000417c 	.word	0x2000417c

080055e8 <_exit>:
 80055e8:	e7fe      	b.n	80055e8 <_exit>
 80055ea:	bf00      	nop

080055ec <_init>:
 80055ec:	b5f8      	push	{r3, r4, r5, r6, r7, lr}
 80055ee:	bf00      	nop
 80055f0:	bcf8      	pop	{r3, r4, r5, r6, r7}
 80055f2:	bc08      	pop	{r3}
 80055f4:	469e      	mov	lr, r3
 80055f6:	4770      	bx	lr

080055f8 <_fini>:
 80055f8:	b5f8      	push	{r3, r4, r5, r6, r7, lr}
 80055fa:	bf00      	nop
 80055fc:	bcf8      	pop	{r3, r4, r5, r6, r7}
 80055fe:	bc08      	pop	{r3}
 8005600:	469e      	mov	lr, r3
 8005602:	4770      	bx	lr
